time,p_u,p_l,t_u,t_l,rh_u,rh_u_wrt_ice_or_water,qh_u,rh_l,rh_l_wrt_ice_or_water,qh_l,wspd_u,wspd_l,wdir_u,wdir_l,wspd_x_u,wspd_y_u,wspd_x_l,wspd_y_l,dsr,dsr_cor,usr,usr_cor,albedo,dlr,ulr,cc,t_surf,dlhf_u,dlhf_l,dshf_u,dshf_l,z_boom_u,z_boom_cor_u,z_boom_l,z_boom_cor_l,z_stake,z_stake_cor,z_surf_combined,snow_height,rainfall_u,rainfall_cor_u,rainfall_l,rainfall_cor_l,t_i_1,t_i_2,t_i_3,t_i_4,t_i_5,t_i_6,t_i_7,t_i_8,t_i_9,t_i_10,t_i_11,d_t_i_1,d_t_i_2,d_t_i_3,d_t_i_4,d_t_i_5,d_t_i_6,d_t_i_7,d_t_i_8,d_t_i_9,d_t_i_10,d_t_i_11,t_i_10m,tilt_x,tilt_y,rot,gps_lat,gps_lon,gps_alt,lat,lon,alt,batt_v,t_rad,t_i,rh_i_wrt_ice_or_water,wdir_i,wspd_y_i
2009-04-01,795.4208,,-16.9396,,76.3513,86.647,1.129,,,,6.3889,,137.8036,,3.8191,-4.2124,,,234.6517,237.9307,201.1511,201.4941,0.8273,198.5718,239.3791,0.5006,-18.2612,-2.5509,,21.5758,,2.6653,2.5803,,,1.7992,1.7415,0.2783,0.2783,,,,,-14.005,-13.972,-18.1619,-16.6036,-14.745,-12.7717,-11.4943,-9.4081,,,,,0.5993,0.4212,1.4212,2.4212,3.4212,4.4212,7.418,7.5079,8.5079,9.5079,,2.5244,0.6198,,67.000164,-47.016925,1841.21,67.000161,-47.016888,1845.21,14.13,-15.9544,-16.9136,87.2428,142.6384,-4.2101
2009-05-01,798.2587,,-12.9472,,73.6321,80.7792,1.4707,,,,6.6168,,130.9646,,4.4619,-3.8739,,,339.0443,340.842,285.9547,285.9547,0.8271,197.7756,254.5425,0.32,-14.164,-8.3886,,23.1988,,2.5274,2.4657,,,1.7664,1.7236,0.3525,0.3525,,,,,-10.9688,-11.4211,-14.5035,-14.4574,-13.7497,-12.6798,-11.8211,-9.8794,,,,,0.6737,0.4937,1.4937,2.4937,3.4937,4.4937,7.4937,7.5822,8.5822,9.5822,,2.3535,0.6103,,67.000171,-47.01702,1843.66,67.000163,-47.016982,1845.14,14.18,-11.4148,-12.9557,83.495,136.5253,-3.8441
2009-06-01,809.6216,,-4.4569,,79.264,81.9981,2.7924,,,,5.8714,,151.4963,,2.2965,-4.2289,,,368.7835,368.9897,297.5217,297.522,0.8094,240.8025,291.4981,0.4463,-5.1851,-15.9404,,14.3762,,2.486,2.4653,,,1.8021,1.7871,0.3032,0.3032,,,,,-4.3583,-4.4881,-3.7095,-8.2126,-11.0433,-11.7681,-11.6269,-10.2355,,,,,0.6244,0.4444,1.4444,2.4444,3.4444,4.4444,7.4444,7.5328,8.5329,9.5329,,2.5688,-0.2849,,67.000169,-47.017113,1844.79,67.000166,-47.017082,1845.08,14.03,-2.4467,-4.4472,83.0479,159.9432,-4.2282
2009-07-01,812.3204,,-2.3948,,82.3773,84.0077,3.345,,,,4.7081,,136.2588,,2.8234,-2.9503,,,357.3877,358.1355,277.8773,277.8773,0.7747,248.2172,299.3057,0.4335,-3.4455,-10.4359,,14.7774,,2.4483,2.4375,,,1.8908,1.8822,0.2695,0.2695,,,,,-3.3468,-1.8782,-1.0696,-2.4397,-5.2279,-7.9644,-10.0642,-10.3272,,,,,0.5907,0.4107,1.4107,2.4108,3.4108,4.4108,7.4108,7.4992,8.4992,9.4992,,2.784,-0.5998,,67.00016,-47.017208,1845.78,67.000169,-47.017183,1845.01,13.92,-0.5233,-2.3955,84.5765,139.1601,-2.9337
2009-08-01,806.1207,,-6.1733,,81.8643,85.8324,2.5507,,,,5.4282,,134.6402,,3.4192,-3.3766,,,282.7556,282.5388,215.7534,215.7534,0.7607,221.4915,281.9876,0.2904,-7.2945,-6.2171,,18.7965,,2.4026,2.3752,,,2.0097,1.9867,0.2466,0.2466,,,,,-6.7321,-2.6491,-1.3573,-0.6712,-2.6521,-5.4251,-7.3532,-9.7963,,,,,0.5678,0.3878,1.3878,2.3879,3.3878,4.3879,7.3879,7.4763,8.4763,9.4763,,3.8227,-0.2949,,67.000171,-47.017307,1843.89,67.000171,-47.017285,1844.94,13.86,-4.9214,-6.176,86.9866,143.6338,-3.3621
2009-09-01,796.0433,,-12.3206,,84.2686,92.4333,1.7435,,,,5.6394,,152.9019,,1.8369,-3.5899,,,134.7045,134.3213,115.5206,115.5206,0.8502,235.1431,259.3236,0.7221,-13.1678,-1.0055,,14.4539,,2.3664,2.312,,,1.9361,1.8919,0.3271,0.3271,,,,,-8.9648,-5.9175,-5.2316,-4.5022,-4.9307,-5.8318,-6.6239,-8.9649,,,,,0.6483,0.4683,1.4683,2.4683,3.4683,4.4683,7.4683,7.5567,8.5567,9.5567,,4.1104,-0.2338,,67.000182,-47.017416,1842.83,67.000174,-47.017385,1844.87,13.67,-11.9377,-12.3189,92.9405,163.0607,-3.5977
2009-10-01,800.1523,,-17.9625,,82.0509,95.0372,1.0674,,,,6.8319,,140.1347,,3.8128,-4.5657,,,47.7557,46.2757,44.0148,44.0148,,205.4432,235.4348,0.6237,-19.3307,2.9342,,27.2599,,2.3327,2.2543,,,1.851,1.7888,0.4078,0.4078,,,,,-14.9332,-10.7771,-10.1395,-8.0037,-7.2451,-6.9016,-6.6934,-8.434,,,,,0.729,0.549,1.549,2.549,3.549,4.5491,7.5491,7.6375,8.6375,9.6375,,4.2222,-0.3808,,67.000187,-47.017511,1842.02,67.000177,-47.017486,1844.8,13.35,-18.122,-17.9483,94.9776,151.689,-4.5474
2009-11-01,791.7244,,-23.9596,,78.578,95.2964,0.6475,,,,7.4604,,134.2292,,4.9673,-4.8354,,,11.7138,11.1012,10.1046,10.1046,,188.8598,215.2852,0.6729,-25.007,3.7086,,33.8079,,2.2743,2.1717,,,1.7784,1.6981,0.5056,0.5056,,,,,-20.2476,-14.8698,-14.6577,-11.3549,-9.6063,-8.2884,-7.385,-8.2702,,,,,0.8268,0.6468,1.6468,2.6468,3.6468,4.6468,7.6468,7.7352,8.7352,9.7352,,4.1758,-0.4179,,67.000177,-47.017576,1833.67,67.000179,-47.017586,1844.73,13.12,-24.4971,-23.9473,95.5955,137.8559,-4.8402
2009-12-01,801.9007,,-20.497,,75.793,87.613,0.8863,,,,9.9185,,126.2697,,7.2151,-5.2941,,,1.059,0.9948,1.1672,1.1672,,190.3106,224.4847,0.5575,-22.4899,2.5045,,48.0579,,2.256,2.1688,,,1.7624,1.6942,0.5059,0.5059,,,,,-21.0887,-17.1715,-17.1784,-14.1435,-11.9728,-9.9365,-8.6022,-8.4139,,,,,0.8243,0.6443,1.6443,2.6443,3.6443,4.6443,7.6443,7.7327,8.7327,9.7327,,4.1758,-0.4179,,67.000181,-47.017727,1842.65,67.000182,-47.017687,1844.66,12.54,-21.0578,-20.5094,86.2276,131.1562,-5.2516
2010-01-01,794.6802,,-16.3719,,78.6627,89.7372,1.168,,,,8.93,,141.8037,,4.8716,-6.1916,,,3.8684,3.7268,3.6892,3.6952,,211.0187,239.9704,0.6138,-18.0792,3.1515,,40.4642,,2.2282,2.1598,,,1.7208,1.668,0.5236,0.5236,,,,,-17.7591,-15.8915,-15.4967,-14.28,-12.8581,-11.0518,-9.6562,-8.8014,,,,,0.852,0.672,1.672,2.672,3.672,4.672,7.672,7.7604,8.7604,9.7604,,4.1758,-0.4179,,67.000208,-47.017842,1842.88,67.000185,-47.017789,1844.6,12.55,-16.9346,-16.3567,89.2351,147.1465,-6.1634
2010-02-01,804.1345,,-18.0194,,80.235,92.1526,1.0654,,,,8.396,,136.6153,,5.243,-5.5473,,,32.7691,32.6274,28.8198,28.8198,,204.1629,234.9614,0.6066,-19.4615,2.6925,,32.9035,,2.1587,2.0862,,,1.6114,1.5574,0.6062,0.6062,,,,,-15.9195,-13.9041,-13.8083,-13.3888,-12.7351,-11.4629,-10.24,-9.2434,,,,,0.9281,0.7481,1.7481,2.7481,3.7481,4.7481,7.7481,7.8366,8.8366,9.8366,,4.1758,-0.4179,,67.000172,-47.017934,1838.12,67.000187,-47.017886,1844.53,13.19,-18.3915,-18.0052,91.6282,145.4511,-5.5448
2010-03-01,798.0677,,-20.7649,,74.0013,86.5794,0.812,,,,8.0979,,141.1368,,4.8199,-5.9812,,,122.223,121.7152,100.1679,100.1679,,179.0913,223.2349,0.423,-22.641,1.0219,,42.6583,,2.0826,2.001,,,1.5611,1.5001,0.6775,0.6775,,,,,-18.7491,-16.1816,-16.1455,-14.4754,-13.209,-11.7867,-10.5859,-9.6276,,,,,0.9987,0.8187,1.8187,2.8187,3.8187,4.8187,7.8187,7.9071,8.9071,9.9071,,4.1758,-0.4179,,67.000207,-47.017996,1840.33,67.00019,-47.017983,1844.46,14.0,-20.762,-20.7538,87.0442,143.947,-5.9801
2010-04-01,803.626,,-16.5841,,77.0813,88.0302,1.1115,,,,5.8807,,146.4734,,2.6228,-3.9586,,,235.6983,236.0995,198.0597,198.0597,0.8184,197.4399,240.6165,0.4708,-17.799,-1.711,,20.6803,,1.9747,1.9131,,,1.4826,1.4362,0.7668,0.7668,,,,,-16.6161,-15.0611,-15.1844,-14.5255,-13.5801,-12.248,-11.0374,-9.9706,,,,,1.0881,0.9082,1.9081,2.9082,3.9082,4.9082,7.9082,7.9966,8.9966,9.9966,,4.1758,-0.4179,,67.0002,-47.018135,1842.86,67.000193,-47.018084,1844.39,13.98,-15.6387,-16.5809,88.9847,148.4042,-3.8778
2010-05-01,810.5245,,-6.1922,,80.1394,83.1372,2.6178,,,,6.3228,,150.1479,,2.5656,-4.4704,,,344.2763,343.629,276.3075,276.3075,0.7973,227.7535,283.2066,0.3764,-7.2107,-13.5294,,19.4808,,1.8335,1.8123,,,1.4503,1.4335,0.8065,0.8065,,,,,-9.2141,-9.4886,-10.4083,-12.2602,-12.7163,-12.1798,-11.2646,-10.2931,,,,,1.1277,0.9477,1.9477,2.9477,3.9477,4.9477,7.9477,8.0362,9.0362,10.0362,,4.1318,-0.4173,,67.000201,-47.018196,1843.79,67.000195,-47.018184,1844.33,14.0,-4.648,-6.1866,84.2815,153.3385,-4.4152
2010-06-01,807.7654,,-2.8537,,81.0884,82.9391,3.1791,,,,6.1405,,147.068,,2.8054,-4.3312,,,376.1485,376.38,294.6372,294.6372,0.7838,245.5592,298.3695,0.4317,-3.6147,-19.7401,,15.1466,,1.9073,1.8973,,,1.6748,1.6661,0.6477,0.6477,,,,,-1.3407,-1.4284,-2.9143,-7.288,-10.0971,-11.0873,-10.8662,-10.5097,,,,,0.9689,0.7889,1.7889,2.7889,3.7889,4.7889,7.7889,7.8774,8.8774,9.8774,,3.9964,-0.4613,,67.000198,,1843.21,67.000198,-47.018285,1844.26,13.97,-1.0247,-2.8523,83.7334,155.55,-4.3464
2010-07-01,806.7818,,-1.347,,85.1575,86.2811,3.7153,,,,4.234,,147.6876,,1.8619,-2.9438,,,354.2014,352.5846,265.1462,264.48,0.7521,260.5828,305.5047,0.5194,-2.1485,-10.6846,,11.1364,,2.1057,2.1007,,,1.862,1.8577,0.4502,0.4502,,,,,0.6096,,0.6667,-0.9768,-4.7275,-6.804,-8.8335,-10.4371,,,,,0.7714,0.5914,1.5914,2.5914,3.5914,4.5914,7.5914,7.6799,8.6799,9.6799,,3.6191,-1.0756,,67.000192,,1845.1,67.000201,-47.018385,1844.19,13.84,0.9303,-1.3497,86.8545,161.0829,-2.9398
2010-08-01,809.8104,,-1.144,,88.2224,89.2327,3.8587,,,,5.282,,154.978,,1.7752,-3.803,,,249.1531,246.966,190.5616,190.5616,0.7736,268.9853,305.8252,0.6053,-2.0018,-8.4883,,14.3557,,2.2598,2.255,,,1.8548,1.8508,0.3765,0.3765,,,,,0.5507,,,0.4082,-0.0196,-0.172,-3.2742,-9.346,,,,,0.6977,0.5177,1.5177,2.5177,3.5177,4.5177,7.5177,7.6062,8.6062,9.6062,,2.864,-1.8984,,67.000191,,1844.8,67.000203,-47.018487,1844.12,13.68,-0.0608,-1.1387,89.4215,159.4144,-3.7872
2010-09-01,802.443,,-7.093,,85.4794,90.3453,2.5153,,,,6.4658,,133.2838,,3.6399,-3.4281,,,132.8205,129.4756,109.4903,109.4903,0.829,245.0661,279.4222,0.6032,-8.0906,-2.5601,,20.3466,,2.1715,2.1435,,,1.4415,1.423,0.647,0.647,,,,,-1.1015,0.2278,-0.6389,-0.1078,0.0049,-0.3597,-2.2196,-7.6978,,,,,0.9682,0.7882,1.7882,2.7882,3.7882,4.7882,7.7882,7.8767,8.8767,9.8767,,1.7706,-1.5553,,67.000196,-47.018613,1844.22,67.000206,-47.018588,1844.05,13.58,-6.7101,,,,
2010-10-01,800.4007,,-13.2745,,82.0261,90.4427,1.5678,,,,7.4292,,132.3755,,5.0937,-4.6472,,,61.4622,57.756,50.684,50.684,,217.3022,252.9128,0.5476,-14.6467,,,,,2.2092,2.1505,,,1.4434,1.4049,0.6373,0.6373,,,,,-8.1281,-4.1997,-6.1462,-4.593,-2.8922,-2.082,-2.5239,-6.6734,,,,,0.9644,0.7844,1.7843,2.7844,3.7844,4.7844,7.7844,7.8728,8.8728,9.8728,,1.2293,-1.4273,,67.000208,-47.018694,1841.43,67.000209,-47.018688,1843.98,13.35,-13.4728,,,,
2010-11-01,,,,,,,,,,,,,,,,,,,,,,,,,,,,,,,,2.1934,2.1194,,,1.3455,1.2997,0.723,0.723,,,,,-13.7689,-10.1911,-12.2781,-10.5449,-7.8344,-5.21,-4.353,-6.2702,,,,,1.0442,0.8642,1.8642,2.8642,3.8642,4.8642,7.8642,7.9527,8.9527,9.9527,,,,,,,,67.000211,-47.018789,1843.92,,,,,,
2010-12-01,,,,,,,,,,,,,,,,,,,,,,,,,,,,,,,,1.8917,1.8391,,,1.0733,1.0435,0.9833,0.9833,,,,,-9.4611,-6.2424,-8.9879,-9.0652,-8.2987,-6.9105,-6.0492,-6.5176,,,,,1.3045,1.1245,2.1245,3.1245,4.1245,5.1245,8.1245,8.213,9.213,10.213,,,,,,,,67.000214,-47.018889,1843.85,,,,,,
2011-01-01,,,,,,,,,,,,,,,,,,,,,,,,,,,,,,,,1.8445,1.7698,,,1.0628,1.0199,1.0321,1.0321,,,,,-13.0439,-10.4123,-12.3194,-11.2979,-9.5647,-7.1568,-6.9235,-7.0166,,,,,1.353,1.173,2.173,3.173,4.173,5.173,8.173,8.2615,9.2615,10.2615,,,,,,,,67.000217,-47.018992,1843.78,,,,,,
2011-02-01,,,,,,,,,,,,,,,,,,,,,,,,,,,,,,,,1.6887,1.6149,,,0.8858,0.8468,1.1496,1.1496,,,,,-15.2268,-12.738,-14.1424,-13.2079,-11.3528,-8.5112,-7.9505,-7.4377,,,,,1.4639,1.2839,2.2839,3.2839,4.2839,5.2839,8.2839,8.3723,9.3723,10.3723,,,,,,,,67.000219,-47.019089,1843.71,,,,,,
2011-03-01,,,,,,,,,,,,,,,,,,,,,,,,,,,,,,,,1.5084,1.4267,,,0.7544,0.7135,1.3779,1.3779,,,,,-17.2824,-14.8359,-16.0806,-14.6114,-12.5862,-9.8185,-9.1133,-8.063,,,,,1.7024,1.5224,2.5224,3.5224,4.5224,5.5224,8.5224,8.6108,9.6108,10.6108,,,,,,,,67.000222,-47.019186,1843.65,,,,,,
2011-04-01,785.835,,,,71.8322,86.592,,,,,,,,,,,,,,,,,0.8174,,,,,,,,,1.3821,1.316,,,0.6914,0.6582,1.4418,1.4418,,,,,-16.6078,-14.4998,-15.8123,-14.942,-13.4451,-11.0117,-10.2799,-8.7924,,,,,1.7647,1.5847,2.5847,3.5847,4.5847,5.5847,8.5847,8.6731,9.6731,10.6731,,,,,,,,67.000225,-47.019287,1843.58,,,,,,
2011-05-01,805.172,,-13.9292,,76.3204,86.0048,1.3061,,,,5.3197,,145.0949,,2.479,-3.5529,,,345.059,341.433,281.4638,281.8937,0.8278,202.6463,253.336,0.4105,-14.3603,,,,,1.3787,1.3405,,,0.6525,0.6345,1.4336,1.4336,,,,,-13.7638,-12.1903,-13.5257,-13.7992,-13.2325,-11.4128,-10.8155,-9.3091,,,,,1.7548,1.5748,2.5748,3.5748,4.5748,5.5748,8.5748,8.6633,9.6633,10.6633,,1.2293,-1.4273,,,,,67.000227,-47.019387,1843.51,,-11.889,,,,
2011-06-01,814.3971,,-3.8485,,83.403,85.6145,3.0662,,,,4.4252,,150.9386,,1.7545,-3.1573,,,397.7091,396.744,312.8324,312.8324,0.7981,240.0745,295.6571,0.3993,-4.2755,,,,,1.4676,1.4572,,,0.7457,0.7405,1.3378,1.3378,,,,,-7.8605,-6.8898,-8.2666,-10.1982,-11.3361,-10.9516,-10.8351,-9.7351,,,,,1.659,1.479,2.479,3.479,4.4791,5.4791,8.479,8.5675,9.5675,10.5675,,1.2293,-1.4273,,,,,67.00023,-47.019488,1843.44,,-1.354,,,,
2011-07-01,808.4191,,-0.7803,,84.5625,85.3658,3.8247,,,,6.1805,,140.7743,,3.4766,-4.2588,,,346.2169,344.6482,262.2397,262.2397,0.7711,260.3537,306.7316,0.5011,-1.7971,,,,,1.7718,1.7694,,,1.0714,1.07,1.0178,1.0178,,,,,0.1845,-1.2425,-0.2495,-1.1147,-2.9426,-4.9467,-7.9545,-9.9043,,,,,1.3391,1.1591,2.1591,3.1591,4.1591,5.1591,8.1591,8.2475,9.2475,10.2475,,1.2293,-1.4273,,,,,67.000233,-47.019588,1843.37,,0.861,,,,
2011-08-01,810.4813,,-3.9191,,87.019,89.5205,3.1816,,,,4.3662,,147.7564,,1.8072,-2.8649,,,237.5862,234.0146,184.0291,183.6454,0.7891,253.8527,295.4294,0.5507,-4.3657,,,,,1.9239,1.9111,,,1.198,1.19,0.8803,0.8803,,,,,0.7654,,0.9087,0.3447,0.231,-1.2797,-4.1351,-8.9563,,,,,1.2016,1.0216,2.0216,3.0216,4.0216,5.0216,8.0216,8.11,9.11,10.11,,1.2293,-1.4273,,,,,67.000235,-47.01969,1843.3,,-2.3119,,,,
2011-09-01,796.8433,,-12.3457,,83.1192,91.1381,1.7197,,,,6.9762,,140.9434,,3.9334,-4.8475,,,144.8387,140.1199,117.1666,117.3489,,217.934,259.0869,0.5138,-13.1015,,,,,1.9238,1.8759,,,1.1956,1.1655,0.9098,0.9098,,,,,-2.6507,0.0911,-1.873,-1.236,-0.0299,-1.1068,-3.1168,-7.5868,,,,,1.2311,1.0511,2.0511,3.0511,4.0511,5.0511,8.0511,8.1395,9.1395,10.1395,,1.2293,-1.4273,,,,,67.000238,-47.019791,1843.24,,-11.9165,,,,
2011-10-01,796.8228,,,,81.5071,94.9722,,,,,,,,,,,,,,,,,,,,,,,,,,1.9465,1.8668,,,1.2202,1.1703,0.9145,0.9145,,,,,-9.2235,-3.0794,-7.5634,-6.5913,-4.4164,-3.2051,-3.7082,-6.8256,,,,,1.2378,1.0578,2.0578,3.0578,4.0578,5.0578,8.0578,8.1463,9.1463,10.1463,,1.2293,-1.4273,,,,,67.000241,-47.019891,1843.17,,,,,,
2011-11-01,,,,,,,,,,,,,,,,,,,,,,,,,,,,,,,,1.975,1.8789,,,1.2239,1.1644,0.9025,,,,,,-16.1492,-11.1173,-13.8583,-12.4565,-9.2758,-6.7914,-5.8927,-6.7068,,,,,1.2269,1.0469,2.0469,3.0469,4.0469,5.0469,8.0469,8.1353,9.1353,10.1353,,,,,,,,67.000243,-47.019992,1843.1,,,,,,
2011-12-01,,,,,,,,,,,,,,,,,,,,,,,,,,,,,,,,1.9668,1.8694,,,0.8549,0.8133,1.0489,1.0489,,,,,-18.7576,-14.7616,-16.9708,-15.6652,-12.4007,-9.5925,-8.1633,-7.177,,,,,1.3894,1.2094,2.2094,3.2094,4.2094,5.2094,8.2094,8.2979,9.2979,10.2979,,,,,,,,67.000246,-47.020092,1843.03,,,,,,
2012-01-01,,,,,74.0214,92.474,,,,,,,,,,,,,,,,,,,,,,,,,,1.8864,1.8039,,,1.1601,1.1093,0.9697,0.9697,,,,,-19.9921,-16.2006,-19.1077,-17.8955,-15.1712,-12.4051,-10.5884,-8.2342,,,,,1.3085,1.1285,2.1285,3.1285,4.1285,5.1285,8.1285,8.2169,9.2169,10.2169,,,,,,,,67.000249,-47.020194,1842.96,12.26,,,,,
2012-02-01,788.6014,,-24.4921,,80.4226,94.7678,0.7196,,,,7.7149,,135.313,,4.3343,-4.3819,,,31.8131,30.2838,30.6283,30.6283,,181.2855,212.8578,0.6284,-25.8849,3.0912,,31.6098,,1.8222,1.7381,,,1.082,1.0326,1.0256,1.0256,,,,,-18.3306,-14.5943,-17.7195,-17.0357,-15.261,-13.1735,-11.6522,-9.0276,,,,,1.3591,1.1791,2.1791,3.1791,4.1791,5.1791,8.1791,8.2675,9.2675,10.2675,,1.2293,-1.4273,,,,,67.000252,-47.020293,1842.9,12.6,-24.7842,-24.482,95.0636,139.8032,-4.4635
2012-03-01,789.1239,,-25.106,,81.4194,92.8144,0.8299,,,,7.0567,,136.3826,,3.7141,-3.8979,,,107.4702,105.5032,92.8102,92.8102,,185.1462,212.8973,0.6921,-26.2866,1.1624,,24.3928,,1.7527,1.6682,,,0.9843,0.9364,1.0994,1.0994,,,,,-20.7329,-17.6517,-19.8166,-18.7521,-16.3847,-14.0388,-12.5197,-9.8764,,,,,1.4094,1.2294,2.2294,3.2295,4.2295,5.2295,8.2295,8.3179,9.3179,10.3179,,1.2293,-1.4273,,,,,67.000254,-47.020392,1842.83,13.84,-24.8645,-25.1308,94.0401,154.0814,-3.8275
2012-04-01,801.6657,,-12.8388,,84.9103,92.2799,1.7554,,,,6.7886,,157.9651,,1.9783,-4.888,,,217.8637,215.3393,181.8572,181.8572,0.8484,224.5982,257.6639,0.6202,-13.6051,-2.378,,15.5946,,1.5808,1.5427,,,0.8609,0.8401,1.2094,1.2094,,,,,-14.9007,-12.266,-14.9953,-15.3621,-15.2165,-14.2304,-13.2449,-10.6353,,,,,1.5306,1.3506,2.3506,3.3506,4.3507,5.3507,8.3506,8.4391,9.4391,10.4391,,1.2293,-1.4273,,,,,67.000257,-47.020493,1842.76,13.88,-11.9797,-12.8373,91.9245,164.3748,-4.8758
2012-05-01,808.9638,,-8.6268,,78.895,83.7335,2.1324,,,,5.3801,,150.9709,,2.0457,-3.6862,,,342.7366,341.2234,268.2073,268.1377,0.7893,232.7613,275.2942,0.5245,-9.179,-16.0382,,9.7256,,1.3964,1.3742,,,0.7913,0.7787,1.341,1.341,,,,,-12.8971,-10.5827,-12.5567,-13.3941,-13.6947,-13.2069,-12.8135,-11.1507,,,,,1.662,1.482,2.482,3.482,4.482,5.482,8.482,8.5705,9.5705,10.5705,,1.8008,-1.2087,,,,,67.00026,-47.020593,1842.69,14.06,-6.6623,-8.6307,85.1048,161.1687,-3.6831
2012-06-01,814.7531,,-1.5032,,83.4215,84.5525,3.5742,,,,4.1675,,138.1391,,2.53,-2.8236,,,400.7939,400.7679,288.061,288.061,0.7236,251.2179,305.3294,0.4116,-2.3107,-14.0443,,10.754,,1.6894,1.685,,,1.1044,1.1016,1.0246,1.0246,,,,,-1.8282,-2.3321,-3.6161,-4.6261,-7.2629,-9.8838,-10.2124,-11.3014,,,,,1.3458,1.1658,2.1658,3.1658,4.1658,5.1658,8.1658,8.2543,9.2543,10.2543,,1.5671,-1.3399,,,,,67.000262,-47.020694,1842.62,13.9,1.2437,-1.5009,84.6999,143.4374,-2.8247
2012-07-01,809.0825,,-0.6321,,87.1157,87.906,3.9888,,,,4.6492,,143.7035,,2.4107,-3.2822,,,341.5217,341.0169,230.1436,230.1436,0.6824,266.2919,308.5685,0.5389,-1.5983,-5.3472,,15.9315,,2.1929,2.1901,,,1.5956,1.5937,0.5375,0.5375,,,,,0.7854,,,0.2784,-0.1121,-2.4736,-4.8972,-10.0176,,,,,0.8587,0.6787,1.6787,2.6787,3.6787,4.6787,7.6787,7.7672,8.7672,9.7672,,1.2484,-1.3693,,,,,67.000265,-47.020794,1842.55,13.77,1.5386,-0.6331,88.0886,150.752,-3.2502
2012-08-01,808.4722,,-3.3866,,88.5834,90.753,3.4014,,,,4.8838,,144.4228,,2.2686,-3.1714,,,218.546,218.4805,158.5224,158.5224,0.7118,262.3641,297.9281,0.6122,-3.8693,-6.1796,,9.2938,,2.5054,2.4898,,,2.0415,2.0284,0.13,0.13,,,,,0.7071,,0.5601,0.3351,-0.0747,-1.8787,-3.8153,-8.4968,,,,,0.4524,0.2892,1.2712,2.2712,3.2712,4.2712,7.2712,7.3596,8.3597,9.3597,,0.1979,-0.1143,,,,,67.000268,-47.020896,1842.49,13.65,-1.9257,-3.3867,91.651,158.7699,-3.1846
2012-09-01,800.9374,,-9.4694,,87.767,94.2604,2.1987,,,,6.348,,156.9458,,1.5698,-3.6886,,,123.6869,123.2004,104.7635,104.7635,0.8341,247.5122,272.205,0.7219,-9.944,-3.5022,,8.7074,,2.273,2.233,,,1.4686,1.4428,0.3415,0.3415,,,,,-2.27,,-1.5988,-1.6749,-1.4766,-2.0937,-2.9535,-6.9315,,,,,0.6627,0.4827,1.4827,2.4827,3.4827,4.4827,7.4827,7.5711,8.5711,9.5711,,0.0441,-0.3895,,,,,67.00027,-47.020997,1842.42,13.38,-8.9544,-9.4637,93.7018,171.3832,-3.697
2012-10-01,804.8164,,-13.6896,,86.8638,95.1052,1.6877,,,,6.912,,150.1742,,2.4401,-4.2562,,,50.0897,49.5448,42.6357,42.6357,,235.6804,254.9498,0.7778,-14.4586,0.9444,,14.1852,,2.0939,2.0401,,,1.237,1.2053,0.5548,0.5548,,,,,-4.5585,,-4.1707,-4.3866,-3.6819,-2.709,-2.2156,-4.6916,,,,,0.876,0.696,1.696,2.696,3.696,4.696,7.696,7.7844,8.7844,9.7844,,-0.0319,-0.4337,,,,,67.000273,-47.021097,1842.35,13.02,-13.6525,-13.6681,96.708,162.343,-4.2757
2012-11-01,795.0403,,-21.4581,,84.0499,97.5783,0.9177,,,,7.8177,,137.7873,,4.8108,-5.3032,,,7.7965,7.5396,7.4122,7.4122,,203.7964,225.0646,0.7667,-22.4847,2.3238,,22.7535,,1.8925,1.8157,,,0.9985,0.958,0.7925,0.7925,,,,,-6.1215,0.0932,-5.782,-5.8752,-5.0257,-3.8828,-3.3258,-4.5901,,,,,1.1137,0.9337,1.9337,2.9338,3.9338,4.9338,7.9338,8.0222,9.0222,10.0222,,-0.0755,-0.4093,,,,,67.000276,-47.021198,1842.28,12.57,-21.7817,-21.4673,96.7323,144.7005,-5.2378
2012-12-01,796.5797,,-23.2225,,78.6267,92.4314,0.7629,,,,8.6777,,132.1689,,6.1189,-5.5423,,,1.0554,1.0187,1.0351,1.0351,,199.5548,224.6298,0.6968,-22.4718,1.4568,,32.2457,,1.9157,1.8315,,,1.0271,0.9819,0.773,0.773,,,,,-8.402,-0.7493,-8.0519,-8.0551,-7.0594,-5.5573,-4.6959,-5.0304,,,,,1.0942,0.9142,1.9142,2.9143,3.9143,4.9143,7.9143,8.0027,9.0027,10.0027,,-0.0967,-0.3857,,,,,67.000278,-47.021298,1842.21,12.38,-23.6434,-23.2171,94.4264,136.6343,-5.5714
2013-01-01,784.7789,,-21.8103,,75.9204,91.4128,0.7199,,,,10.7891,,122.362,,8.5341,-5.408,,,7.0018,6.553,5.1324,5.1324,,184.9576,220.7945,0.5481,-23.2464,2.0887,,43.2612,,1.8568,1.7808,,,1.0188,0.977,0.8019,0.8019,,,,,-10.7526,-3.6599,-10.3656,-10.3314,-9.2449,-7.4244,-6.2467,-5.6784,,,,,1.1231,0.9431,1.9431,2.9431,3.9431,4.9432,7.9432,8.0316,9.0316,10.0316,,-0.0942,-0.3622,,,,,67.000281,-47.0214,1842.14,12.36,-22.2181,-21.8155,92.647,128.8627,-5.4014
2013-02-01,792.9507,,-23.9407,,76.0532,93.479,0.5941,,,,8.3535,,138.7318,,5.1892,-5.9134,,,40.4284,39.531,31.714,31.714,,181.8848,213.4318,0.613,-25.3975,2.1778,,32.4844,,1.8458,1.7627,,,0.9826,0.9383,0.8226,0.8226,,,,,-11.9408,-5.4568,-11.4914,-11.4592,-10.466,-8.7594,-7.5739,-6.4416,,,,,1.1436,0.9636,1.9636,2.9636,3.9636,4.9636,7.9636,8.052,9.052,10.052,,-0.1078,-0.371,,,,,67.000284,-47.021498,1842.08,12.96,-24.1382,-23.9353,93.7015,142.3581,-5.8829
2013-03-01,809.3512,,-20.3505,,77.6147,90.1924,0.8887,,,,7.4746,,139.9112,,4.4374,-5.2717,,,123.0636,121.8974,96.5036,96.5036,,188.013,226.9706,0.5229,-21.7253,0.2699,,28.6476,,1.7813,1.7129,,,0.894,0.8596,0.8976,0.8976,,,,,-12.871,-7.3633,-12.4935,-12.5454,-11.7218,-10.0435,-8.7884,-7.2225,,,,,1.2188,1.0388,2.0388,3.0388,4.0389,5.0389,8.0389,8.1273,9.1273,10.1273,,-0.0804,-0.3915,,,,,67.000286,-47.021595,1842.01,13.84,-20.0693,-20.3558,90.2264,142.325,-5.2886
2013-04-01,801.8606,,-19.8739,,72.3153,85.1043,0.8006,,,,6.9531,,143.2515,,3.2208,-4.3135,,,239.5563,238.3313,186.0102,186.0247,0.7848,181.937,229.4188,0.4194,-20.7919,-4.2171,,19.8192,,1.7282,1.6639,,,0.8173,0.787,0.9448,0.9448,,,,,-12.613,-7.6378,-12.0582,-12.1328,-11.5558,-10.348,-9.452,-7.9533,,,,,1.2792,1.2172,2.2172,3.2172,4.2172,5.2172,8.2172,8.1745,9.1745,10.1745,,-0.0442,-0.414,,,,,67.000289,-47.021695,1841.94,13.95,-18.6715,-19.8741,85.5135,156.9829,-4.3109
2013-05-01,802.7776,,-15.0176,,75.2032,84.3924,1.2581,,,,5.8582,,164.6009,,0.9921,-3.6021,,,332.6913,331.7062,267.423,267.423,0.8137,211.2802,250.8722,0.5574,-15.2216,-11.2272,,5.9199,,1.5233,1.4805,,,0.5017,0.4874,1.1926,1.1926,,,,,-13.6131,-12.2239,-11.5598,-10.9142,-10.0532,-9.294,-9.044,-8.2417,,,,0.6458,1.6458,2.6458,3.6458,4.6458,5.6458,6.6458,9.6458,8.4223,9.4223,10.4223,-8.1483,-0.0419,-0.689,,67.000306,-47.021854,1840.48,67.000292,-47.021796,1841.87,13.98,-12.9941,-15.0151,85.6829,173.6019,-3.5628
2013-06-01,803.2556,,-4.3469,,76.3155,78.9693,2.7016,,,,5.4562,,141.399,,2.7037,-3.3867,,,387.0279,386.8401,300.5863,300.5863,0.7813,237.7772,292.7247,0.3973,-4.877,-26.3789,,12.6041,,1.5476,1.5352,,,0.508,0.5039,1.1598,1.1598,,,,,-5.6819,-10.2713,-10.5444,-10.606,-10.1483,-9.6145,-9.4928,-8.636,,,,0.613,1.613,2.613,3.613,4.613,5.613,6.613,9.613,8.3895,9.3895,10.3895,-8.5257,-0.0184,-0.6497,,67.000308,-47.021946,1841.03,67.000294,-47.021896,1841.81,13.99,-2.0147,-4.3481,80.531,151.5905,-3.3795
2013-07-01,805.9586,,-3.1695,,80.653,82.4444,3.1487,,,,4.9523,,142.6006,,2.431,-3.1797,,,345.0963,344.7707,263.2882,263.2882,0.7663,250.9319,298.1398,0.4847,-3.8394,-18.9867,,12.2461,,1.5963,1.5871,,,0.5607,0.5576,1.107,1.107,,,,,-2.0657,-6.4826,-8.3508,-9.3365,-9.4603,-9.3935,-9.5705,-8.9547,,,,0.5603,1.5603,2.5603,3.5602,4.5602,5.5602,6.5603,9.5602,8.3367,9.3367,10.3367,-8.8664,-0.0249,-0.6614,,67.000314,-47.022043,1841.22,67.000297,-47.021997,1841.74,13.83,-0.9362,-3.1744,82.9443,154.2912,-3.1744
2013-08-01,801.2988,,-5.8895,,82.7023,86.297,2.6762,,,,5.2783,,156.4932,,1.1881,-2.7315,,,242.369,241.1881,187.0839,187.0839,0.782,246.6509,285.9775,0.5607,-6.5874,-11.2077,,11.3989,,1.8106,1.791,,,0.7806,0.7722,0.8979,0.8979,,,,,-1.6448,-2.349,-4.7036,-6.8141,-7.8045,-8.4848,-9.1703,-9.1098,,,,0.3512,1.3512,2.3512,3.3512,4.3512,5.3512,6.3512,9.3512,8.1276,9.1276,10.1276,-9.0939,-0.0342,-0.692,,67.000319,-47.022136,1840.61,67.0003,-47.022099,1841.67,13.62,-4.7178,-5.881,86.9166,169.9334,-2.7375
2013-09-01,799.7177,,-9.5546,,86.0085,92.8566,2.1053,,,,5.9799,,157.8832,,1.6378,-4.0299,,,120.6253,119.7308,101.8589,101.8161,0.8424,249.2691,270.6059,0.7555,-10.295,-2.1677,,14.9456,,1.6637,1.6342,,,0.6118,0.601,1.0556,1.0556,,,,,-4.9728,-4.2811,-4.7886,-5.8447,-6.3408,-7.2845,-8.3266,-9.0623,,,,0.5332,1.5332,2.5332,3.5332,4.5332,5.5332,6.5332,9.5332,8.3096,9.3096,10.3096,-9.174,-0.0218,-0.7025,,67.000316,-47.022253,1839.81,67.000302,-47.022199,1841.6,13.3,-9.2146,-9.5594,92.785,178.1589,-3.9974
2013-10-01,800.0717,,-15.9848,,83.7026,93.8327,1.3435,,,,5.8147,,138.817,,3.4335,-3.9244,,,43.5032,42.5272,43.4175,43.4175,,221.0954,243.8641,0.7063,-17.2209,2.1863,,23.9395,,1.4645,1.4205,,,0.3676,0.3566,1.2908,1.2908,,,,,-7.8808,-6.3427,-5.9807,-6.3561,-6.1146,-6.7918,-7.7885,-8.8338,,,,0.7441,1.7441,2.7441,3.7441,4.7441,5.7441,6.7441,9.7441,8.5205,9.5205,10.5205,-8.9229,-0.0459,-0.7541,,67.000323,-47.022359,1838.71,67.000305,-47.0223,1841.53,13.13,-16.0605,-15.983,93.5967,140.7916,-3.9108
2013-11-01,790.6936,,-20.5011,,83.6924,97.2864,0.9599,,,,7.4875,,158.1981,,2.2162,-5.5404,,,11.4571,10.8971,8.787,8.787,,210.9174,228.3278,0.8101,-21.4775,,,,,,,,,0.4352,0.4171,1.2899,1.2899,,,,,-11.1989,-8.5044,-7.4907,-7.3115,-6.5283,-6.8436,-7.6669,-8.5787,,,,0.7503,1.7439,2.7439,3.7439,4.7439,5.7439,6.7439,9.7439,8.5204,9.5204,10.5204,-8.6558,-0.0936,-0.7308,,67.000327,-47.022508,1836.19,67.000308,-47.0224,1841.46,12.59,-20.9235,-20.4876,97.2853,160.4743,-5.5065
2013-12-01,783.6035,,-29.2757,,77.0055,98.0841,0.4009,,,,6.8975,,123.6765,,5.4549,-3.6347,,,,,,,,,,,,,,,,,,,,0.5415,0.5101,1.2919,1.2919,,,,,-12.8135,-9.9228,-8.8379,-8.4047,-7.2646,-7.1561,-7.9094,-8.5001,,,,0.7444,1.7444,2.7444,3.7444,4.7444,5.7444,6.7444,9.7444,8.5208,9.5208,10.5208,-8.5488,-0.058,-0.8006,,,,,67.00031,-47.022501,1841.4,12.43,-29.774,-29.2692,98.7796,125.367,-3.6701
2014-01-01,787.3731,,-21.9533,,78.6899,95.0056,0.7288,,,,9.6383,,125.0423,,7.5787,-5.315,,,4.9019,4.5399,4.0665,4.0665,,194.4911,221.6005,0.6638,-23.0784,,,,,,,,,0.5313,0.5073,1.2059,1.2059,,,,,-14.0817,-11.5007,-10.258,-9.5474,-8.107,-7.6793,-8.3246,-8.5398,,,,0.7169,1.6252,2.6252,3.6252,4.6252,5.6252,6.6252,9.6252,8.4016,9.4016,10.4016,-8.565,-0.0582,-0.6882,,67.000322,-47.022705,1834.32,67.000313,-47.022603,1841.33,12.37,-22.4301,-21.9567,95.3327,128.7792,-5.2927
2014-02-01,786.4756,,-23.5768,,75.305,91.3929,0.6371,,,,9.0087,,122.6977,,7.2555,-4.6575,,,35.9979,34.4529,28.0302,28.0302,,179.332,214.6449,0.5682,-25.0918,2.8335,,43.4997,,1.1461,1.0952,,,0.5044,0.4823,1.3497,1.3497,,,,,-14.6024,-12.1619,-11.034,-10.3676,-8.8564,-8.3,-8.8445,-8.6776,,,,0.8338,1.8029,2.8029,3.8029,4.8029,5.8029,6.8029,9.8029,8.5794,9.5794,10.5794,-8.663,-0.0408,-0.7895,,67.00035,-47.022771,1837.44,67.000316,-47.0227,1841.26,12.85,-23.8978,-23.5777,92.454,127.9999,-4.6519
2014-03-01,786.8642,,-25.8791,,75.1495,91.4555,0.5475,,,,7.1424,,134.8696,,4.5336,-4.5131,,,120.3538,118.1576,91.9354,91.9354,,171.2779,207.7977,0.5704,-27.144,0.8188,,28.819,,1.1253,1.0702,,,0.4902,0.4622,1.4187,1.4187,,,,,-15.8887,-13.1226,-11.8596,-11.0968,-9.5,-8.8617,-9.3419,-8.9111,,,,0.8726,1.8726,2.8726,3.8726,4.8726,5.8726,6.8726,9.8726,8.6491,9.6491,10.6491,-8.8937,-0.0161,-0.7911,,,,,67.000318,-47.022797,1841.19,13.7,-25.6052,-25.8992,91.4998,140.0794,-4.4791
2014-04-01,796.4174,,-20.0459,,77.6062,89.0618,0.9505,,,,6.7886,,149.0115,,2.8963,-4.8224,,,228.0094,226.3329,181.0969,181.3464,0.8004,190.9828,230.0348,0.5443,-20.9236,-3.0113,,18.3944,,1.0738,1.0333,,,,,1.4519,1.4519,,,,,-15.3347,-13.6359,-12.6074,-11.8456,-10.183,-9.473,-9.8596,-9.1776,,,,0.9052,1.9052,2.9052,3.9052,4.9052,5.9052,6.9052,9.9052,8.6817,9.6817,10.6817,-9.1561,-0.0108,-0.7635,,67.000341,-47.022994,1838.03,67.000321,-47.022898,1841.13,13.86,-18.9084,-20.0688,89.8084,167.0656,-4.8036
2014-05-01,805.6391,,-11.2194,,77.3204,84.5288,1.6665,,,,5.428,,153.946,,1.6607,-3.3968,,,340.7668,339.5153,273.6289,273.6291,0.8013,215.3233,264.4056,0.4344,-11.6429,-12.8334,,10.9712,,0.9781,0.9577,,,,,1.5495,1.5495,,,,,-12.6497,-12.6558,-12.3968,-12.0568,-10.604,-9.9616,-10.3346,-9.4562,,,,1.0019,2.0019,3.0019,4.0019,5.0019,6.0019,7.0019,10.0019,8.7784,9.7784,10.7784,-9.4579,-0.0146,-0.6819,,67.000341,-47.023077,1841.03,67.000324,-47.022998,1841.06,13.95,-9.1561,-11.2131,85.712,166.0359,-3.4202
2014-06-01,809.2978,,-3.6377,,78.9066,81.0209,2.943,,,,6.0083,,150.5216,,2.4501,-4.3343,,,376.3583,376.1976,292.3699,292.2516,0.7829,246.3806,296.4024,0.4629,-4.1446,-31.2034,,13.3725,,0.8971,0.8911,,,,,1.6195,1.6195,,,,,-9.0413,-10.6367,-11.3081,-11.5712,-10.5161,-10.1326,-10.6111,-9.7295,,,,1.0727,2.0727,3.0727,4.0727,5.0727,6.0727,7.0727,10.0727,8.8492,9.8492,10.8492,-9.7515,-0.0374,-0.673,,67.00035,-47.023158,1842.07,67.000326,-47.023099,1840.99,13.91,-1.5373,-3.6358,81.809,156.2243,-4.3494
2014-07-01,808.6064,,-2.2924,,80.558,82.0248,3.2985,,,,3.8874,,137.3621,,2.1527,-2.3379,,,359.9106,359.1783,266.3245,266.3469,0.743,248.8459,302.4133,0.4295,-2.8973,-20.0196,,9.4616,,1.0468,1.0425,,,0.4043,0.4033,1.4564,1.4564,,,,,-3.155,-6.6407,-8.8638,-10.1145,-9.7408,-9.8439,-10.5803,-9.9646,,,,0.9096,1.9096,2.9096,3.9096,4.9096,5.9096,6.9096,9.9096,8.6861,9.6861,10.6861,-9.9474,-0.026,-0.6474,,67.000357,-47.023253,1840.51,67.000329,-47.023199,1840.92,13.84,0.417,-2.2962,82.9543,148.2131,-2.3316
2014-08-01,810.6154,,-3.4199,,81.0485,82.9903,3.1014,,,,5.4562,,153.082,,1.8756,-3.6941,,,233.0739,230.2367,177.4208,177.0796,0.7742,258.6307,295.7534,0.5592,-4.3718,-16.5265,,17.4756,,1.2309,1.223,,,1.7841,1.7725,1.2835,1.2835,,,,,0.0232,-2.0476,-5.2469,-7.5605,-8.0895,-8.8896,-10.069,-10.0316,,,,0.7367,1.7367,2.7367,3.7367,4.7367,5.7367,6.7367,9.7367,8.5132,9.5132,10.5132,-10.0363,-0.0371,-0.7071,,67.000355,-47.023338,1839.46,67.000332,-47.023302,1840.85,13.59,-2.4663,-3.4091,83.0356,157.0503,-3.6622
2014-09-01,796.1399,,-9.7403,,83.9746,90.7902,2.034,,,,7.2313,,151.5042,,2.5688,-4.7319,,,128.7876,127.5671,99.5607,99.5607,0.8153,240.8886,269.2907,0.6737,-10.5608,-4.4098,,17.9287,,1.2847,1.2615,,,1.8729,1.8393,1.2239,1.2239,,,,,-3.122,-2.7782,-4.2397,-5.9207,-6.4463,-7.6297,-9.1164,-9.8727,,,,0.6799,1.6799,2.6799,3.6799,4.6799,5.6799,6.6799,9.6799,8.4563,9.4563,10.4563,-9.9519,-0.0864,-0.7351,,67.000354,-47.023467,1837.13,67.000334,-47.023402,1840.78,13.43,-9.5212,-9.7372,91.7406,164.4132,-4.7029
2014-10-01,801.1172,,-18.2552,,82.0747,94.7483,1.0512,,,,5.5659,,136.5254,,2.7403,-2.8902,,,55.5013,54.3495,44.6313,44.6313,,212.9097,236.6736,0.708,-19.0196,2.1456,,23.166,,1.244,1.2018,,,1.794,1.7327,1.312,1.312,,,,,-8.1684,-6.3623,-6.0991,-6.4512,-6.1859,-6.9408,-8.2763,-9.4531,,,,0.7652,1.7652,2.7652,3.7652,4.7652,5.7652,6.7652,9.7652,8.5417,9.5417,10.5417,-9.5454,-0.0389,-0.7388,,67.000362,-47.023558,1836.13,67.000337,-47.023503,1840.72,13.23,-18.3975,-18.2468,95.3047,162.6791,-2.8295
2014-11-01,791.0935,,-21.6862,,78.4283,92.4104,0.8073,,,,8.2065,,136.2628,,5.4338,-5.6788,,,13.4281,12.4437,10.58,10.58,,194.4274,226.494,0.5939,-21.7355,3.7552,,39.9158,,1.183,1.1347,,,1.7963,1.723,1.3504,1.3504,,,,,-12.0841,-9.6333,-8.5007,-7.9624,-6.957,-7.1178,-8.2214,-9.2004,,,,0.8036,1.8036,2.8036,3.8036,4.8036,5.8036,6.8036,9.8036,8.5801,9.5801,10.5801,-9.2642,-0.0526,-0.7617,,,,,67.00034,-47.023603,1840.65,12.92,-22.1499,-21.6674,93.4672,138.8688,-5.675
2014-12-01,788.9246,,-26.9251,,81.7953,100.5636,0.5538,,,,6.3299,,151.7556,,2.2004,-4.0961,,,,,,,,,,,,,,,,1.1433,1.087,,,1.7612,1.6775,1.405,1.405,,,,,-15.5005,-12.5807,-10.7699,-9.6795,-8.1543,-7.7305,-8.5745,-9.0451,,,,0.8583,1.8583,2.8583,3.8583,4.8583,5.8583,6.8583,9.8583,8.6347,9.6347,10.6347,-9.0691,-0.0633,-0.7845,,,,,67.000342,-47.023704,1840.58,12.44,-27.4211,-26.9416,100.4441,161.713,-4.0614
2015-01-01,783.1837,,-30.1141,,78.9287,100.5523,0.3881,,,,6.8069,,144.8243,,3.7484,-5.3185,,,5.2701,5.1367,4.2269,4.2269,,183.6136,198.885,0.8747,-29.9466,3.2843,,25.5887,,1.0257,0.9676,,,1.6624,1.5675,1.5098,1.5098,,,,,-16.4375,-14.2265,-12.5723,-11.3436,-9.5226,-8.6563,-9.2586,-9.156,,,,0.963,1.963,2.963,3.963,4.963,5.963,6.963,9.963,8.7394,9.7394,10.7394,-9.1555,-0.0608,-0.7914,,,,,67.000345,-47.023806,1840.51,12.4,-30.5631,-30.114,100.3888,155.2922,-5.2335
2015-02-01,784.4795,,-31.8527,,81.2642,100.4472,0.4076,,,,6.2166,,145.713,,3.3175,-4.8656,,,41.2497,40.4004,31.8209,31.8209,,174.7676,190.9001,0.8719,-32.7491,2.9133,,22.85,,0.9059,0.8516,,,1.5523,1.4583,1.625,1.625,,,,,-17.3308,-15.2945,-13.6973,-12.4831,-10.6111,-9.5449,-9.9482,-9.4022,,,,1.0772,2.0772,3.0771,4.0772,5.0772,6.0772,7.0772,10.0772,8.8536,9.8536,10.8536,-9.4173,-0.0566,-0.7984,,,,,67.000348,-47.023903,1840.44,12.96,-32.0756,-31.8524,99.792,149.8878,-4.747
2015-03-01,782.0802,,-26.4253,,79.2683,97.8521,0.5406,,,,6.7465,,133.1305,,4.4411,-4.1604,,,120.3771,118.4082,91.4595,91.4595,,173.4684,206.7431,0.6266,-27.4597,3.0964,,24.4824,,0.8313,0.7898,,,1.4665,1.3932,1.6885,1.6885,,,,,-18.0778,-16.3376,-14.778,-13.5102,-11.5881,-10.4051,-10.6769,-9.7383,,,,1.1417,2.1417,3.1417,4.1417,5.1417,6.1417,7.1417,10.1417,8.9181,9.9181,10.9181,-9.7829,-0.0808,-0.7371,,,,,67.00035,-47.024,1840.38,13.77,-26.0902,-26.4182,97.9947,152.6899,-4.1505
2015-04-01,795.1335,,-19.8585,,78.6882,92.7211,0.8747,,,,5.7741,,168.6427,,0.9501,-4.73,,,225.9703,224.1926,182.4965,182.4965,0.8154,195.773,230.6449,0.6003,-20.5449,-1.106,,15.5473,,0.7701,0.7413,,,1.3818,1.3302,1.7427,1.7427,,,,,-17.3331,-16.1679,-15.1045,-14.1417,-12.3863,-11.1942,-11.3799,-10.1257,,,,1.1956,2.1956,3.1955,4.1955,5.1955,6.1955,7.1955,10.1955,8.972,9.972,10.972,-10.2083,-0.0408,-0.7552,,67.000362,-47.024275,1840.64,67.000353,-47.024101,1840.31,13.89,-18.5805,-19.8629,93.5244,172.9864,-4.7282
2015-05-01,799.3038,,-13.27,,72.3918,80.743,1.3389,,,,7.219,,145.6107,,2.8106,-4.1064,,,311.7747,310.9976,260.9786,260.9786,0.8446,213.2623,256.791,0.5037,-13.5814,-16.596,,6.1542,,2.4356,2.3795,,,0.8652,0.8427,1.9793,1.9793,,,,,-12.2352,-12.0797,-15.0669,-15.5967,-15.03,-14.3802,-13.6758,-11.679,,,,,0.4293,1.3613,2.3613,3.3613,4.3613,5.3614,8.3614,9.2077,10.2077,11.2077,,-1.1713,-0.3541,,67.000317,-47.024113,1849.41,67.000356,-47.024201,1840.24,14.12,-11.4311,-13.2646,83.3743,160.0944,-4.1076
2015-06-01,808.326,,-5.8337,,72.4222,75.4026,2.3576,,,,5.4401,,142.5402,,2.6801,-3.4978,,,367.9386,368.8935,299.0003,299.0003,0.8068,230.0303,287.4791,0.377,-6.175,-29.393,,5.7942,,2.5373,2.5096,,,0.7009,0.6935,2.1278,2.1278,,,,,-4.4829,-4.7472,-10.8111,-13.9848,-14.2553,-14.1722,-13.7489,-12.2072,,,,,0.2893,1.2893,2.2893,3.2893,4.2893,5.2893,8.2893,9.3575,10.3575,11.3575,,-1.5641,-0.5192,,67.000317,-47.024171,1849.6,67.000358,-47.024302,1840.17,14.08,-3.1663,-5.8373,78.1379,153.9032,-3.498
2015-07-01,814.9771,,-2.8295,,76.357,78.1216,2.9671,,,,3.9824,,130.6037,,2.5027,-2.1454,,,372.0731,370.0769,277.3574,277.3578,0.7604,236.1507,300.7436,0.3086,-3.1264,-22.682,,3.9557,,2.4635,2.4507,,,1.0535,1.0479,1.9801,1.9801,,,,,0.2667,0.1755,0.7355,-5.831,-9.8962,-11.9386,-12.7126,-12.332,,,,,0.1416,1.1416,2.1416,3.1416,4.1416,5.1416,8.1416,9.2098,10.2098,11.2098,,-0.7133,-2.0713,,67.000332,-47.024239,1847.04,67.000361,-47.024402,1840.11,13.89,0.2649,-2.8114,79.5471,143.0381,-2.1498
2015-08-01,807.1425,,-6.367,,79.7259,83.4298,2.4909,,,,5.2603,,155.6076,,1.4875,-3.2804,,,238.357,234.7835,198.1309,198.4067,0.8514,250.3533,286.3896,0.6158,-6.5469,-19.8852,,4.2587,,2.3583,2.3304,,,1.0415,1.0293,2.0496,2.0496,,,,,-2.7806,-2.8119,-1.9701,-4.2652,-6.3904,-8.4454,-10.1112,-11.913,,,,,0.2111,1.2111,2.2111,3.2111,4.2111,5.2111,8.2111,9.2793,10.2793,11.2793,,0.0386,-2.5126,,67.000331,-47.024374,1846.59,67.000364,-47.024504,1840.04,13.84,-4.4967,-6.377,83.2166,167.9695,-3.304
2015-09-01,799.3806,,-10.5363,,81.3884,87.7737,1.9122,,,,6.0121,,138.673,,3.2116,-3.6522,,,128.0982,123.9195,106.4029,106.4029,0.8576,236.9193,268.1571,0.6539,-10.9023,-10.1911,,8.9049,,2.3032,2.2581,,,0.9337,0.9157,2.143,2.143,,,,,-5.865,-5.7654,-4.5953,-5.5142,-6.6999,-7.7567,-8.8808,-11.0691,,,,,0.3045,1.3045,2.3045,3.3045,4.3045,5.3045,8.3045,9.3727,10.3727,11.3727,,-0.032,-2.6194,,67.000341,-47.024479,1845.99,67.000367,-47.024605,1839.97,13.7,-9.473,-10.517,88.962,151.819,-3.6395
2015-10-01,793.5931,,-18.0128,,82.178,92.8247,1.1877,,,,7.4489,,141.7344,,3.6095,-4.5761,,,50.7683,47.1618,42.4175,42.4175,,211.0211,238.2737,0.6772,-18.7836,-2.0832,,15.3363,,2.2345,2.1587,,,0.7409,0.7159,2.2919,2.2919,,,,,-10.7964,-10.752,-8.5832,-7.5952,-7.8517,-8.0529,-8.5967,-10.3844,,,,,0.4534,1.4534,2.4535,3.4535,4.4535,5.4535,8.4535,9.5216,10.5216,11.5216,,-0.1143,-2.8497,,67.000342,-47.024583,1845.7,67.000369,-47.024705,1839.9,13.29,-17.5849,-18.0089,92.6154,151.7307,-4.5637
2015-11-01,790.7399,,-26.8764,,79.19,93.4797,0.6067,,,,6.2969,,134.9021,,3.5073,-3.4953,,,14.6296,12.2899,9.2847,9.2847,,187.3136,207.0882,0.796,-27.7138,-0.3771,,15.3423,,2.1569,2.0466,,,0.6753,0.641,2.3683,2.3683,,,,,-14.4004,-14.5792,-11.8261,-9.8986,-9.5257,-9.0408,-9.011,-10.0097,,,,,0.5363,1.5363,2.5363,3.5363,4.5363,5.5363,8.5363,9.6045,10.6045,11.6045,,-0.3006,-3.1196,,,,,67.000372,-47.024806,1839.83,13.13,-26.7361,-26.8731,93.3606,138.0817,-3.4946
2015-12-01,783.2201,,-29.3341,,74.9617,94.873,0.4012,,,,6.7996,,120.1976,,5.5074,-3.2051,,,0.9158,0.7771,0.9448,0.9448,,174.1386,198.1981,0.7621,-30.1244,0.4854,,16.2473,,2.0624,1.9481,,,0.5706,0.539,2.4871,2.4871,,,,,-16.1223,-16.15,-13.6106,-11.688,-11.135,-10.2735,-9.8195,-9.9744,,,,,0.6486,1.6486,2.6486,3.6486,4.6486,5.6487,8.6487,9.7168,10.7168,11.7168,-10.0442,-0.2882,-3.2358,,,,,67.000375,-47.024906,1839.76,12.56,-29.2499,-29.3175,95.1776,122.9218,-3.2164
2016-01-01,789.3991,,-22.2797,,73.9532,86.9423,0.7491,,,,10.1096,,121.6325,,7.9304,-4.885,,,4.9406,4.0,3.4604,3.4604,,187.6222,222.0379,0.5921,-23.1053,-3.048,,33.938,,2.0202,1.9353,,,0.5552,0.5319,2.4936,2.4936,,,,,-15.9536,-15.857,-14.0245,-12.8666,-12.392,-11.3923,-10.7178,-10.2122,,,,,0.6551,1.6551,2.6551,3.6551,4.6551,5.6551,8.6551,9.7233,10.7233,11.7233,-9.9855,-0.3241,-3.2083,,,,,67.000377,-47.025008,1839.69,12.5,-22.1582,-22.2953,90.2934,134.4777,-4.8867
2016-02-01,789.7149,,-23.792,,76.3317,92.2514,0.6452,,,,9.8069,,131.2994,,6.9016,-6.0631,,,32.4025,28.3906,23.2316,23.2316,,180.7227,215.9578,0.5902,-24.7687,-0.8357,,25.262,,2.0287,1.9377,,,0.5469,0.5223,2.4926,2.4926,,,,,-17.1199,-17.0876,-15.0686,-13.5406,-13.043,-12.0777,-11.3937,-10.5507,,,,,0.654,1.654,2.654,3.654,4.654,5.654,8.654,9.7222,10.7222,11.7222,-10.1726,-0.2543,-3.2424,,,,,67.00038,-47.025107,1839.63,13.08,-23.5373,-23.8021,92.4205,137.4873,-6.0633
2016-03-01,788.9989,,-20.5287,,75.2751,88.2068,0.8341,,,,9.0804,,135.1303,,6.021,-6.0484,,,105.6305,99.2302,84.6075,84.6075,,188.1566,228.1891,0.5217,-21.2547,-4.52,,18.0474,,2.0183,1.9404,,,0.4151,0.3999,2.5597,2.5597,,,,,-16.2329,-16.1531,-15.0317,-13.9202,-13.6122,-12.6958,-11.9871,-10.925,,,,,0.7211,1.7211,2.7211,3.7211,4.7211,5.7211,8.7211,9.7893,10.7893,11.7893,-10.4726,-0.3304,-3.2956,,,,,67.000383,-47.025206,1839.56,13.84,-19.9242,-20.5317,89.5442,137.7426,-6.0516
2016-04-01,806.1166,,-10.4093,,74.2427,79.8465,1.762,,,,9.3666,,144.1413,,4.7662,-6.5943,,,211.2626,205.2746,171.9658,172.6254,0.8067,224.1748,267.1719,0.4964,-11.083,-21.4031,,17.4442,,1.9596,1.9215,,,0.5239,0.5141,2.5761,2.5761,,,,,-14.0971,-13.9546,-13.9271,-13.5068,-13.635,-12.9737,-12.4,-11.3141,,,,,0.7375,1.7375,2.7375,3.7375,4.7375,5.7376,8.7376,9.8057,10.8057,11.8057,-10.857,-0.4952,-3.1035,,67.000358,-47.025233,1843.87,67.000385,-47.025307,1839.49,13.93,-9.4539,-10.4052,81.5199,151.088,-6.6419
2016-05-01,804.9092,,-9.0463,,75.7697,80.2629,2.0186,,,,5.6465,,158.2668,,1.6198,-4.0636,,,332.6312,328.1905,267.6169,267.6169,0.8252,227.6428,276.1547,0.4808,-8.9684,-23.8538,,-1.0297,,1.8831,1.8512,,,1.2553,1.234,2.6368,2.6368,,,,,-10.9967,-10.6252,-11.3883,-12.0276,-12.8191,-12.6274,-12.3892,-11.6068,,,,,0.7983,1.7983,2.7983,3.7983,4.7983,5.7983,8.7983,9.8665,10.8665,11.8665,-11.2936,-0.5334,-3.0651,,67.000362,-47.025322,1842.31,67.000388,-47.025407,1839.42,14.03,-6.7384,-9.042,80.9993,162.9614,-4.0831
2016-06-01,807.5187,,-2.185,,77.7431,79.1544,3.1961,,,,5.612,,153.5972,,1.8939,-3.8148,,,377.9171,376.565,299.631,299.631,0.8036,265.7716,305.4933,0.621,-2.2578,-36.6899,,3.9987,,1.9724,1.9644,,,1.3911,1.3855,2.5044,2.5044,,,,,-5.2046,-4.953,-6.3145,-9.2476,-11.2782,-11.7553,-11.9625,-11.7434,,,,,0.6659,1.6659,2.666,3.666,4.666,5.666,8.666,9.7341,10.7341,11.7341,-11.6508,-0.3947,-2.8077,,67.000372,-47.025402,1843.62,67.000391,-47.025508,1839.35,13.98,0.1649,-2.1909,80.0592,173.7093,-3.7996
2016-07-01,812.0662,,-2.1255,,75.4381,76.835,3.0816,,,,4.4693,,137.3203,,2.6961,-2.9238,,,375.7232,372.0658,272.0201,272.0201,0.7343,238.6646,303.3952,0.3034,-2.5719,-28.2197,,6.5222,,2.1164,2.1081,,,1.6341,1.6277,2.3115,2.3115,,,,,-0.1347,0.3298,-0.2397,-3.419,-7.2633,-9.2045,-10.5115,-11.6145,,,,,0.473,1.473,2.473,3.473,4.473,5.473,8.473,9.5412,10.5412,11.5412,,-0.2373,-2.4971,,67.000379,-47.025488,1843.54,67.000393,-47.025608,1839.29,13.85,0.5171,-2.1287,77.791,140.2135,-2.9092
2016-08-01,807.9592,,-3.6149,,79.4672,81.6036,2.9803,,,,4.3701,,134.3232,,2.6801,-2.6176,,,252.3041,245.4988,183.2644,183.2644,0.7464,244.553,296.8464,0.4296,-4.0619,-19.3467,,6.4077,,2.3368,2.3213,,,1.8127,1.8006,2.1188,2.1188,,,,,-0.0105,0.2801,0.9729,-1.584,-4.9325,-6.8423,-8.5549,-11.0401,,,,,0.2803,1.2803,2.2803,3.2803,4.2803,5.2803,8.2803,9.3485,10.3485,11.3485,,0.2096,-3.3373,,67.000383,-47.025587,1843.26,67.000396,-47.02571,1839.22,13.73,-1.7192,-3.6128,82.3947,144.9744,-2.6237
2016-09-01,798.7229,,-12.7393,,78.8536,87.0855,1.5513,,,,4.9211,,140.8603,,2.4237,-2.9781,,,132.0524,126.5155,108.4064,108.4064,0.8481,228.1758,259.6648,0.6476,-12.9877,-9.2614,,4.4055,,2.2982,2.2438,,,1.7099,1.6693,2.217,2.217,,,,,-2.0747,-2.3979,-1.3733,-1.8165,-4.2819,-5.6675,-7.2382,-10.2365,,,,,0.3774,1.3775,2.3775,3.3775,4.3775,5.3775,8.3775,9.4456,10.4456,11.4456,,0.4848,-3.4189,,67.000385,-47.025735,1840.95,67.000399,-47.025811,1839.15,13.68,-11.5846,-12.7347,87.8029,146.5485,-2.9847
2016-10-01,797.5081,,-16.5774,,80.7819,90.4384,1.2749,,,,6.4546,,131.3263,,3.423,-3.01,,,51.3852,47.6644,42.0799,42.0799,,225.4885,248.3817,0.7541,-16.103,,,,,2.103,2.0388,,,1.5395,1.4922,2.4148,2.4148,,,,,-7.7483,-7.4812,-6.3046,-5.1728,-6.1095,-6.2351,-7.0007,-9.5338,,,,,0.5764,1.5764,2.5764,3.5764,4.5764,5.5764,8.5764,9.6445,10.6445,11.6445,,0.4725,-3.4556,,67.000381,-47.02585,1840.52,67.000401,-47.025911,1839.08,13.24,-16.1398,-16.5877,92.778,163.0007,-2.991
2016-11-01,795.2365,,-20.6346,,83.5397,97.7276,0.9254,,,,6.3117,,144.828,,3.0337,-4.305,,,7.194,6.2824,6.553,6.553,,217.5696,232.0482,0.8667,-20.4739,-1.455,,1.8308,,1.994,1.9167,,,1.3755,1.3223,2.5599,2.5599,,,,,-10.0798,-9.7794,-8.6729,-7.1562,-7.717,-7.325,-7.5347,-9.1679,,,,,0.7214,1.7214,2.7214,3.7214,4.7214,5.7214,8.7214,9.7896,10.7896,11.7896,-9.867,0.4754,-3.5359,,67.000366,-47.025969,1845.46,67.000404,-47.026012,1839.01,12.74,-20.4643,-20.6087,97.6836,159.7056,-4.2751
2016-12-01,785.0565,,-25.6523,,75.9566,90.0469,0.6377,,,,8.0083,,130.9333,,5.2945,-4.5917,,,1.0079,0.8247,0.9,0.9,,184.6048,211.7941,0.7066,-26.2314,-1.3776,,17.5383,,2.0327,1.9338,,,1.4055,1.337,2.5439,2.5439,,,,,-12.8343,-12.6281,-11.7166,-9.0268,-9.1781,-8.4362,-8.2649,-9.1192,,,,,0.7054,1.7054,2.7054,3.7055,4.7055,5.7055,8.7055,9.7736,10.7736,11.7736,-9.4882,0.5219,-3.5959,,67.00038,-47.026045,1836.1,67.000407,-47.026112,1838.94,12.56,-25.5479,-25.6744,93.2254,142.9365,-4.5607
2017-01-01,788.1524,,-24.7568,,78.7443,95.3209,0.6297,,,,7.7864,,145.9503,,3.6193,-5.3558,,,4.938,3.9441,3.6128,3.6128,,194.4542,214.9194,0.8088,-25.2083,-0.5118,,9.3329,,1.9906,1.8976,,,1.3307,1.2685,2.6019,2.6019,,,,,-15.4713,-15.3532,-14.8645,-11.6732,-11.1891,-9.9062,-9.268,-9.3092,,,,,0.7634,1.7634,2.7634,3.7634,4.7634,5.7635,8.7634,9.8316,10.8316,11.8316,-9.3271,0.4852,-3.5467,,67.000383,-47.026186,1844.84,67.000409,-47.026214,1838.87,12.5,-24.6197,-24.7588,95.7065,158.2571,-5.3562
2017-02-01,785.6846,,-24.452,,77.3839,92.2565,0.6892,,,,8.1215,,135.1451,,5.0643,-5.09,,,37.1245,31.7303,26.7205,26.7205,,181.5198,214.314,0.6252,-25.4991,-0.381,,23.1717,,1.9103,1.8219,,,1.2938,1.2347,2.6502,2.6502,,,,,-15.5896,-15.4147,-15.1898,-12.7388,-12.4526,-11.1849,-10.3483,-9.6812,,,,,0.8117,1.8117,2.8117,3.8117,4.8117,5.8117,8.8117,9.8799,10.8799,11.8799,-9.4179,0.4781,-3.5775,,,,,67.000412,-47.026312,1838.81,13.2,-24.1686,-24.4581,91.6406,143.2068,-5.0263
2017-03-01,792.1084,,-23.9223,,72.4124,88.4078,0.579,,,,7.6345,,139.4137,,4.4132,-5.1515,,,110.8802,102.9023,88.3982,88.3982,,176.6138,215.7276,0.5427,-24.6975,-2.5322,,16.7835,,1.8451,1.762,,,1.2603,1.2035,2.6925,2.6925,,,,,-16.3296,-16.1577,-15.8971,-13.5933,-13.1921,-11.9921,-11.1577,-10.1565,,,,,0.854,1.854,2.854,3.854,4.854,5.854,8.854,9.9222,10.9222,11.9222,-9.7747,0.4823,-3.5585,,,,,67.000415,-47.026409,1838.74,13.96,-23.2211,-23.9058,88.797,143.8249,-5.1433
2017-04-01,798.888,,-19.8691,,72.8155,85.0502,0.8352,,,,6.4455,,144.3645,,2.9912,-4.1727,,,219.3684,212.2381,179.76,179.76,0.8494,193.714,232.1427,0.5648,-20.187,-8.1261,,5.8868,,1.721,1.6564,,,1.0883,1.0474,2.8227,2.8227,,,,,-16.0813,-15.8861,-15.7554,-14.1513,-13.8129,-12.6987,-11.8642,-10.6544,,,,,0.9839,1.9839,2.9839,3.9839,4.9839,5.9839,8.9839,10.052,11.052,12.052,-10.245,0.4716,-3.4837,,67.000412,-47.026477,1840.14,67.000417,-47.026509,1838.67,14.07,-18.2947,-19.8748,86.0826,153.8308,-4.1809
2017-05-01,809.8985,,-6.9754,,76.0371,79.7797,2.2784,,,,6.2035,,145.3467,,2.938,-4.2505,,,339.5737,334.028,275.7231,275.7231,0.8292,233.0424,283.2207,0.4528,-7.1972,-27.7022,,6.7425,,1.5439,1.5238,,,1.2489,1.2327,2.801,2.801,,,,,-13.813,-13.5881,-13.7296,-13.4047,-13.6393,-12.9373,-12.316,-11.136,,,,,0.9625,1.9625,2.9625,3.9625,4.9625,5.9625,8.9625,10.0307,11.0307,12.0307,-10.7276,0.4486,-3.338,,67.000412,-47.026533,1841.54,67.00042,-47.02661,1838.61,14.12,-4.778,-6.9865,80.5365,150.634,-4.2467
2017-06-01,805.5576,,-5.9392,,72.5535,76.0322,2.2906,,,,4.658,,139.8548,,2.3836,-2.8261,,,431.4416,428.0703,344.9761,344.9761,0.8088,229.4121,288.828,0.3697,-5.7846,-32.3151,,0.016,,1.5391,1.5222,,,1.2601,1.2462,2.7952,2.7952,,,,,-11.2638,-11.0278,-11.2936,-11.69,-12.5726,-12.4282,-12.2229,-11.4744,,,,,0.9567,1.9567,2.9567,3.9567,4.9567,5.9567,8.9567,10.0248,11.0248,12.0248,-11.2144,0.4662,-3.326,,67.000414,-47.026631,1841.64,67.000423,-47.02671,1838.54,14.16,-2.7424,-5.9444,78.1813,158.0481,-2.801
2017-07-01,803.483,,-4.2281,,76.5147,79.01,2.766,,,,6.2661,,146.2553,,2.5982,-3.8893,,,369.0041,364.7996,294.26,294.26,0.8157,246.1718,294.9184,0.4873,-4.5391,-33.5912,,8.4177,,1.4732,1.4617,,,1.2076,1.1982,2.8495,2.8495,,,,,-8.7298,-8.3749,-8.7898,-9.942,-11.3114,-11.566,-11.7317,-11.5976,,,,,1.011,2.011,3.011,4.011,5.011,6.011,9.011,10.0791,11.0791,12.0791,-11.554,0.4271,-3.3269,,67.000413,-47.026736,1840.89,67.000425,-47.026811,1838.47,14.02,-2.0862,-4.2188,80.7218,159.5433,-3.8946
2017-08-01,806.4284,,-4.2682,,83.9779,86.7014,2.9969,,,,4.8037,,156.7427,,1.4831,-3.4509,,,243.5976,237.6832,190.8094,190.7367,0.8022,252.0488,295.8721,0.5396,-4.3067,-16.8646,,0.3304,,1.5732,1.5607,,,1.466,1.4542,2.654,2.654,,,,,-4.4521,-4.1095,-4.6062,-6.6986,-9.2054,-10.1938,-10.8848,-11.5126,,,,,0.8155,1.8155,2.8155,3.8155,4.8155,5.8156,8.8156,9.8837,10.8837,11.8837,-11.7596,0.4355,-3.3047,,67.000418,-47.026836,1841.29,67.000428,-47.026913,1838.4,13.72,-2.2039,-4.2605,87.3631,153.4608,-3.4254
2017-09-01,799.6154,,-12.1572,,82.7294,90.0271,1.7568,,,,5.9634,,137.2417,,2.8578,-3.0907,,,129.639,123.5589,105.0217,105.0217,0.8579,230.6907,262.2192,0.6323,-12.4362,-7.0389,,12.0919,,1.3834,1.352,,,1.1837,1.1571,2.9238,2.9238,,,,,-6.2993,-6.1684,-6.2603,-6.4378,-8.2248,-8.9746,-9.8119,-11.1872,,,,0.0924,1.0853,2.0853,3.0853,4.0853,5.0853,6.0853,9.0853,10.1534,11.1534,12.1534,-11.6049,0.4956,-3.3544,,67.000417,-47.026942,1839.36,67.000431,-47.027014,1838.33,13.64,-11.175,-12.1417,88.6921,147.3336,-3.0944
2017-10-01,797.6111,,-14.1921,,84.4917,93.4378,1.5358,,,,7.5364,,142.4423,,3.6155,-4.702,,,55.9818,50.4175,41.7462,41.7462,,222.8514,252.2852,0.6461,-14.9378,-2.2436,,16.6432,,1.3432,1.3066,,,1.1149,1.0838,2.9752,2.9752,,,,,-8.6324,-8.3783,-8.3485,-7.2923,-8.42,-8.7128,-9.3088,-10.7763,,,,0.1442,1.1375,2.1375,3.1375,4.1375,5.1375,6.1375,9.1375,10.2057,11.2057,12.2057,-11.1989,0.5462,-3.3776,,67.000424,-47.027048,1839.9,67.000433,-47.027114,1838.26,13.37,-13.8136,-14.1937,91.5743,143.1381,-4.6936
2017-11-01,798.4885,,-21.9779,,83.3646,96.776,0.8828,,,,7.7882,,134.4432,,4.9827,-4.8868,,,8.1458,6.8612,7.165,7.165,,212.8953,233.3838,0.7772,-20.0687,-0.2601,,12.5987,,1.0655,1.0214,,,0.8875,0.8511,3.2403,3.2403,,,,,-10.1996,-9.9362,-9.9004,-8.4844,-9.2091,-9.0855,-9.3269,-10.4647,,,,0.4018,1.4018,2.4018,3.4018,4.4018,5.4018,6.4019,9.4019,10.47,11.47,12.47,-10.6919,0.4276,-3.4442,,67.000415,-47.027166,1838.98,67.000436,-47.027215,1838.2,12.64,-21.794,-21.9724,95.6759,146.0412,-4.8562
2017-12-01,794.2584,,-21.9901,,79.7426,95.5573,0.7501,,,,7.5865,,140.7458,,4.5791,-5.6037,,,0.7314,0.7101,0.837,0.837,,201.2718,224.3978,0.7434,-22.3813,-0.6638,,12.8709,,1.0031,0.9618,,,0.8089,0.7757,3.2912,3.2912,,,,,-11.4931,-11.2386,-11.1944,-9.6219,-10.0567,-9.6579,-9.6358,-10.3492,,,,0.4517,1.4517,2.4517,3.4517,4.4517,5.4517,6.4517,9.4517,10.5199,11.5199,12.5199,-10.4805,0.509,-3.4399,,67.000422,-47.027269,1846.2,67.000439,-47.027315,1838.13,12.5,-21.843,-21.976,95.5356,148.3113,-5.5222
2018-01-01,788.7268,,-28.996,,73.2946,92.7551,0.3963,,,,8.0748,,127.9829,,6.0205,-4.7008,,,5.3684,4.1544,3.832,3.8323,,172.401,199.6829,0.7273,-29.6088,-0.4205,,15.5527,,1.0146,0.9591,,,0.7998,0.7559,3.292,3.292,,,,,-13.3314,-13.1327,-12.9177,-10.8536,-10.9036,-10.2756,-10.05,-10.3653,,,,0.4534,1.4534,2.4534,3.4534,4.4534,5.4534,6.4534,9.4534,10.5216,11.5216,12.5216,-10.4225,0.5126,-3.5222,,67.00042,-47.027393,1843.56,67.000442,-47.027417,1838.06,12.46,-28.8661,-29.0056,93.1345,137.7432,-4.695
2018-02-01,782.3124,,-29.3741,,74.2762,93.1518,0.4155,,,,,,,,,,,,34.9874,31.235,25.8691,25.8694,,173.9906,199.3679,0.7676,-29.8648,,,,,1.0034,0.9475,,,0.6654,0.6299,3.3914,3.3914,,,,,-14.745,-14.5763,-14.3159,-12.2372,-11.9613,-11.0856,-10.6202,-10.5031,,,,0.5529,1.5529,2.5529,3.5529,4.5529,5.5529,6.553,9.553,10.6211,11.6211,12.6211,-10.4847,0.5126,-3.6086,,67.00044,-47.027475,1845.72,67.000444,-47.027514,1837.99,12.87,-29.0792,-29.3621,92.8241,,
2018-03-01,802.5457,,-24.0631,,74.5348,88.9471,0.6476,,,,5.6128,,138.1506,,3.4163,-3.8143,,,113.2565,106.3167,92.4271,92.4271,,186.0199,223.0337,0.5637,-22.7515,-1.4712,,20.4383,,0.9292,0.8869,,,0.7539,0.7196,3.3891,3.3891,,,,,-15.4838,-15.3264,-15.1055,-13.3267,-12.8922,-11.9094,-11.2852,-10.7594,,,,0.5506,1.5506,2.5507,3.5507,4.5507,5.5507,6.5507,9.5507,10.6188,11.6188,12.6188,-10.6806,0.5126,-3.463,,67.000436,-47.027556,1843.32,67.000447,-47.027612,1837.93,13.92,-23.0815,-24.0621,89.2422,142.536,-3.8093
2018-04-01,797.8207,,-16.933,,73.3874,84.5049,1.0195,,,,6.7805,,139.8295,,3.7166,-4.4026,,,224.5344,216.65,182.7838,182.7838,0.8471,196.7986,242.0083,0.4687,-17.3836,-10.1923,,10.4533,,0.9051,0.8765,,,0.7227,0.6998,3.3913,3.3913,,,,,-15.1997,-15.0445,-14.9259,-13.6996,-13.414,-12.528,-11.8891,-11.0988,,,,0.5513,1.5513,2.5513,3.5513,4.5513,5.5513,6.5513,9.5513,10.6194,11.6194,12.6194,-10.9806,0.5126,-3.3929,,67.000456,-47.02771,1847.76,67.000449,-47.027712,1837.86,14.1,-15.5239,-16.9227,85.9708,146.4412,-4.3888
2018-05-01,792.8704,,-15.3811,,72.2719,80.9867,1.2104,,,,6.8153,,136.4703,,3.7424,-3.9396,,,346.6762,340.7,287.8463,287.8463,0.8465,201.567,249.9431,0.4638,-15.4386,,,,,0.8397,0.8107,,,0.705,0.6845,3.3853,3.3853,,,,,-14.5012,-14.3565,-14.2913,-13.4793,-13.4405,-12.7653,-12.2449,-11.431,,,,0.5391,1.5391,2.5391,3.5391,4.5391,5.5391,6.5391,9.5391,10.6073,11.6073,12.6073,-11.3065,0.5126,-3.3889,,67.000453,-47.027809,1847.81,67.000452,-47.027813,1837.79,14.19,-13.2362,-15.3912,82.5986,145.5916,-3.9027
2018-06-01,803.042,,-4.3273,,77.1913,80.0191,2.7366,,,,6.0894,,150.0052,,2.4136,-4.1814,,,398.5206,396.0953,329.3066,329.3066,0.8403,253.5318,296.0312,0.5761,-4.2096,,,,,,,,,0.6794,0.6739,3.2997,3.2997,,,,,-11.9349,-11.7891,-12.075,-12.412,-13.0029,-12.6907,-12.3777,-11.7176,,,,0.4651,1.4651,2.4651,3.4651,4.4651,5.4651,6.4651,9.4651,10.5332,11.5332,12.5332,-11.6003,0.094,-3.3772,,67.000451,-47.027874,1845.35,67.000455,-47.027913,1837.72,14.17,-1.6527,-4.3284,81.1665,162.569,-4.1662
2018-07-01,804.0153,,-2.2261,,84.4418,86.0374,3.4578,,,,4.6018,,170.0006,,0.5344,-3.031,,,337.4324,334.5036,271.0591,271.0591,0.8197,271.6923,305.9633,0.6699,-2.1712,,,,,,,,,0.5798,0.5776,3.3986,3.3986,,,,,-6.6416,-6.2955,-7.1398,-9.5728,-11.4152,-11.8243,-11.9895,-11.8616,,,,0.5725,1.5725,2.5725,3.5725,4.5725,5.5725,6.5725,9.5725,10.6406,11.6406,12.6406,-11.8396,0.2711,-3.4674,,67.000454,-47.027962,1843.29,67.000457,-47.028014,1837.65,13.96,0.4214,-2.2283,86.3999,182.2172,-2.9978
2018-08-01,803.7115,,-5.0386,,81.9711,84.9123,2.8229,,,,5.4281,,148.4021,,2.2158,-3.602,,,233.8377,229.1147,187.0128,187.0128,0.8125,252.713,292.6178,0.5879,-5.1017,,,,,2.3058,2.2688,,,1.5093,1.4859,3.4884,,,,,,-2.9696,-2.6709,-3.1317,-5.6723,-8.4713,-9.8569,-10.8291,-11.6966,,,,0.6733,1.6733,2.6733,3.6733,4.6733,5.6733,6.6733,9.6733,10.7482,11.7482,12.7482,-11.7841,0.2144,-3.1755,,67.000454,-47.028079,1840.35,67.00046,-47.028116,1837.58,13.81,-3.2735,-5.0499,85.9438,156.7804,-3.6051
2018-09-01,800.0422,,-12.2186,,80.0064,88.2984,1.6095,,,,7.4661,,138.907,,4.1915,-4.806,,,126.2922,130.082,110.8024,110.8024,,224.7369,260.6789,0.5799,-12.6593,-9.1982,,9.5287,,2.3231,2.2702,,,1.6686,1.6307,3.483,3.483,,,,,-6.7701,-5.5287,-5.9926,-7.0567,-8.1737,-9.2436,-10.1341,-11.1014,,,,0.5923,1.5923,2.5923,3.5923,4.5923,5.5923,6.5923,9.5923,10.7127,11.7127,12.7127,-11.2323,-0.0395,2.0476,,67.000466,-47.028206,1830.47,67.000463,-47.028216,1837.52,13.72,-11.3194,-12.221,88.4357,153.2786,-4.7938
2018-10-01,794.4482,,-23.7264,,77.331,93.4221,0.6495,,,,6.7441,,135.2919,,4.1672,-4.2099,,,51.4964,55.4431,47.7641,47.7641,,184.9292,217.208,0.6292,-24.4152,-1.1578,,11.7943,,2.3617,2.2562,,,1.636,1.5631,3.5301,3.5301,,,,,-12.5862,-9.0474,-8.0796,-7.951,-8.2493,-8.834,-9.4825,-10.6857,,,,0.6437,1.6437,2.6437,3.6437,4.6437,5.6437,6.6437,9.6437,10.7641,11.7641,12.7641,-10.8289,-0.0383,2.202,,67.000468,-47.028291,1826.32,67.000466,-47.028317,1837.45,13.49,-23.3104,-23.7117,92.6159,139.4805,-4.1767
2018-11-01,798.4355,,-20.0484,,76.4644,89.9908,0.8489,,,,9.1557,,134.4184,,6.0568,-5.9351,,,11.9719,11.3117,9.6722,9.6722,,194.5847,229.2937,0.5826,-20.922,-1.4722,,21.6457,,2.3312,2.2435,,,1.583,1.5235,3.5398,3.5398,,,,,-15.0586,-12.0072,-10.5681,-9.6723,-9.2696,-9.275,-9.4875,-10.3693,,,,0.6547,1.6547,2.6547,3.6547,4.6547,5.6547,6.6547,9.6547,10.7751,11.7751,12.7751,-10.4712,-0.0383,-8.5479,,67.000473,-47.028418,1831.99,67.000468,-47.028417,1837.38,13.22,-19.912,-20.072,90.2883,139.3981,-5.9402
2018-12-01,792.4683,,-18.359,,79.0806,91.7015,1.0036,,,,7.2609,,138.0706,,4.4266,-4.9285,,,0.6995,0.6449,0.884,0.884,,212.0496,235.864,0.7153,-19.2015,-0.8076,,18.4068,,2.2585,2.181,,,1.5117,1.4599,3.6038,3.6038,,,,,-15.0613,-12.9261,-11.7934,-10.9283,-10.3454,-10.0472,-9.9115,-10.2411,,,,0.7188,1.7188,2.7188,3.7188,4.7188,5.7188,6.7188,9.7188,10.8392,11.8392,12.8392,-10.274,-0.0383,-15.7773,,67.00046,-47.02853,1824.96,67.000471,-47.028518,1837.31,12.6,-18.2609,-18.3662,91.5305,142.0242,-4.9224
2019-01-01,792.234,,-23.9446,,78.9906,95.6828,0.6525,,,,8.5407,,145.8402,,4.2417,-6.2509,,,4.7369,2.7711,4.2541,4.2541,,193.0235,217.4702,0.7465,-24.3938,-0.9634,,9.3944,,2.1152,2.0199,,,1.362,1.3007,3.7693,3.7693,,,,,-15.0319,-13.1356,-12.2945,-11.5998,-11.0471,-10.6721,-10.385,-10.2726,,,,0.8785,1.8785,2.8785,3.8785,4.8785,5.8785,6.8785,9.8785,10.9989,11.9989,12.9989,-10.2687,-0.0383,-14.8407,,67.000475,-47.028663,1829.17,67.000474,-47.02862,1837.24,12.53,-23.8168,-23.9397,95.8522,153.8421,-6.2693
2019-02-01,789.3301,,-22.1947,,73.8313,89.0896,0.6755,,,,10.7827,,129.6184,,7.9502,-6.5813,,,31.726,19.101,27.307,27.3086,,179.7386,220.5047,0.4982,-23.2894,-2.0297,,27.865,,2.0877,2.0005,,,1.35,1.2937,3.7857,3.7857,,,,,-16.5273,-14.1487,-13.0419,-12.1942,-11.5663,-11.136,-10.7826,-10.4071,,,,0.895,1.895,2.895,3.895,4.895,5.895,6.895,9.895,11.0154,12.0154,13.0154,-10.3943,0.0901,-14.9177,,67.000478,-47.028734,1826.08,67.000476,-47.028717,1837.18,13.15,-21.9714,-22.1987,89.7885,130.4741,-6.5779
2019-03-01,786.2657,,-25.33,,73.0133,89.476,0.5401,,,,8.0924,,146.1311,,3.6733,-5.4729,,,102.224,81.7071,90.5557,90.5557,,175.0691,211.8449,0.5945,-25.8977,-2.6566,,13.5041,,2.0415,1.9439,,,1.2929,1.2312,3.8558,3.8558,,,,,-16.937,-14.7432,-13.6918,-12.823,-12.1299,-11.6227,-11.1798,-10.5697,,,,0.9651,1.9651,2.9651,3.9651,4.9651,5.9651,6.9651,9.9651,11.0855,12.0855,13.0855,-10.563,0.1822,-15.4321,,67.000495,-47.028772,1826.28,67.000479,-47.028814,1837.11,13.92,-24.6579,-25.3271,90.6514,159.1851,-5.4893
2019-04-01,799.2162,,-13.4885,,75.6959,84.0775,1.4069,,,,10.5227,,130.9725,,7.0421,-6.1157,,,226.3813,199.3699,192.4012,192.4012,0.9294,211.1764,255.8608,0.4886,-13.8253,-16.4989,,10.2413,,1.9976,1.9473,,,1.2215,1.1908,3.8542,3.8542,,,,,-15.729,-14.9159,-14.185,-13.3925,-12.69,-12.1326,-11.6246,-10.7999,,,,0.9634,1.9634,2.9634,3.9634,4.9634,5.9634,6.9634,9.9634,11.0839,12.0839,13.0839,-10.7897,0.1822,-16.1143,,67.000482,-47.028931,1825.45,67.000482,-47.028915,1837.04,14.12,-12.3525,-13.4974,85.7616,138.642,-6.1693
2019-05-01,813.2187,,-7.0249,,75.151,79.4945,2.1676,,,,7.8513,,135.4042,,5.3006,-5.3759,,,390.0137,367.9382,314.457,317.3098,0.8879,215.559,281.8462,0.255,-7.2997,-31.6592,,8.4212,,2.0306,2.0042,,,1.2366,1.2205,3.817,3.817,,,,,-12.2796,-13.3731,-13.5063,-13.2651,-12.863,-12.4456,-11.9842,-11.0381,,,,0.9263,1.9263,2.9263,3.9263,4.9263,5.9263,6.9263,9.9263,11.0467,12.0467,13.0467,-11.0149,0.1822,-16.3774,,67.000488,-47.029038,1826.28,67.000484,-47.029015,1836.97,14.21,-4.9817,-7.0304,81.065,142.8159,-5.3433
2019-06-01,814.1843,,-2.4185,,79.5908,81.1683,3.1937,,,,5.4374,,147.9499,,2.348,-3.7503,,,,,,,0.8202,253.2309,303.5575,0.4877,-2.7083,-29.6646,,4.2285,,2.1269,2.1175,,,1.383,1.377,3.6821,3.6821,,,,,-6.0854,-10.324,-11.9595,-12.4581,-12.489,-12.3528,-12.0881,-11.2526,,,,0.7914,1.7914,2.7914,3.7914,4.7914,5.7914,6.7914,9.7914,10.9118,11.9118,12.9118,-11.1965,0.1822,-16.3774,,67.000493,-47.029118,1832.71,67.000487,-47.029116,1836.91,14.2,0.3739,-2.4156,81.7178,160.175,-3.749
2019-07-01,812.2955,,-1.3121,,81.0636,82.1129,3.5172,,,,5.7191,,141.1097,,3.1663,-3.9254,,,,,,,0.7533,253.6421,307.6596,0.4375,-1.8749,-26.4654,,9.0793,,2.2788,2.2732,,,1.6591,1.6552,3.4649,3.4649,,,,,-0.3314,-3.883,-7.4595,-9.7092,-10.9231,-11.5281,-11.7531,-11.3688,,,,0.5741,1.5741,2.5741,3.5741,4.5741,5.5741,6.5741,9.5741,10.6945,11.6945,12.6945,-11.3186,0.1822,-16.3774,,67.000496,-47.029203,1836.66,67.00049,-47.029216,1836.84,14.01,0.8767,-1.2994,82.3346,145.4024,-3.9457
2019-08-01,810.7162,,-5.8778,,81.7124,85.0555,2.6403,,,,4.9731,,139.6741,,2.6175,-3.0836,,,363.4358,314.1309,213.456,213.6386,0.6933,239.8278,288.0062,0.4775,-6.1441,-15.6191,,6.1351,,2.3062,2.281,,,1.947,1.9258,3.3353,3.3353,,,,,-0.4959,-2.0334,-4.7632,-7.0088,-8.656,-9.8617,-10.7033,-11.2733,,,,0.4446,1.4446,2.4446,3.4446,4.4446,5.4446,6.4446,9.4446,10.565,11.565,12.565,-11.3777,0.1822,-23.6074,,67.000497,-47.029313,1837.43,67.000492,-47.029318,1836.77,13.85,-3.8023,-5.8642,86.0316,150.4266,-3.0317
2019-09-01,802.7692,,-10.1285,,82.6709,89.3133,1.9615,,,,6.7512,,178.3449,,0.1505,-5.2088,,,132.7472,108.054,117.0111,117.0111,,236.7257,269.1334,0.6292,-10.6102,,,,,,,,,1.7781,1.7447,3.2307,3.2307,,,,,-4.7384,-4.1298,-4.9138,-6.1309,-7.3759,-8.5685,-9.5968,-10.9285,,,,0.34,1.34,2.34,3.34,4.34,5.34,6.34,9.34,10.4604,11.4604,12.4604,-11.2209,-0.2228,-22.6638,,67.000496,-47.029426,1828.48,67.000495,-47.029419,1836.7,13.68,-9.1826,-10.1286,89.3937,189.7533,-5.1868
2019-10-01,804.8344,,-16.1827,,76.4791,86.2842,1.1854,,,,7.5031,,169.7626,,1.1856,-6.5647,,,52.2005,35.948,46.1801,46.1801,,210.8079,243.9384,0.6009,-17.0874,,,,,,,,,1.6878,1.6368,3.3113,3.3113,,,,,-7.9688,-6.7149,-6.5189,-6.7961,-7.3467,-8.1172,-8.9262,-10.4739,,,,0.4206,1.4206,2.4206,3.4206,4.4206,5.4206,6.4206,9.4206,10.541,11.541,12.541,-10.7729,-1.1858,-16.2975,,67.000502,-47.029521,1829.17,67.000498,-47.029519,1836.63,13.44,-15.8075,-16.1799,86.1929,174.8603,-6.5704
2019-11-01,798.4792,,-17.1226,,75.4324,87.637,1.0088,,,,9.8181,,171.6909,,1.3256,-9.0764,,,8.7633,4.7081,7.8439,7.8439,,208.6066,239.8267,0.6217,-18.0171,,,,,,,,,1.6809,1.6273,3.323,3.323,,,,,-10.4977,-9.0399,-8.2905,-7.9503,-7.9602,-8.2982,-8.7722,-10.098,,,,0.4322,1.4322,2.4322,3.4322,4.4322,5.4322,6.4322,9.4322,10.5526,11.5526,12.5526,-10.3492,-1.1858,-15.532,,67.000504,-47.029618,1829.59,67.0005,-47.02962,1836.56,12.81,-16.9898,-17.1026,87.6021,175.4239,-9.0782
2019-12-01,790.3121,,-24.9888,,76.7454,94.6005,0.5582,,,,8.2031,,175.6747,,0.5786,-7.6497,,,0.793,0.7649,1.0783,1.0783,,186.0539,214.3903,0.678,-25.1451,,,,,,,,,1.5994,1.53,3.393,3.393,,,,,-13.626,-11.2646,-9.9318,-9.1587,-8.7956,-8.7986,-8.9542,-9.8657,,,,0.5023,1.5023,2.5023,3.5023,4.5023,5.5023,6.5023,9.5023,10.6227,11.6227,12.6227,-10.0193,-1.1858,-15.5226,,67.000514,-47.029744,1826.44,67.000503,-47.02972,1836.49,12.53,-24.8904,-24.9789,94.7548,178.1844,-7.6483
2020-01-01,780.3446,,-29.4675,,73.1391,93.5485,0.3737,,,,7.6031,,180.3252,,-0.0348,-6.1345,,,4.0673,2.249,3.5571,3.5571,,176.0419,198.653,0.8015,-29.9498,,,,,,,,,1.575,1.4872,3.4606,3.4606,,,,,-16.6723,-13.8777,-12.0207,-10.7342,-9.9339,-9.5697,-9.398,-9.7957,,,,0.5699,1.5699,2.5699,3.5699,4.5699,5.5699,6.5699,9.5699,10.6903,11.6903,12.6903,-9.8527,-1.1858,-15.5226,,67.000505,-47.029836,1829.35,67.000506,-47.029823,1836.43,12.38,-29.379,-29.4725,94.3272,190.723,-6.1338
2020-02-01,779.1606,,-28.9727,,73.014,92.7489,0.395,,,,7.3698,,165.3153,,1.6887,-6.4439,,,33.5488,22.9293,29.8853,29.8853,,166.4817,199.2223,0.6568,-29.6946,,,,,,,,,1.5714,1.4853,3.4623,3.4623,,,,,-17.4119,-15.2444,-13.5869,-12.2139,-11.183,-10.5325,-10.0614,-9.8874,,,,0.5718,1.5718,2.5718,3.5718,4.5718,5.5718,6.5718,9.5718,10.6922,11.6922,12.6922,-9.8627,-1.1858,-15.5226,,67.000527,-47.029942,1821.23,67.000508,-47.029921,1836.36,12.64,-28.6429,-28.9644,93.577,173.2995,-6.4493
2020-03-01,791.1242,,-27.4417,,76.8743,91.8454,0.5546,,,,7.1944,,187.4692,,-0.7657,-5.8401,,,106.2697,87.2093,89.1227,89.1227,,173.3694,205.6968,0.6727,-28.0775,,,,,,,,,1.5536,1.4727,3.4754,3.4754,,,,,-19.1022,-16.7247,-14.859,-13.3697,-12.2335,-11.4452,-10.7943,-10.116,,,,0.5847,1.5847,2.5847,3.5847,4.5847,5.5847,6.5847,9.5847,10.7051,11.7051,12.7051,-10.0221,-1.1858,-15.5226,,67.000514,-47.030023,1824.15,67.000511,-47.03002,1836.29,13.65,-26.7267,-27.4399,91.3099,185.5325,-5.8017
2020-04-01,801.7083,,-17.4912,,75.5886,85.4919,1.1092,,,,8.9865,,176.2424,,0.5259,-8.0077,,,233.5937,205.6724,195.8135,195.9766,0.9257,195.8573,240.8926,0.4852,-17.9343,-11.7193,,9.9199,,1.9925,1.9271,,,1.5072,1.4574,3.76,3.76,,,,,-17.0609,-16.374,-15.3797,-14.2379,-13.181,-12.3328,-11.5578,-10.455,,,,0.8693,1.8693,2.8693,3.8693,4.8693,5.8693,6.8693,9.8693,10.9897,11.9897,12.9897,-10.4073,-1.1858,-15.5226,,67.000523,-47.030172,1827.35,67.000514,-47.030121,1836.22,14.2,-16.3225,-17.497,85.9467,179.3301,-7.9812
2020-05-01,805.0385,,-9.4909,,76.2523,82.2897,1.8593,,,,6.043,,186.7989,,-0.6121,-5.1344,,,393.0478,370.691,325.7158,325.788,0.893,217.4746,272.593,0.3876,-9.5833,-21.0849,,3.0272,,1.9528,1.9184,,,1.4738,1.4479,3.7459,3.7459,,,,,-13.8878,-14.406,-14.4452,-14.0376,-13.4298,-12.8141,-12.1353,-10.8361,,,,0.8552,1.8552,2.8552,3.8552,4.8552,5.8552,6.8552,9.8552,10.9756,11.9756,12.9756,-10.7734,-1.1858,-15.5226,,67.000518,-47.030266,1826.13,67.000516,-47.030221,1836.15,14.29,-7.1142,-9.4939,83.9565,189.6269,-5.1584
2020-06-01,807.1876,,-4.2058,,81.7744,84.4804,2.9157,,,,5.4031,,190.6657,,-0.6894,-3.6608,,,,,,,0.8514,259.5106,297.6776,0.6321,-3.976,-24.9786,,-2.1535,,1.9219,1.9069,,,1.4773,1.4658,3.743,3.743,,,,,-9.4055,-11.5103,-12.6714,-13.0443,-12.9813,-12.7447,-12.3328,-11.1736,,,,0.8522,1.8522,2.8522,3.8522,4.8522,5.8522,6.8522,9.8522,10.9727,11.9727,12.9727,-11.1171,-1.1858,-15.5226,,67.000525,-47.030374,1829.57,67.000519,-47.030322,1836.09,14.26,-1.3633,-4.2115,85.4992,190.8213,-3.6329
2020-07-01,809.1982,,-1.9739,,83.9417,85.3848,3.4716,,,,4.7311,,208.6451,,-1.5512,-2.8398,,,,,,,0.8424,268.0835,307.0867,0.6178,-1.9384,-22.4433,,0.4498,,1.9454,1.9383,,,1.5478,1.5422,3.7011,3.7011,,,,,-3.1757,-7.0341,-9.7343,-11.1559,-11.817,-12.1053,-12.0978,-11.3785,,,,0.8103,1.8103,2.8103,3.8103,4.8103,5.8103,6.8103,9.8103,10.9308,11.9308,12.9308,-11.3333,-1.1858,-15.5226,,67.000533,-47.030462,1833.33,67.000522,-47.030422,1836.02,14.1,0.5594,-1.9768,86.115,210.4663,-2.8392
2020-08-01,805.5327,,-5.6561,,81.313,84.8613,2.642,,,,5.4367,,186.215,,-0.4323,-3.9698,,,267.8017,242.174,225.4075,225.4103,0.9039,246.2899,289.77,0.5407,-5.6828,-20.5372,,2.5877,,1.7459,1.7276,,,1.4226,1.4077,3.8607,3.8607,,,,,-2.0563,-4.2041,-6.7363,-8.6654,-9.9551,-10.8381,-11.3518,-11.3845,,,,0.97,1.97,2.97,3.97,4.97,5.97,6.97,9.97,11.0904,12.0904,13.0904,-11.382,-1.1858,-15.5226,,67.000529,-47.030569,1829.94,67.000524,-47.030524,1835.95,13.93,-3.7372,-5.6516,86.2382,195.3718,-3.9464
2020-09-01,798.4731,,-13.2014,,85.5103,94.3256,1.6545,,,,6.0833,,148.0225,,1.6343,-2.6177,,,118.0354,107.3626,109.4029,109.0152,,241.1113,261.125,0.7888,-12.7399,-5.8937,,1.6441,,1.6147,1.575,,,1.2097,1.1803,4.0517,4.0517,,,,,-6.3485,-6.3108,-6.755,-7.466,-8.2267,-9.0832,-9.5494,-11.1495,,,,1.0275,2.0275,3.0275,4.0275,5.0275,6.0275,7.0275,10.0275,11.2814,12.2814,13.2814,-11.139,-1.1858,-15.5226,,67.000532,-47.030658,1832.8,67.000527,-47.030625,1835.88,13.7,-12.1392,-13.1854,95.5532,188.3108,-2.5958
2020-10-01,800.3499,,-14.1214,,85.9809,95.3785,1.547,,,,8.9248,,138.9906,,5.1648,-5.9395,,,46.7952,34.4136,43.1947,43.1947,,224.3333,255.6071,0.6343,-14.0462,-1.3389,,16.1141,,1.5798,1.5383,,,1.1406,1.1106,4.1266,4.1266,,,,,-8.1557,-7.8077,-7.7133,-7.8669,-8.3373,-8.8137,-9.3598,-10.7434,,,,1.0617,2.0617,3.0617,4.0617,5.0617,6.0617,7.0617,10.0617,11.3563,12.3563,13.3563,-10.7189,-1.1858,-15.5226,,67.000537,-47.030751,1836.57,67.00053,-47.030725,1835.81,13.28,-13.7851,-14.137,95.2362,141.4882,-5.9436
2020-11-01,789.0057,,-22.0384,,82.5215,99.1059,0.7792,,,,7.7322,,140.9884,,3.7752,-4.66,,,7.679,5.8254,7.4774,7.4774,,204.9627,224.2639,0.8076,-22.4577,,,,,1.5393,1.4739,,,1.0193,0.9775,4.2213,4.2213,,,,,-10.9675,-9.5544,-8.8592,-8.5809,-8.6879,-8.847,-9.2918,-10.4109,,,,1.1516,2.1516,3.1516,4.1516,5.1516,6.1516,7.1516,10.1516,11.4461,12.4461,13.4461,-10.3563,-1.1858,-15.5226,,67.000537,-47.030849,1839.73,67.000533,-47.030826,1835.74,12.76,-21.8961,-22.0501,98.7928,151.9618,-4.6382
2020-12-01,799.1053,,-20.7773,,82.5027,97.5197,0.8636,,,,9.3519,,140.469,,4.7039,-5.7001,,,0.775,0.771,0.9246,0.9246,,203.9456,228.0221,0.7329,-21.3741,1.9322,,19.0538,,1.4494,1.396,,,0.9451,0.9083,4.3056,4.3056,,,,,-12.9246,-11.363,-10.3343,-9.6709,-9.3963,-9.1673,-9.4888,-10.2256,,,,1.2408,2.2408,3.2408,4.2408,5.2408,6.2408,7.2408,10.2408,11.5353,12.5353,13.5353,-10.1689,-1.1858,-15.5226,,67.000537,-47.03097,1834.54,67.000535,-47.030926,1835.68,12.53,-20.646,-20.7774,97.5319,152.2283,-5.7428
2021-01-01,800.9409,,-21.6105,,79.5675,95.2331,0.7621,,,,8.5251,,137.497,,5.0799,-5.5432,,,5.0006,2.1701,5.0216,5.0216,,191.2713,223.5626,0.6184,-22.5249,1.2908,,26.4034,,1.3873,1.3323,,,0.8614,0.8265,4.3547,4.3547,,,,,-13.164,-12.0376,-11.2266,-10.5768,-10.1664,-9.7373,-9.8614,-10.1815,,,,1.2898,2.2898,3.2898,4.2898,5.2898,6.2898,7.2898,10.2898,11.5844,12.5844,13.5843,-10.1504,-1.1858,-15.5226,,67.000542,-47.031088,1837.13,67.000538,-47.031029,1835.61,12.43,-21.4602,-21.6142,94.9803,145.0327,-5.4963
2021-02-01,793.0059,,-24.5365,,77.8955,94.531,0.6266,,,,9.2126,,127.3782,,6.8271,-5.2156,,,34.4587,21.7998,29.048,29.048,,178.5046,214.0991,0.6004,-25.3283,0.6191,,23.0976,,1.3965,1.3337,,,0.8518,0.8123,4.3696,4.3696,,,,,-14.8083,-13.1477,-12.0521,-11.2475,-10.7397,-10.2201,-10.2333,-10.2419,,,,1.3047,2.3047,3.3047,4.3047,5.3047,6.3047,7.3047,10.3047,11.5992,12.5992,13.5992,-10.2406,-1.1858,-15.5226,,67.000545,-47.031204,1840.09,67.000541,-47.031126,1835.54,12.72,-24.2721,-24.548,95.4057,129.8577,-5.2224
2021-03-01,792.0094,,-22.6961,,81.0391,95.0583,0.8267,,,,9.1196,,141.7076,,5.0266,-6.3665,,,105.2344,82.4375,93.6361,93.6361,,183.0734,221.946,0.5691,-23.2726,,,,,1.341,1.2916,,,0.8429,0.8066,4.3781,4.3781,,,,,-14.808,-13.6608,-12.7663,-11.9665,-11.3758,-10.7301,-10.6498,-10.3806,,,,1.3133,2.3133,3.3133,4.3133,5.3133,6.3133,7.3133,10.3133,11.6078,12.6078,13.6078,-10.4089,-1.1858,-15.5226,,67.000552,-47.031317,1838.93,67.000543,-47.031223,1835.47,13.82,-22.0103,-22.7068,94.7496,147.6808,-6.3935
2021-04-01,810.8224,,-14.8288,,83.5732,92.2417,1.5019,,,,6.5861,,156.9176,,1.6506,-3.873,,,219.3002,198.8208,193.3713,193.5262,0.932,217.833,252.6327,0.6298,-14.9738,-7.9673,,4.614,,1.0165,0.9894,,,0.5607,0.5451,4.6617,4.6617,,,,,-14.6128,-13.9577,-13.2023,-12.4674,-11.8893,-11.1949,-11.0807,-10.5804,,,,1.5968,2.5968,3.5968,4.5968,5.5968,6.5968,7.5968,10.5968,11.8914,12.8914,13.8913,-10.6814,-1.1858,-15.5226,,67.000546,-47.031424,1839.66,67.000546,-47.031324,1835.41,14.11,-13.4019,-14.8246,93.0446,167.532,-3.8725
2021-05-01,807.8735,,-12.0086,,76.4711,83.9739,1.5662,,,,7.5071,,128.3229,,5.4335,-4.2946,,,386.2771,362.3361,327.1002,329.3059,0.909,204.4625,262.4978,0.3508,-12.0551,-17.5269,,2.4064,,1.0105,0.9881,,,0.5535,0.5414,4.6623,4.6623,,,,,-13.1246,-13.181,-12.9472,-12.5565,-12.1512,-11.5137,-11.4279,-10.7972,,,,1.5975,2.5975,3.5975,4.5975,5.5975,6.5975,7.5975,10.5975,11.892,12.892,13.892,-10.9226,-1.1858,-15.5226,,67.000535,-47.03154,1840.68,67.000548,-47.031424,1835.34,14.28,-9.8667,-12.0182,85.917,135.9897,-4.2866
2021-06-01,804.5263,,-5.3806,,85.2775,88.8197,2.8238,,,,4.9209,,156.6045,,1.3557,-3.1336,,,,,,,0.8753,251.5684,292.7684,0.5844,-5.012,-21.2703,,-3.4627,,1.0567,1.0461,,,0.6188,0.6125,4.6002,4.6002,,,,,-10.8566,-12.0628,-12.355,-12.3021,-12.0964,-11.604,-11.6238,-11.0079,,,,1.5354,2.5354,3.5354,4.5354,5.5354,6.5354,7.5354,10.5353,11.8299,12.8299,13.8299,-11.1174,-1.1858,-15.5226,,67.000547,-47.031594,1841.17,67.000551,-47.031525,1835.27,14.3,-2.5426,-5.394,89.4358,173.4894,-3.13
2021-07-01,807.6184,,-2.5916,,87.6052,89.39,3.5334,,,,5.2796,,154.9397,,1.5729,-3.3639,,,,,,,0.8613,263.1964,303.3612,0.5884,-2.8259,-16.4483,,5.3087,,1.015,1.0103,,,0.5502,0.5477,4.6504,4.6504,,,,,-5.624,-8.6959,-10.426,-11.2861,-11.593,-11.3599,-11.5831,-11.1269,,,,1.5856,2.5856,3.5856,4.5856,5.5856,6.5856,7.5856,10.5856,11.8801,12.8801,13.8801,-11.2165,-1.1858,-15.5226,,67.000566,-47.031696,1837.52,67.000554,-47.031625,1835.2,14.19,-0.2417,-2.6061,90.3697,164.441,-3.3458
2021-08-01,807.6531,,,,87.4627,88.6482,,,,,,,,,,,,,,,,,0.8445,,,,,,,,,1.316,1.3117,,,0.8827,0.8795,4.5127,,,,,,-0.4228,-4.2613,-7.3727,-9.3537,-10.4105,-10.6336,-11.1919,-11.0941,,,,1.4851,2.4851,3.4851,4.4851,5.4851,6.4851,7.4851,10.4851,11.7796,12.7796,13.7796,,,,,67.000569,-47.03177,1839.11,67.000557,-47.031727,1835.13,13.94,,,,,
2021-09-01,801.5601,,-16.4614,,81.9104,91.7903,1.2703,,,,5.4379,,122.548,,2.9518,-1.884,,,139.4081,141.7221,119.884,119.884,,206.1616,244.225,0.5485,-17.0247,-4.2431,,8.547,,2.396,2.3223,,,1.8977,1.8396,4.3382,4.3382,,,,,-2.1665,-3.3929,-5.2382,-7.0181,-8.3692,-9.033,-10.1175,-10.9156,,,,1.2733,2.2733,3.2733,4.2733,5.2733,6.2733,7.2733,10.2733,11.5679,12.5679,13.5679,-10.84,-0.2993,0.8696,,67.000589,-47.031899,1839.01,67.000559,-47.031828,1835.06,14.2,-15.5023,,,,
2021-10-01,805.0089,,-17.6928,,80.1513,91.2028,1.1156,,,,6.2269,,119.1911,,4.3014,-2.4031,,,57.3662,59.3451,47.0208,47.0208,,212.9432,243.0121,0.6186,-17.3334,-2.5671,,18.8429,,2.3248,2.2477,,,1.8241,1.7636,4.4286,4.4286,,,,,-7.7202,-6.5782,-6.4409,-6.9558,-7.7093,-8.1555,-9.304,-10.6038,,,,1.3637,2.3637,3.3637,4.3637,5.3637,6.3637,7.3637,10.3637,11.6583,12.6583,13.6583,-10.4454,-0.2708,0.8891,,67.000595,-47.031993,1838.76,67.000562,-47.031928,1835.0,14.17,-17.4319,,,,
2021-11-01,796.7722,,-20.9179,,89.903,100.724,1.1686,,,,5.9394,,151.501,,2.0844,-3.8392,,,,,,,,,,,,,,,,2.1582,2.0717,,,1.6355,1.5699,4.5784,4.5784,,,,,-9.998,-8.8402,-8.1643,-7.9692,-8.1147,-8.1054,-8.9947,-10.246,,,,1.5137,2.5137,3.5137,4.5137,5.5137,6.5137,7.5137,10.5137,11.8083,12.8083,13.8083,-10.0331,-0.2225,0.8642,,,,,67.000565,-47.032029,1834.93,13.77,-20.9268,,,,
2021-12-01,792.4694,,-20.7265,,77.6141,91.7378,0.8187,,,,11.0496,,117.2644,,9.2625,-4.7734,,,0.6164,0.6164,0.8604,0.8604,,189.1357,226.0157,0.5429,-21.8248,-0.076,,31.3624,,1.9723,1.8954,,,1.5968,1.5344,4.7146,4.7146,,,,,-10.8653,-10.0598,-9.4049,-8.9812,-8.811,-8.4824,-9.1044,-10.0096,,,,1.6497,2.6497,3.6497,4.6497,5.6497,6.6497,7.6497,10.6497,11.9443,12.9443,13.9443,-9.8121,-0.2265,0.7943,,,,,67.000567,-47.032129,1834.86,13.0,-20.7716,,,,
2022-01-01,785.9664,,-23.139,,80.1756,96.6273,0.705,,,,8.2818,,134.2723,,4.9417,-4.8177,,,3.3317,3.5405,3.0714,3.0714,,196.8357,219.4921,0.7627,-23.7785,1.0355,,14.7053,,2.0093,1.9219,,,1.4086,1.3499,4.7732,4.7732,,,,,-12.3989,-11.2009,-10.3487,-9.7776,-9.4571,-8.9473,-9.3964,-9.9264,,,,1.7081,2.7081,3.7081,4.7081,5.7081,6.7081,7.7081,10.7081,12.0026,13.0026,14.0026,-9.8042,-0.193,0.9071,,,,,67.00057,-47.032231,1834.79,12.69,-23.1419,,,,
2022-02-01,782.1132,,-26.06,,76.0865,94.8395,0.5144,,,,7.8097,,,,,,,,29.1905,30.0367,25.2408,25.2408,,184.3556,210.1507,0.7364,-26.4392,,,,,1.9966,1.8985,,,1.5013,1.4278,4.7617,4.7617,,,,,-14.155,-12.5825,-11.4249,-10.6117,-10.1057,-9.4343,-9.7372,-9.9531,,,,1.6969,2.6969,3.6969,4.6969,5.6969,6.6969,7.6969,10.6969,11.9914,12.9914,13.9914,-9.9031,-0.173,0.9128,,,,,67.000573,-47.032329,1834.72,12.63,-25.9143,,,,
2022-03-01,788.7548,,-24.0093,,74.2215,88.1512,0.6615,,,,,,,,,,,,110.7737,113.0746,90.5383,90.5383,,177.5561,216.5977,0.5629,-24.6424,,,,,1.9993,1.9086,,,1.4836,1.4162,4.7737,4.7737,,,,,-14.8117,-13.4452,-12.3297,-11.4395,-10.8131,-10.0016,-10.1659,-10.0655,,,,1.7088,2.7088,3.7088,4.7088,5.7088,6.7088,7.7088,10.7088,12.0034,13.0034,14.0034,-10.0892,-0.2211,0.9276,,,,,67.000575,-47.032426,1834.66,13.94,-23.518,,,,
2022-04-01,804.9499,,-14.0254,,79.4845,88.6867,1.4116,,,,,,,,,,,,203.3093,205.138,172.5249,172.5249,0.8377,217.0516,254.2373,0.5841,-14.3393,,,,,1.8401,1.7918,,,1.3619,1.3262,4.8717,4.8717,,,,,-14.2202,-13.6705,-12.8865,-12.0994,-11.4634,-10.595,-10.6613,-10.2683,,,,1.8069,2.8069,3.8069,4.8069,5.8069,6.8069,7.8069,10.8069,12.1014,13.1014,14.1014,-10.375,-0.2983,0.9472,,,,,67.000578,-47.032526,1834.59,14.26,-12.7042,,,,
2022-05-01,802.7262,,-13.2098,,73.9882,81.8308,1.4045,,,,,,,,,,,,320.2567,321.7855,267.7003,267.7003,0.8317,205.336,257.8739,0.4195,-13.3026,,,,,1.7579,1.7145,,,1.2185,1.1884,4.9779,4.9779,,,,,-12.9802,-12.9211,-12.6211,-12.1966,-11.7641,-10.9849,-11.0585,-10.4923,,,,1.913,2.913,3.913,4.913,5.913,6.913,7.913,10.913,12.2076,13.2076,14.2076,-10.6646,-0.2908,0.9773,,,,,67.000581,-47.032627,1834.52,14.26,-11.1728,,,,
2022-06-01,806.06,,-6.9736,,80.6888,84.7826,2.4186,,,,,,,,,,,,348.211,348.5934,290.2864,290.2864,0.8368,241.7958,285.1061,0.5604,-6.7916,,,,,1.6288,1.6071,,,1.1049,1.0899,5.0797,5.0797,,,,,-11.9943,-12.2958,-12.264,-12.0583,-11.7923,-11.1321,-11.2818,-10.7148,,,,2.0148,3.0148,4.0148,5.0148,6.0148,7.0148,8.0148,11.0148,12.3094,13.3094,14.3094,-10.906,-0.3377,1.0491,,,,,67.000583,-47.032727,1834.45,14.24,-4.5959,,,,
2022-07-01,807.828,,-1.72,,84.9011,86.1807,3.5814,,,,,,,,,,,,314.4805,315.3596,247.5181,247.5181,0.7859,267.833,307.8586,0.622,-1.7426,,,,,1.6514,1.6461,,,1.1492,1.1455,5.0335,5.0335,,,,,-8.3569,-10.3545,-11.2908,-11.5937,-11.5976,-11.0995,-11.3539,-10.881,,,,1.9687,2.9687,3.9687,4.9687,5.9687,6.9687,7.9687,10.9687,12.2632,13.2632,14.2632,-11.0351,-0.4237,1.1087,,,,,67.000586,-47.032828,1834.39,14.13,0.5885,,,,
2022-08-01,804.9665,,-4.0634,,87.4895,90.4055,3.143,,,,,,,,,,,,211.0065,212.1824,176.6049,176.6049,0.8385,271.3834,297.1716,0.7658,-4.0473,,,,,1.7236,1.7108,,,1.4421,1.4312,4.8588,4.8588,,,,,-3.8539,-6.4254,-8.4729,-9.8471,-10.5847,-10.56,-11.1204,-10.9619,,,,1.794,2.794,3.794,4.794,5.794,6.794,7.794,10.794,12.0885,13.0885,14.0885,-11.0024,-0.3978,1.0234,,,,,67.000589,-47.03293,1834.32,14.08,-2.6661,,,,
2022-09-01,807.2971,,-3.1165,,92.3362,94.5129,3.6001,,,,,,,,,,,,106.045,107.0438,91.1911,91.1911,,285.611,299.7746,0.8679,-3.5923,,,,,1.6187,1.6097,,,1.2754,1.2686,4.9915,4.9915,,,,,-1.4662,-4.5762,-6.6089,-7.9048,-8.4334,-7.7061,-7.2957,-4.895,,,,1.9266,2.9266,3.9266,4.9266,5.9266,6.9266,7.9266,10.9266,12.2211,13.2211,14.2211,-5.5859,-0.4846,0.9818,,,,,67.000591,-47.03303,1834.25,13.93,-2.519,,,,
2022-10-01,797.4103,,-13.7943,,86.9953,96.1804,1.6125,,,,,,,,,,,,48.1683,49.1767,40.7812,40.7386,,231.4162,255.2392,0.7223,-14.1932,,,,,1.3501,1.3152,,,0.9516,0.9254,5.3221,5.3221,,,,,-2.8015,-3.7725,-4.9215,-5.8882,-6.4444,-6.2152,-6.6411,-6.4455,,,,2.2572,3.2572,4.2572,5.2572,6.2572,7.2572,8.2572,11.2572,12.5517,13.5517,14.5517,-6.5148,-0.4139,0.8634,,,,,67.000594,-47.033131,1834.18,13.89,-13.5145,,,,
2022-11-01,791.165,,-17.9519,,81.2939,94.3341,1.064,,,,,,,,,,,,9.2737,9.9238,7.7982,7.7253,,207.1246,237.3283,0.644,-18.7647,,,,,1.1308,1.0928,,,0.6817,0.6605,5.5449,5.5449,,,,,-5.1666,-5.0322,-5.1849,-5.5169,-5.8581,-5.7179,-6.4759,-7.1815,,,,2.4856,3.4856,4.4856,5.4856,6.4856,7.4856,8.4856,11.4856,12.7802,13.7802,14.7802,-6.8336,-0.4074,0.8468,,,,,67.000597,-47.033231,1834.11,13.15,-17.9308,,,,
2022-12-01,810.4487,,-24.1436,,77.6832,93.0099,0.6436,,,,,,,,,,,,0.8779,0.8779,0.9836,0.9836,,181.9184,214.5586,0.613,-25.247,,,,,1.1106,1.0603,,,,,5.6628,5.6628,,,,,-6.7768,-6.2039,-5.9285,-5.8984,-6.0069,-5.7463,-6.5341,-7.4753,,,,2.6112,3.6112,4.6112,5.6112,6.6112,7.6112,8.6112,11.6112,12.9058,13.9058,14.9058,-6.9681,-0.308,0.8028,,,,,67.000599,-47.033332,1834.04,12.76,-24.1369,,,,
2023-01-01,790.0191,,-29.3446,,77.1539,97.3543,0.4145,,,,,,,,,,,,4.0239,4.0567,3.2005,3.1468,,173.3081,198.8105,0.7627,-29.9596,,,,,1.0332,0.9757,,,,,5.93,5.93,,,,,-8.9812,-7.7496,-6.9883,-6.6074,-6.4822,-6.0504,-6.7661,-7.6441,,,,2.8661,3.8661,4.8661,5.8661,6.8661,7.8661,8.8661,11.8661,13.1607,14.1607,15.1607,-7.098,-0.2415,0.7817,,,,,67.000602,-47.033434,1833.97,12.56,-29.3668,,,,
2023-02-01,782.3707,,-26.4398,,78.5369,95.3701,0.5711,,,,,,,,,,,,34.9197,36.1503,25.8079,25.8079,,179.1889,208.1815,0.7047,-27.172,,,,,0.9239,0.8778,,,,,6.0323,6.0323,,,,,-10.408,-9.1744,-8.2109,-7.5579,-7.1928,-6.5571,-7.1399,-7.8061,,,,2.9669,3.9669,4.9669,5.9669,6.9669,7.9669,8.9669,11.9669,13.2615,14.2615,15.2615,-7.3697,-0.265,0.7992,,,,,67.000605,-47.033531,1833.91,12.89,-26.3261,,,,
2023-03-01,804.8344,,-23.3454,,72.6463,87.2952,0.6165,,,,,,,,,,,,119.9669,122.9125,94.1021,94.1021,,166.5541,217.0622,0.3831,-24.2283,,,,,0.9367,0.8955,,,,,6.0149,6.0149,,,,,-11.0706,-10.0462,-9.1376,-8.4253,-7.9466,-7.1655,-7.6191,-8.0012,,,,2.95,3.95,4.95,5.95,6.95,7.95,8.95,11.95,13.2446,14.2446,15.2446,-7.7527,-0.3252,0.8203,,,,,67.000607,-47.033628,1833.84,14.06,-22.7218,,,,
2023-04-01,804.0725,,-14.7713,,75.5804,84.7691,1.2752,,,,,,,,,,,,227.8786,230.8303,181.5041,181.5041,0.7879,197.0902,250.115,0.3715,-15.2951,,,,,0.9058,0.8807,,,,,6.0294,6.0294,,,,,-11.5608,-10.6475,-9.8133,-9.1264,-8.6223,-7.7736,-8.1412,-8.2549,,,,2.9644,3.9644,4.9644,5.9644,6.9644,7.9644,8.9644,11.9644,13.259,14.259,15.259,-8.1811,-0.4068,0.8818,,,,,67.00061,-47.033729,1833.77,14.25,-13.6075,,,,
2023-05-01,800.4831,,-10.9873,,78.8744,86.1607,1.7358,,,,,,,,,,,,298.3992,299.6871,250.1299,250.1299,0.8388,230.6544,267.9638,0.6162,-10.8406,,,,,0.8329,0.8159,,,,,6.0947,6.0947,,,,,-10.8948,-10.6072,-10.1254,-9.6065,-9.1556,-8.2973,-8.6192,-8.5293,,,,3.0298,4.0298,5.0298,6.0298,7.0298,8.0298,9.0298,12.0298,13.3244,14.3244,15.3244,-8.5911,-0.4075,0.9228,,,,,67.000613,-47.033829,1833.71,14.1,-9.0844,,,,
2023-06-01,805.5595,,-6.0762,,88.3295,92.4402,2.7942,,,,,,,,,,,,320.2839,320.4117,274.839,274.7405,0.8603,263.9756,290.0062,0.7825,-5.7392,,,,,2.7862,2.7593,,,2.2677,2.2468,6.3738,6.3738,,,,,-6.3495,-9.3128,-10.2867,-10.446,-10.3413,-9.9629,-9.8029,-9.2781,,,,0.8724,1.7919,2.7919,3.7919,4.7919,5.7919,6.7919,9.7919,13.6131,14.6131,15.6131,-9.1557,0.1356,1.1029,,67.000733,-47.034043,1835.15,67.000709,-47.034016,1836.73,14.14,-4.1581,,,,
2023-07-01,813.3911,,-0.4521,,93.187,93.9076,4.2915,,,,4.6264,,165.5679,,0.8907,-3.461,,,269.3612,270.3688,209.9603,209.9603,0.7802,289.1149,312.9332,0.7708,-1.0966,-0.419,,8.9351,,3.7866,3.7835,,,2.5719,2.5699,6.1027,6.1027,,,,,-0.8831,-2.3211,-3.0899,-6.2941,-8.3606,-9.3049,-9.5053,-8.7179,,,,,0.7423,1.7423,2.7423,3.7423,4.7423,5.7423,8.7423,13.3324,14.3324,15.3324,,-0.1694,2.0195,,67.000748,-47.034131,1837.51,67.000748,-47.034154,1838.15,14.21,1.3503,,,,
2023-08-01,811.4255,,-2.5823,,91.5489,93.5166,3.6538,,,,5.5134,,183.0819,,-0.218,-4.048,,,213.7091,220.0272,177.0591,177.0591,0.802,267.5766,303.17,0.6517,-2.8134,-5.8472,,5.0976,,4.0505,4.0311,,,2.8733,2.8596,5.832,5.832,,,,,0.0511,-0.1477,-0.5065,-3.0571,-5.3002,-6.9443,-7.9198,-8.9628,,,,,0.4716,1.4716,2.4716,3.4716,4.4716,5.4716,8.4716,13.0617,14.0617,15.0617,,-0.6517,5.114,,67.000753,-47.034253,1836.84,67.000751,-47.034263,1838.47,14.12,-1.2829,,,,
2023-09-01,802.8638,,-12.2045,,91.7221,100.6157,1.8771,,,,6.4052,,162.5051,,1.1534,-3.6591,,,124.2662,136.4872,111.7916,111.7916,,228.0723,260.8558,0.6167,-12.6931,1.6729,,7.8559,,3.8443,3.7569,,,2.6738,2.6131,6.0945,6.0945,,,,,-1.8559,-0.5423,-0.7284,-2.3628,-4.127,-5.718,-6.6735,-8.7626,,,,,0.7341,1.7341,2.7341,3.7341,4.7341,5.7341,8.7341,13.3241,14.3241,15.3241,-9.6421,-0.5826,6.0256,,67.000761,-47.034375,1833.89,67.000754,-47.034369,1838.78,14.0,-11.6112,,,,
2023-10-01,800.0582,,-15.1169,,92.6599,104.0616,1.5329,,,,8.384,,161.2397,,1.8598,-5.4754,,,44.7862,54.2824,43.7428,42.8792,,217.6569,248.3386,0.6294,-15.9076,7.8427,,16.9473,,3.7012,3.5963,,,2.5129,2.4416,6.2586,6.2586,,,,,-6.678,-4.4488,-3.0009,-2.7573,-3.8339,-5.2097,-5.6255,-8.333,,,,,0.9006,1.9006,2.9006,3.9006,4.9006,5.9006,8.9006,13.4906,14.4906,15.4906,-9.321,-0.636,6.1242,,67.000766,-47.034451,1832.32,67.000757,-47.034476,1839.09,13.78,-14.9856,,,,
2023-11-01,798.4415,,-16.7687,,90.0552,103.9709,1.249,,,,10.355,,155.5183,,3.7607,-8.2592,,,3.2491,4.9711,3.3475,3.1562,,206.1756,240.7289,0.576,-17.7657,9.7166,,23.8662,,3.5954,3.4825,,,2.3914,2.3164,6.3805,6.3805,,,,,-9.1124,-7.3529,-5.6207,-4.1965,-4.6427,-5.5833,-5.0398,-7.9666,,,,,1.0242,2.0242,3.0242,4.0242,5.0242,6.0242,9.0242,13.6143,14.6143,15.6143,-8.9189,-0.6554,6.1955,,,,,67.00076,-47.034583,1839.4,13.21,-16.8062,,,,
2023-12-01,794.4526,,-24.6483,,83.6148,101.1884,0.6684,,,,7.8894,,162.8647,,1.9207,-6.2298,,,0.7591,0.7591,1.0373,1.0373,,188.0445,214.0282,0.7273,-25.3813,3.4203,,17.9874,,3.6354,3.4663,,,2.421,2.3084,6.3926,6.3926,,,,,-11.2995,-9.1268,-7.1813,-5.2274,-5.5005,-6.2617,-5.0753,-7.7978,,,,0.0322,1.0322,2.0322,3.0322,4.0322,5.0322,6.0322,9.0322,13.6223,14.6223,15.6223,-8.6761,-0.6794,6.0601,,,,,67.000763,-47.03469,1839.72,12.77,-24.7168,,,,
2024-01-01,788.173,,-24.6478,,93.0751,107.0842,0.94,,,,7.0054,,159.2936,,2.1654,-5.7287,,,,,,,,208.0436,231.4023,0.7375,-20.6898,,,,,3.5973,3.4236,,,2.3876,2.2753,6.4289,6.4289,,,,,-13.8986,-11.5301,-9.0467,-6.5159,-6.4633,-7.0388,-5.3927,-7.7904,,,,0.0685,1.0685,2.0685,3.0685,4.0685,5.0685,6.0685,9.0685,13.6586,14.6586,15.6586,-8.5359,-0.6794,6.0601,,,,,67.000766,-47.034799,1840.03,12.67,-24.6828,,,,
2024-02-01,788.8466,,-26.6119,,86.6366,104.8688,0.6343,,,,7.6263,,154.6047,,2.6903,-5.6669,,,,,,,,186.8197,211.5964,0.7504,-26.2367,5.503,,17.6627,,3.5562,3.3769,,,2.3589,2.24,6.4711,6.4711,,,,,-17.3169,-14.2211,-10.8065,-7.8153,-7.4976,-7.8948,-5.9149,-7.9224,,,,0.1107,1.1107,2.1107,3.1107,4.1107,5.1107,6.1107,9.1107,13.7008,14.7008,15.7008,-8.518,-0.6794,6.0601,,,,,67.000769,-47.034904,1840.34,13.03,-26.5042,,,,
2024-03-01,799.5989,,-20.4426,,82.9547,97.1487,0.9163,,,,8.6101,,141.3849,,5.065,-6.3413,,,104.2451,122.0269,95.3228,95.3228,,183.1134,227.0397,0.4559,-21.5374,3.5427,,21.8216,,3.4912,3.3571,,,2.2875,2.1997,6.5026,6.5026,,,,,-15.4974,-13.744,-11.5972,-8.8497,-8.5542,-8.7966,-6.5652,-8.1481,,,,0.1422,1.1422,2.1422,3.1422,4.1422,5.1422,6.1422,9.1422,13.7323,14.7323,15.7323,-8.6012,-0.6794,6.0601,,,,,67.000772,-47.035009,1840.64,14.14,-20.0268,,,,
2024-04-01,805.1158,,-14.8433,,84.8495,93.8442,1.4907,,,,6.9258,,158.666,,2.0745,-5.3116,,,210.9394,226.2331,188.0355,188.0355,0.8301,211.1562,251.0045,0.5492,-15.2561,-4.2481,,6.2771,,3.3992,3.3039,,,2.2239,2.1616,6.5434,6.5434,,,,,-14.5572,-13.4779,-11.8907,-9.2858,-9.1645,-9.4406,-7.147,-8.4508,,,,0.1824,1.1824,2.1824,3.1824,4.1824,5.1824,6.1824,9.1824,13.7725,14.7725,15.7725,-8.8069,-0.6794,6.0601,,67.00078,-47.035107,1832.24,67.000775,-47.035116,1840.96,14.39,-13.7975,,,,
2024-05-01,804.4165,,-15.8136,,82.0517,92.713,1.2839,82.8443,92.0139,,4.9857,,185.0396,,-0.2445,-2.7726,,,311.3526,322.185,271.5222,271.5222,0.834,205.4239,250.5587,0.5299,-15.2699,-9.3605,,-9.4805,,3.4488,3.3476,3.5602,3.4754,2.0774,2.0139,6.696,6.696,,,,,-11.8923,-11.8996,-11.4743,-9.5784,-9.6957,-10.0052,-8.022,-9.0043,-9.8129,-8.9631,-8.6239,0.298,1.198,2.1174,3.0368,3.9561,4.8755,5.7948,8.4722,12.6446,13.8058,14.9671,-8.9588,-0.6809,6.0568,,67.000785,-47.035197,1833.24,67.000778,-47.035223,1841.27,14.38,-13.7396,,,,
2024-06-01,804.0338,804.5722,-4.7306,-4.6473,85.7067,88.6604,3.0003,84.7044,87.5747,2.9823,6.1946,6.068,143.641,192.2223,2.1994,-2.9877,-0.9387,-4.3334,343.6658,346.0771,286.7018,286.6483,0.8317,260.4229,297.6867,0.6722,-4.0601,-23.4352,-25.0478,-7.2664,-6.5338,4.5447,4.5046,3.4527,3.4228,,,6.7652,6.7652,4.8,5.3315,2.2,2.4737,-3.0979,-6.1171,-8.3261,-9.6035,-10.1693,-10.5691,-10.5879,-10.4799,-9.8727,-9.1124,-8.7719,0.0526,0.5521,1.0521,1.5521,2.0521,2.5521,3.0521,4.0521,6.0521,8.0521,10.0521,-8.7807,-0.6794,6.0601,,67.000774,-47.035359,1849.07,67.000781,-47.03533,1841.58,14.13,-2.4271,-4.7421,89.2917,163.7129,-3.007
2024-07-01,801.8863,802.4153,-3.5888,-3.5223,87.8558,90.3714,3.2934,87.1823,89.6387,3.2823,5.1768,5.13,95.0482,197.1105,2.9624,-0.2617,-0.9397,-3.0526,319.9711,323.3161,260.6849,260.6849,0.8119,259.1048,301.6851,0.605,-3.1523,-17.2675,-18.4682,-5.6678,-5.4933,4.5412,4.511,3.4576,3.435,,,6.7559,6.7559,2.6,2.9512,0.0,0.0,-1.8613,-1.3703,-3.134,-5.4342,-7.325,-8.7409,-9.1721,-9.682,-9.7622,-9.2696,-8.9859,0.0555,0.5428,1.0428,1.5428,2.0428,2.5428,3.0428,4.0428,6.0428,8.0428,10.0428,-8.9925,-0.6794,6.0601,,67.000777,-47.03546,1848.59,67.000784,-47.035437,1841.89,14.04,-1.3883,-3.5823,90.9962,117.3815,-0.2553
2024-08-01,799.9993,800.6101,-5.2916,-5.2164,89.6018,92.9615,3.0492,89.1058,92.4007,3.0459,5.2058,5.0286,79.7053,186.4699,2.7395,0.4976,-0.3124,-2.7549,217.1777,224.56,188.7726,188.7727,0.8256,256.4072,292.7988,0.6335,-5.1229,-10.8421,-11.3207,-2.1784,-1.6679,4.5613,4.5164,3.4808,3.4471,,,6.7473,6.7473,3.0,3.3418,1.0,1.1126,-3.0174,-1.6033,-1.9966,-3.5839,-5.1874,-6.7163,-7.3355,-8.3466,-9.2775,-9.2294,-9.1081,,0.5341,1.0341,1.5341,2.0341,2.5341,3.0341,4.0341,6.0341,8.0341,10.0341,-9.1084,-0.6794,6.0601,,67.000778,-47.035565,1847.82,67.000787,-47.035546,1842.21,13.88,-3.7101,-5.2841,93.7319,125.662,0.4884
2024-09-01,809.0378,809.6915,-8.6944,-8.6142,89.8411,96.006,2.3462,89.5088,95.6015,2.348,6.337,6.233,91.1587,197.556,3.72,-0.0752,-1.2552,-3.9676,111.9079,121.1949,111.3435,111.3435,,248.231,277.4604,0.6847,-8.6366,-6.6343,-6.9001,0.0349,0.7796,4.3709,4.3002,3.2939,3.2412,,,6.9526,6.9526,1.8,2.0607,0.2,0.2211,-5.5812,-5.4258,-5.0408,-5.4236,-5.9316,-6.6417,-6.96,-7.654,-8.6857,-8.992,-9.1065,0.2435,0.7435,1.2435,1.7435,2.2435,2.7435,3.2435,4.2435,6.2435,8.2435,10.2435,-9.0915,-0.6794,6.0601,,67.000783,-47.03567,1848.38,67.00079,-47.035653,1842.52,13.76,-7.5051,-8.6965,95.9264,109.7691,-0.0689
2024-10-01,800.3051,801.1365,-19.4439,-19.3209,79.1631,91.44,0.9637,78.8654,91.0047,0.9684,6.5017,6.0756,68.1827,174.8674,5.1794,2.0734,0.4702,-5.2352,45.812,55.6059,47.7118,47.692,,205.6529,236.0338,0.6696,-19.1846,-4.2408,-4.096,-3.3592,-1.5414,4.2276,4.0729,3.1045,2.9917,,,7.1947,7.1947,0.0,0.0,0.0,0.0,-10.7952,-9.3078,-7.7587,-7.3789,-7.1725,-7.3059,-7.3718,-7.687,-8.3865,-8.7415,-9.0155,0.4819,0.9819,1.4819,1.9819,2.4819,2.9819,3.4819,4.4819,6.4819,8.4819,10.4819,-8.9494,-0.6794,6.0601,,67.000791,-47.035773,1848.48,67.000793,-47.03576,1842.83,13.52,-17.9384,-19.4422,94.1644,78.5632,2.0374
2024-11-01,800.148,800.9321,-22.1383,-22.0161,80.5694,95.8499,0.7783,80.8603,96.1399,0.7866,7.4531,7.0129,71.4183,181.2192,5.3949,1.8136,-0.1171,-5.502,5.8042,7.4298,5.953,5.953,,202.5787,227.4619,0.7573,-21.5587,-3.3939,-3.0437,-10.8258,-8.8726,4.1356,3.9634,2.995,2.8709,,,7.311,7.311,0.0,0.0,0.0,0.0,-15.1983,-13.4162,-11.0106,-9.9369,-9.0128,-8.5319,-8.3143,-8.1795,-8.3789,-8.6007,-8.9148,0.5979,1.0979,1.5979,2.0979,2.5979,3.0979,3.5979,4.5979,6.5979,8.5979,10.5979,-8.821,-0.6794,6.0601,,67.0008,-47.035887,1847.85,67.000796,-47.035867,1843.14,12.86,-20.5597,-22.139,96.1759,83.4229,1.8101
2024-12-01,790.8897,791.841,-29.6611,-29.5404,80.1897,99.8388,0.4563,80.7083,100.4583,0.4614,7.5347,7.3817,67.4424,176.7952,6.1759,2.5654,0.365,-6.5185,0.8007,0.7952,1.0869,1.0814,,191.369,205.4597,0.8848,-28.1474,-3.2648,,-26.8373,,4.1135,3.8928,2.9476,2.8034,,,7.3851,7.3851,0.0,0.0,0.0,0.0,-17.3373,-15.1838,-12.6235,-11.4269,-10.3301,-9.6546,-9.3174,-8.915,-8.6366,-8.6068,-8.8543,0.672,1.172,1.672,2.172,2.672,3.172,3.672,4.672,6.672,8.672,10.672,-8.7714,-0.6794,6.0601,,67.000802,-47.035991,1846.27,67.000799,-47.035974,1843.45,12.49,-27.6343,-29.7556,102.1439,72.5633,2.5357
2025-01-01,790.3339,791.0694,-25.5796,-25.4563,78.6818,95.9698,0.5835,71.9953,87.7596,,9.427,8.7863,58.4493,168.7651,7.2605,4.4581,1.5414,-7.7599,1.846,2.3158,2.2348,2.2344,,180.8342,214.6807,0.6561,-25.1301,-3.4736,,-11.7049,,4.0167,3.8227,2.8877,2.7489,,,7.4437,7.4437,0.0,0.0,13.8,14.076,-19.476,-17.5422,-14.6785,-13.179,-11.758,-10.8028,-10.3345,-9.7002,-9.0337,-8.7472,-8.8686,0.7306,1.2306,1.7306,2.2306,2.7306,3.2306,3.7306,4.7306,6.7306,8.7306,10.7306,-8.8243,-0.6794,6.0601,,67.000803,-47.036097,1846.53,67.000802,-47.036083,1843.77,12.42,-23.7652,-25.5859,96.262,67.4578,4.4518
2025-02-01,785.1275,785.095,-24.5952,-24.5188,75.7455,91.114,0.6326,,,,9.9769,9.5812,56.7558,170.6765,7.1415,4.6811,1.3387,-8.1542,28.5938,36.9819,28.1889,28.1785,,186.4162,219.526,0.6782,-23.7999,-7.3792,,-14.9593,,4.013,3.8265,2.8855,2.7518,,,7.4394,7.4394,0.0,0.0,19.0,19.38,-18.8049,-17.499,-15.1297,-13.8614,-12.5735,-11.6623,-11.1828,-10.4543,-9.5014,-8.9745,-8.9513,0.7263,1.2263,1.7263,2.2263,2.7263,3.2263,3.7263,4.7263,6.7263,8.7263,10.7263,-8.9596,-0.6794,6.0601,,67.000805,-47.0362,1847.17,67.000805,-47.036186,1844.07,12.7,-22.7831,-24.5853,94.238,74.2767,4.7095
2025-03-01,791.7581,791.7867,-21.2688,-21.1751,80.1196,93.1651,0.8804,,,,8.106,7.6348,67.7578,179.7694,6.5114,2.6629,0.027,-6.7092,102.4121,105.2298,96.0515,86.8807,,194.5015,231.0774,0.6447,-20.5519,-6.5971,,-11.5269,,3.9677,3.8087,2.8494,2.7357,,,7.4565,7.4565,1.0,0.0,,,-17.0957,-16.4546,-14.6679,-13.7469,-12.7566,-12.0569,-11.6553,-10.9926,-9.9597,-9.2617,-9.0916,0.7434,1.2434,1.7434,2.2434,2.7434,3.2434,3.7434,4.7434,6.7434,8.7434,10.7434,-9.155,-0.6794,6.0601,,67.000805,-47.036302,1847.75,67.000807,-47.036289,1844.37,13.6,-19.3817,-21.2494,94.9248,77.9533,2.6341
2025-04-01,800.6194,800.9591,-15.7878,-15.6916,77.5656,87.2937,1.2444,,,,8.465,7.989,62.9212,178.6492,6.9537,3.5551,0.175,-7.423,208.5194,218.405,183.854,180.9545,0.8201,203.9953,250.1641,0.4922,-15.3651,-14.5275,,-8.5033,,3.8984,3.7829,2.816,2.7331,,,7.4711,7.4711,6.8,0.0,,,-15.4159,-15.329,-13.9791,-13.3322,-12.6008,-12.1144,-11.8042,-11.2818,-10.3299,-9.5606,-9.2739,0.758,1.258,1.758,2.258,2.758,3.258,3.758,4.758,6.758,8.758,10.758,-9.3824,-0.6794,6.0601,,67.000804,-47.036405,1846.71,67.00081,-47.036396,1844.69,14.17,-13.9056,-15.8029,88.3373,70.4356,3.5537
2025-05-01,802.3537,801.7831,-10.3814,-10.3475,80.0338,85.9337,1.9266,,,,7.3865,7.0827,108.0007,171.1275,4.938,-1.6045,0.7109,-4.5538,333.443,340.9017,301.3231,301.2976,0.8633,205.7575,270.7827,0.4151,-10.024,-18.8218,,-5.8103,,3.7498,3.6768,2.6565,2.605,,,7.5876,7.5876,0.0,0.0,,,-11.9711,-11.2696,-11.6639,-11.9649,-11.9641,-11.95,-11.8048,-11.4955,-10.7334,-9.9266,-9.5283,0.4267,0.925,1.425,1.925,2.425,2.925,3.425,4.425,6.425,8.425,10.425,-9.6021,-1.2111,4.6941,,67.00081,-47.036506,1846.0,67.000813,-47.036503,1845.0,14.29,-8.2578,-10.3872,86.8888,123.7377,-1.2973
2025-06-01,804.6179,802.7907,-3.8852,-3.8876,84.0295,86.4736,3.1019,,,,5.469,5.1317,147.3312,144.0251,2.2624,-3.5283,2.358,-3.2486,347.98,350.6807,281.43,281.43,0.802,247.5843,298.675,0.4911,-3.774,-19.6976,,-0.7836,,3.6799,3.6534,2.6207,2.6018,,,7.6013,7.6013,1.4,1.3358,,,-5.5554,-3.7668,-5.8582,-7.4462,-8.9326,-10.1353,-10.7176,-11.1644,-10.8898,-10.2013,-9.7715,,0.5173,1.0173,1.5173,2.0173,2.5173,3.0173,4.0173,6.0173,8.0173,10.0173,-9.7754,-1.6658,3.2138,205.35,67.000815,-47.036607,1845.37,67.000816,-47.03661,1845.31,14.23,-1.5991,-3.912,83.75,153.354,-3.1536
2025-07-01,805.4598,803.7304,-0.5371,-0.5511,91.2765,92.1003,4.222,,,,5.7078,5.3056,162.3123,156.2253,1.1636,-3.6488,1.5645,-3.5515,297.3486,300.0625,231.0646,231.0646,0.7729,272.2081,311.4934,0.6168,-1.2103,-5.5611,,7.4903,,3.8902,3.8865,2.7753,2.7728,,,7.3983,7.3983,25.4,28.7022,,,-1.4518,-0.5878,-0.1015,-0.6799,-1.7363,-3.1287,-3.9827,-7.6819,-10.3413,-10.2108,-9.8965,,0.3148,0.8143,1.3143,1.8143,2.3143,2.8143,3.8143,5.8143,7.8143,9.8143,-9.8724,-1.5064,3.2036,205.56,67.00082,-47.036708,1845.35,67.000819,-47.036717,1845.62,14.06,0.9687,-0.6325,89.4155,162.2187,-3.5143
2025-08-01,806.1598,804.4289,-3.0835,-3.0927,92.1387,94.463,3.5955,,,,5.3482,4.9088,174.9434,166.0199,0.2963,-3.3482,0.8277,-3.3246,205.7787,208.46,171.8514,171.8514,0.8282,274.6794,301.7995,0.7565,-3.162,-4.9823,,2.9563,,4.2212,4.197,3.1149,3.0971,,,7.0808,7.0808,19.6,20.391,16.2,16.8349,-3.717,-2.6227,-0.0621,0.0749,0.0791,-0.0401,-0.0377,-3.0278,-7.7703,-9.4953,-9.7988,,,0.4968,0.9968,1.4968,1.9968,2.4968,3.4968,5.4968,7.4968,9.4968,-9.8827,-1.4416,3.1547,205.13,67.000821,-47.036814,1845.43,67.000822,-47.036826,1845.94,13.96,-1.7692,-3.1524,90.9859,178.3161,-3.2144
2025-09-01,802.6884,801.0337,-9.3352,-9.3334,87.3325,94.3302,2.1455,,,,6.9481,6.4208,138.1415,135.2432,3.7478,-4.1831,3.5779,-3.6084,132.0358,140.959,122.034,122.034,,231.9949,273.8851,0.5442,-9.313,-6.6988,,2.0751,,4.2406,4.1674,3.173,3.1182,,,7.0856,7.0856,0.0,,0.0,,-7.6084,-7.5349,-3.4044,-1.5074,-0.3679,-0.1458,-0.3029,-2.3933,-6.1036,-8.2694,-9.2658,,,0.5016,1.0016,1.5016,2.0016,2.5016,3.5016,5.5016,7.5016,9.5016,-9.5149,-1.6938,3.1227,204.68,67.000824,-47.036926,1845.4,67.000825,-47.036933,1846.25,13.9,-8.2898,-9.3486,,156.0995,-3.6376
2025-10-01,802.056,800.498,-14.9799,-14.9379,92.0952,102.0088,1.607,,,,6.0665,5.6064,169.153,162.2119,0.6007,-3.1351,1.0087,-3.1439,44.0461,44.4649,41.4075,41.3747,,238.4747,254.3504,0.8545,-14.5343,-0.7887,,-7.365,,4.2127,4.0936,3.0845,2.9979,,,7.1826,7.1826,0.0,0.0,0.0,0.0,-12.1093,-10.9192,-7.3599,-5.7129,-4.0335,-3.195,-2.7039,-3.1275,-5.3751,-7.3538,-8.6428,,0.1121,0.5986,1.0986,1.5986,2.0986,2.5986,3.5986,5.5986,7.5986,9.5986,-8.9,-1.7069,0.3054,203.99,67.000828,-47.037037,1844.36,67.000828,-47.03704,1846.56,13.29,-13.8237,-14.9866,,165.1049,-3.0626
2025-11-01,801.8358,800.2871,-15.4548,-15.4186,84.2609,95.4796,1.3145,,,,8.6387,8.0686,136.1019,133.0209,5.6335,-5.8544,5.5266,-5.1574,8.3935,8.0996,8.898,8.9366,,216.6875,248.912,0.6369,-15.6434,-2.2462,,4.4062,,4.1178,3.999,3.0105,2.9239,,,7.2671,7.2671,0.0,0.0,0.0,0.0,-14.0029,-12.5028,-9.4511,-7.9494,-6.418,-5.5804,-4.943,-4.7495,-5.5586,-6.8762,-8.1285,,0.1831,0.6831,1.1831,1.6831,2.1831,2.6831,3.6831,5.6831,7.6831,9.6831,-8.3268,-1.801,-0.8916,203.73,67.000834,-47.037139,1843.61,67.000831,-47.037147,1846.87,12.71,-14.5115,-15.4803,,134.3334,-5.0925
2025-12-01,793.2985,791.8073,-20.7688,-20.7306,84.5535,98.7957,0.928,,,,10.9613,10.4087,136.7263,132.8603,6.8626,-7.2891,6.9846,-6.4815,0.8918,0.8496,1.0717,1.0717,,194.8133,231.0164,0.6156,-20.5001,-1.8602,,-5.5979,,4.1227,3.9567,2.9848,2.8684,,,7.3152,7.3152,0.0,0.0,1.4,0.816,-18.6278,-16.8359,-13.1676,-11.176,-9.013,-7.6996,-6.6948,-6.1116,-6.1107,-6.8147,-7.8226,,0.2317,0.7313,1.2313,1.7313,2.2313,2.7313,3.7313,5.7313,7.7313,9.7313,-7.9593,-2.0395,-1.2142,205.26,67.000839,-47.037244,1843.88,67.000834,-47.037254,1847.18,12.53,-19.4458,-20.7929,,139.833,-6.3069
2026-01-01,796.5042,793.3849,-18.036,-17.987,82.9721,97.1753,1.0284,,,,11.9427,11.1896,128.288,122.7913,8.9865,-7.094,8.9262,-5.7506,5.6833,4.3557,5.1046,5.1046,,194.8075,238.6674,0.4813,-18.1857,-0.2243,,5.8203,,4.0791,3.9416,2.9476,2.8487,,,7.3341,7.3341,0.0,0.0,0.0,0.0,-17.1604,-16.089,-13.276,-11.8867,-10.2751,-9.1557,-8.1841,-7.4407,-6.8286,-7.0009,-7.7058,,0.2501,0.7501,1.2501,1.7501,2.2501,2.7501,3.7501,5.7501,7.7501,9.7501,-7.7936,-2.0277,-2.0104,205.64,67.000841,-47.037349,1844.06,67.000838,-47.037362,1847.5,12.53,-16.9198,-17.9641,88.1416,127.8096,-5.7428
2026-02-01,795.6654,793.339,-28.1945,-28.1012,83.8582,103.4386,0.5294,,,,8.9465,8.392,140.8125,135.9297,5.0595,-6.2064,5.2755,-5.4496,44.8995,37.5846,33.3075,31.0473,,158.6008,203.0765,0.5607,-28.5794,,,,,4.1662,3.9435,2.9922,2.8328,,,7.3414,7.3414,,,,,-25.606,-22.7208,-14.7848,-14.1882,-11.8416,-10.3503,-9.1927,-8.3501,-7.4883,-7.3081,-7.7408,,0.2574,0.7574,1.2574,1.7574,2.2574,2.7574,3.7574,5.7574,7.7574,9.7574,-7.7934,-2.2923,-2.2383,204.5,67.000843,-47.037454,1844.43,67.00084,-47.037466,1847.8,13.22,-27.2103,-28.1914,,138.953,-5.4535
2026-03-01,783.5701,781.687,-30.4847,-30.4224,83.4779,107.4473,0.3898,,,,8.2035,7.6819,139.6519,131.9441,4.45,-5.2383,4.98,-4.4752,110.4603,97.6,92.3629,84.5866,,162.5428,200.4795,0.6756,-29.2253,-0.8292,,-24.206,,4.1448,3.9049,2.9906,2.818,,,7.3667,7.3667,0.2,,,,-27.0132,-25.6045,,,-15.2076,-12.9215,-11.119,-9.7283,-8.2151,-7.6794,-7.8693,,0.2827,0.7827,1.2827,1.7827,2.2827,2.7827,3.7827,5.7827,7.7827,9.7827,-7.8908,-2.3456,-2.1649,202.3,67.000844,-47.037558,1844.4,67.000843,-47.037569,1848.1,14.21,-27.9812,-30.3562,,142.3118,-4.4166
2026-04-01,,,,,84.9661,106.6278,,,,,,,,,,,,,,,,,,,,,,,,,,,,,,,,,,,,,,,,,,,,,,,,,,,,,,,,,,,,,,,,,,,,,,,,,,,
