time,p_u,t_u,rh_u,rh_u_wrt_ice_or_water,qh_u,wspd_u,wdir_u,wspd_x_u,wspd_y_u,dsr,dsr_cor,usr,usr_cor,albedo,dlr,ulr,cc,t_surf,dlhf_u,dshf_u,z_boom_u,z_boom_cor_u,z_stake,z_stake_cor,z_pt,z_pt_cor,z_surf_combined,z_ice_surf,snow_height,t_i_1,t_i_2,t_i_3,t_i_4,t_i_5,t_i_6,t_i_7,t_i_8,d_t_i_1,d_t_i_2,d_t_i_3,d_t_i_4,d_t_i_5,d_t_i_6,d_t_i_7,d_t_i_8,t_i_10m,tilt_x,tilt_y,gps_lat,gps_lon,gps_alt,lat,lon,alt,batt_v,t_rad,t_i,rh_i_wrt_ice_or_water,wdir_i,wspd_y_i
2008-07-01,,,67.9711,67.9711,,,,,,,,,,0.4542,,,,,,,2.5886,2.6095,1.3422,1.353,,,-0.1772,,,-1.2987,-7.0975,-11.1328,-13.4368,-14.6558,-15.2159,-15.299,-14.6328,,,,,,,,,,,,79.911053,-24.085663,377.06,,,,12.62,,,,,
2008-08-01,965.3028,1.8849,73.5773,73.7559,3.3775,5.1749,305.541,-3.1039,2.2174,173.3811,172.3776,90.9445,90.9445,0.5021,259.3104,311.5058,0.3111,-0.8471,-9.9146,45.4857,2.5701,2.579,2.0349,2.0414,17.9328,18.1705,-0.9207,-0.9392,0.0185,-0.4914,-2.906,-7.3113,-10.5111,-12.5993,-13.8337,-14.4323,-14.5223,0.1213,1.0949,2.0949,3.0949,4.0949,5.0949,6.0949,9.0949,-14.562,1.3335,-1.0867,79.911049,-24.085616,376.59,79.910999,-24.08557,376.78,12.4,2.4511,1.8819,74.7158,274.2222,2.2269
2008-09-01,962.5623,-5.7246,83.7495,87.8326,2.344,5.5886,318.9338,-1.8902,2.1693,46.2825,45.8426,32.8631,32.8974,,259.2871,285.244,0.6752,-6.7014,-4.5537,14.8446,2.5302,2.5036,2.0508,2.0297,17.7607,18.0192,-0.9246,-1.0971,0.1726,-5.1094,-5.0482,-6.4369,-8.3833,-10.2972,-11.8251,-12.918,-14.1087,0.091,1.091,2.091,3.091,4.091,5.091,6.091,9.091,-14.4629,0.6794,-0.555,79.911049,-24.08558,376.2,79.910998,-24.085542,376.7,12.08,-5.7793,-5.717,88.464,250.5865,2.3916
2008-10-01,,-17.5877,68.3504,78.9409,,6.572,320.5629,-3.7936,4.6123,4.717,4.2663,4.6989,4.6989,,177.3782,229.6584,0.3272,-20.6078,,,2.5174,2.4345,1.9352,1.8715,17.7528,,-0.8116,-1.1244,0.3128,-14.7575,-12.2548,-10.0792,-9.688,-10.2257,-11.0348,-11.9142,-13.4926,0.204,1.204,2.204,3.204,4.204,5.204,6.204,9.204,-13.9112,0.7012,-0.6629,79.911049,-24.085555,375.55,79.910997,-24.085514,376.61,11.88,-18.0127,-17.582,78.9426,284.3038,4.642
2008-11-01,,-21.4719,70.1502,85.5133,,7.9202,331.6724,-3.3719,6.255,0.0,0.0,0.0004,0.0004,,177.2907,220.4224,0.4515,-23.1644,,,2.5865,2.4826,1.9591,1.8805,17.8172,,-0.8396,-1.1244,0.2848,-20.3527,-18.0828,-15.2547,-13.2805,-12.2469,-11.8795,-12.0203,-13.0168,0.176,1.176,2.176,3.176,4.176,5.176,6.176,9.176,-13.2915,0.6796,-0.6795,,,,79.910996,-24.085486,376.52,11.96,-21.8447,-21.4831,84.5061,287.7952,6.3587
2008-12-01,,-23.5243,69.1796,85.7079,,6.7637,325.7416,-2.6817,3.9374,0.0,0.0,0.0,0.0,,178.4449,212.0402,0.5346,-25.6798,,,2.5843,2.4703,1.8896,1.8062,17.7655,,-0.7963,-1.1244,0.3281,-23.1008,-20.7672,-18.0991,-15.9867,-14.4628,-13.4565,-12.9564,-12.9207,0.2192,1.2192,2.2192,3.2192,4.2192,5.2192,6.2192,9.2192,-12.911,0.7074,-0.7202,,,,79.910995,-24.085458,376.43,11.93,-23.9443,-23.517,86.423,262.1947,4.0923
2009-01-01,,-24.5509,66.2423,82.6587,,6.715,321.7133,-3.3883,4.2924,0.0,0.0,0.0,0.0,,165.4505,208.9412,0.4066,-26.5131,,,2.5984,2.4786,1.8917,1.8045,17.7694,,-0.7993,-1.1244,0.3251,-25.08,-22.7739,-19.9507,-17.9575,-16.2347,-14.9389,-14.0205,-13.1707,0.2163,1.2163,2.2163,3.2163,4.2163,5.2163,6.2163,9.2163,-12.9488,0.6271,-0.6906,,,,79.910994,-24.085429,376.34,11.91,-24.9311,-24.5318,82.6806,277.5128,4.2795
2009-02-01,,-27.4294,69.7376,89.7073,,5.2894,323.8532,-2.0235,2.7702,0.9909,0.7844,1.2659,1.2659,,166.8526,199.7042,0.539,-29.3237,,,2.5743,2.4414,1.8986,1.8006,17.888,,-0.7789,-1.1244,0.3455,-26.7844,-23.8596,-21.1949,-19.3579,-17.6231,-16.19,-14.9904,-13.5862,0.2366,1.2366,2.2366,3.2366,4.2366,5.2366,6.2366,9.2366,-13.2289,0.6271,-0.7071,,,,79.910993,-24.085402,376.26,11.87,-27.8305,-27.4137,90.3426,243.183,2.8267
2009-03-01,,-27.4547,65.0775,84.1112,,6.1668,334.3585,-2.3849,4.9685,38.2605,36.7629,34.91,34.91,,155.2595,197.0388,0.4188,-30.0531,,,2.55,2.4183,1.896,1.798,17.9075,,-0.7668,-1.1244,0.3576,-28.2658,-25.9939,-23.2381,-21.172,-19.1034,-17.3971,-15.9329,-14.0929,0.2488,1.2488,2.2488,3.2488,4.2488,5.2488,6.2488,9.2488,-13.6322,0.5861,-0.7218,,,,79.910991,-24.085375,376.17,11.84,-27.6183,-27.4671,85.0294,269.8531,4.9619
2009-04-01,,-21.0907,56.8677,68.0708,,5.1237,322.795,-2.453,3.2311,171.0033,169.5709,142.0366,142.0366,,156.7347,216.265,0.216,-24.2715,,,2.4993,2.4004,1.8765,1.8023,17.9347,,-0.7588,-1.1244,0.3656,-23.7764,-23.333,-22.7009,-21.7076,-20.0725,-18.3927,-16.9082,-14.6835,0.2567,1.2567,2.2567,3.2567,4.2567,5.2567,6.2567,9.2567,-14.1324,0.4618,-0.6707,,,,79.91099,-24.085346,376.08,11.83,-20.4267,-21.1022,72.4144,259.5867,3.2427
2009-05-01,,-5.0056,65.7584,68.3493,,5.0998,320.7801,-2.2171,2.7166,281.7426,281.5016,233.7207,233.7207,0.8318,232.6195,280.2606,0.3753,-7.7342,,,2.3361,2.3142,1.7093,1.6932,17.8761,,-0.6615,-1.1244,0.4629,-13.136,-15.1756,-17.1484,-19.3864,-19.2575,-18.3233,-17.3181,-15.2547,0.3541,1.3541,2.3541,3.3541,4.3541,5.3541,6.3541,9.3541,-14.8088,0.3511,-0.5209,,,,79.910989,-24.085318,376.0,11.77,-4.0762,-5.0377,71.1578,258.4678,2.7989
2009-06-01,,-0.1975,71.1145,71.7904,,5.7037,324.3103,-2.3822,3.3164,324.1659,323.876,253.4635,253.4466,0.7916,254.3555,303.9547,0.3763,-2.3645,,,2.281,2.2801,1.6754,1.6748,17.9527,,-0.6324,-1.1244,0.492,-5.0777,-8.2246,-7.8584,-15.6111,-16.8184,-16.8679,-16.6431,-15.5831,0.3831,1.3831,2.3831,3.3831,4.3831,5.3831,6.3831,9.3831,-15.3659,0.3211,-0.4488,,,,79.910988,-24.08529,375.91,11.61,0.5871,-0.1908,72.8974,282.2038,3.3918
2009-07-01,,4.047,71.9531,71.9691,,6.7375,308.3982,-3.991,3.163,281.5332,281.5589,150.5261,150.5243,0.5492,275.0077,317.0455,0.3622,-0.0581,,,2.5589,2.5779,2.3575,2.3749,17.5403,,-1.331,-1.4226,0.0916,0.7377,-1.4999,-2.0982,-10.6635,-13.4,-14.3568,-15.0319,-15.4881,,0.6845,1.6845,2.6845,3.6845,4.6845,5.6845,8.6845,,2.9822,-0.799,,,,79.910987,-24.085262,375.82,11.53,4.5251,4.0219,73.2977,285.9495,3.2096
2009-08-01,,1.6711,73.2107,73.4231,,4.1767,305.1297,-2.7669,1.9467,178.7213,180.3349,107.7724,107.7724,0.5963,258.7034,310.0991,0.3147,-1.1282,,,2.557,2.5649,3.1508,3.1688,16.5438,,-2.167,-2.1702,0.0032,-0.0915,-0.6113,,-5.2905,-9.0912,-11.101,-12.6493,-14.9935,,,0.843,1.843,2.843,3.843,4.843,7.843,,6.9605,0.1292,,,,79.910986,-24.085233,375.73,11.46,2.0296,1.6762,74.092,282.7112,1.929
2009-09-01,,-7.8628,77.4674,82.8108,,6.6185,333.7098,-2.3914,4.8407,52.8885,51.6495,43.9033,43.9736,,243.4411,274.3694,0.6055,-9.2548,,,2.5317,2.4948,,,16.3413,,-2.216,-2.2606,0.0446,-7.4536,-7.4018,-3.819,-7.1278,-8.2217,-9.1876,-10.4616,-14.0979,,,0.7996,1.7996,2.7996,3.7996,4.7996,7.7996,,7.3751,0.0824,,,,79.910985,-24.085205,375.64,11.54,-7.9492,-7.8569,82.5064,263.0034,5.013
2009-10-01,,-15.5528,74.3669,84.9815,,7.9507,332.7018,-3.3563,6.5031,4.3983,3.942,4.9605,4.9605,,202.3532,244.2417,0.4818,-16.7567,,,2.5165,2.4435,,,16.4426,,-2.1641,-2.2606,0.0965,-13.4525,-12.6101,-8.2465,-10.4118,-10.104,-9.8611,-10.1484,-13.2684,,,0.8515,1.8515,2.8515,3.8515,4.8515,7.8515,,7.5792,-0.0026,,,,79.910983,-24.085177,375.56,11.57,-15.8978,-15.5451,84.2141,289.3039,6.5522
2009-11-01,,-22.1063,66.382,81.4433,,6.4457,327.3637,-2.8494,4.4492,0.0006,0.0006,0.0033,0.0033,,170.3849,215.3485,0.4005,-24.5917,,,2.5454,2.4401,,,16.3957,,-2.1608,-2.2606,0.0998,-21.069,-19.9286,-16.4793,-15.1869,-13.1329,-11.6266,-10.937,-12.8995,,,0.8548,1.8548,2.8548,3.8548,4.8548,7.8548,,-13.2059,-0.1365,,,,79.910982,-24.085149,375.47,11.16,-22.5144,-22.1198,81.482,260.6977,4.5365
2009-12-01,,-21.2313,69.8385,83.2595,,6.4265,327.465,-2.8502,4.4678,0.0,0.0,0.0,0.0,,188.9666,222.2027,0.5519,-22.8687,,,2.5473,2.4458,,,16.5311,,-2.1664,-2.2606,0.0942,-21.3136,-20.8646,-17.9577,-17.5396,-15.6789,-13.7743,-12.5403,-13.0317,,,0.8492,1.8492,2.8492,3.8492,4.8492,7.8492,,-25.8208,-2.0404,,,,79.910981,-24.085121,375.38,10.62,-21.5516,-21.1958,87.0926,262.0685,4.5284
2010-01-01,,,47.9375,58.144,,,,,,,,,,,,,,,,,2.5702,2.4531,,,,,-2.1731,-2.2606,0.0875,-22.3635,-21.9676,-18.5108,-18.5349,-16.5532,-14.673,-13.4065,-13.3111,,,0.8383,1.8383,2.8383,3.8383,4.8383,7.8383,,,,,,,79.91098,-24.085092,375.29,9.37,,,,,
2010-02-01,,,,,,,,,,,,,,,,,,,,,,,,,,,,,,,,,,,,,,,,0.6856,1.6856,2.6856,3.6856,4.6856,7.6856,,,,,,,79.910979,-24.085065,375.2,,,,,,
2010-03-01,,,,,,,,,,,,,,,,,,,,,,,,,,,,,,,,,,,,,,,,0.4507,1.4507,2.4507,3.4507,4.4507,7.4507,,,,,,,79.910978,-24.085038,375.12,,,,,,
2010-04-01,,,,,,,,,,,,,,,,,,,,,,,,,,,,,,,,,,,,,,,,0.2078,1.2078,2.2078,3.2078,4.2078,7.2078,,,,,,,79.910977,-24.08501,375.03,,,,,,
2010-05-01,,,,,,,,,,,,,,,,,,,,,,,,,,,,,,,,,,,,,,,,,0.9649,1.9649,2.9649,3.9649,6.9649,,,,,,,79.910976,-24.084982,374.94,,,,,,
2010-06-01,,,,,,,,,,,,,,,,,,,,,,,,,,,,,,,,,,,,,,,,,0.7219,1.7219,2.7219,3.7219,6.7219,,,,,,,79.910974,-24.084953,374.86,,,,,,
2010-07-01,,,,,,,,,,,,,,,,,,,,,,,,,,,,,,,,,,,,,,,,,0.479,1.479,2.479,3.479,6.479,,,,,,,79.910973,-24.084925,374.77,,,,,,
2010-08-01,,,,,,,,,,,,,,,,,,,,,,,,,,,,,,,,,,,,,,,,,0.2321,1.2321,2.2321,3.2321,6.2321,,,,,,,79.910972,-24.084897,374.68,,,,,,
2010-09-01,,,,,,,,,,,,,,,,,,,,,,,,,,,,,,,,,,,,,,,,,,0.9892,1.9892,2.9892,5.9892,,,,,,,79.910971,-24.084869,374.59,,,,,,
2010-10-01,,,,,,,,,,,,,,,,,,,,,,,,,,,,,,,,,,,,,,,,,,0.7463,1.7463,2.7463,5.7463,,,,,,,79.91097,-24.08484,374.5,,,,,,
2010-11-01,,,,,,,,,,,,,,,,,,,,,,,,,,,,,,,,,,,,,,,,,,0.5034,1.5034,2.5034,5.5034,,,,,,,79.910969,-24.084812,374.41,,,,,,
2010-12-01,,,,,,,,,,,,,,,,,,,,,,,,,,,,,,,,,,,,,,,,,,0.2605,1.2605,2.2605,5.2605,,,,,,,79.910968,-24.084784,374.33,,,,,,
2011-01-01,,,,,,,,,,,,,,,,,,,,,,,,,,,,,,,,,,,,,,,,,,,1.0136,2.0136,5.0136,,,,,,,79.910966,-24.084756,374.24,,,,,,
2011-02-01,,,,,,,,,,,,,,,,,,,,,,,,,,,,,,,,,,,,,,,,,,,0.7787,1.7787,4.7787,,,,,,,79.910965,-24.084728,374.15,,,,,,
2011-03-01,,,,,,,,,,,,,,,,,,,,,,,,,,,,,,,,,,,,,,,,,,,0.5437,1.5437,4.5437,,,,,,,79.910964,-24.084701,374.07,,,,,,
2011-04-01,,,,,,,,,,,,,,,,,,,,,,,,,,,,,,,,,,,,,,,,,,,0.3008,1.3008,4.3008,,,,,,,79.910963,-24.084673,373.98,,,,,,
2011-05-01,,,,,,,,,,,,,,,,,,,,,,,,,,,,,,,,,,,,,,,,,,,,1.0579,4.0579,,,,,,,79.910962,-24.084645,373.89,,,,,,
2011-06-01,,,,,,,,,,,,,,,,,,,,,,,,,,,,,,,,,,,,,,,,,,,,0.815,3.815,,,,,,,79.910961,-24.084617,373.8,,,,,,
2011-07-01,,,,,,,,,,,,,,,,,,,,,,,,,,,,,,,,,,,,,,,,,,,,0.5721,3.5721,,,,,,,79.91096,-24.084589,373.71,,,,,,
2011-08-01,,,,,,,,,,,,,,,,,,,,,,,,,,,,,,,,,,,,,,,,,,,,0.3252,3.3252,,,,,,,79.910959,-24.08456,373.62,,,,,,
2011-09-01,,,,,,,,,,,,,,,,,,,,,,,,,,,,,,,,,,,,,,,,,,,,0.1009,3.0823,,,,,,,79.910957,-24.084532,373.54,,,,,,
2011-10-01,,,,,,,,,,,,,,,,,,,,,,,,,,,,,,,,,,,,,,,,,,,,,2.8394,,,,,,,79.910956,-24.084504,373.45,,,,,,
2011-11-01,,,,,,,,,,,,,,,,,,,,,,,,,,,,,,,,,,,,,,,,,,,,,2.5964,,,,,,,79.910955,-24.084476,373.36,,,,,,
2011-12-01,,,,,,,,,,,,,,,,,,,,,,,,,,,,,,,,,,,,,,,,,,,,,2.3535,,,,,,,79.910954,-24.084448,373.27,,,,,,
2012-01-01,,,,,,,,,,,,,,,,,,,,,,,,,,,,,,,,,,,,,,,,,,,,,2.1066,,,,,,,79.910953,-24.084419,373.18,,,,,,
2012-02-01,,,,,,,,,,,,,,,,,,,,,,,,,,,,,,,,,,,,,,,,,,,,,1.8677,,,,,,,79.910952,-24.084391,373.1,,,,,,
2012-03-01,,,,,,,,,,,,,,,,,,,,,,,,,,,,,,,,,,,,,,,,,,,,,1.6288,,,,,,,79.910951,-24.084364,373.01,,,,,,
2012-04-01,,,,,,,,,,,,,,,,,,,,,,,,,,,,,,,,,,,,,,,,,,,,,1.3859,,,,,,,79.910949,-24.084336,372.92,,,,,,
2012-05-01,,,,,,,,,,,,,,,,,,,,,,,,,,,,,,,,,,,,,,,,,,,,,1.143,,,,,,,79.910948,-24.084307,372.83,,,,,,
2012-06-01,,,,,,,,,,,,,,,,,,,,,,,,,,,,,,,,,,,,,,,,,,,,,0.9001,,,,,,,79.910947,-24.084279,372.75,,,,,,
2012-07-01,,,75.6377,75.641,,,,,,,,,,,,,,,,,,,0.6365,0.6411,,,-9.5942,,,-3.516,-8.4969,-11.9753,-13.6837,-14.712,-15.0724,-15.2858,-14.1221,,,,,,,,4.5199,,,,79.910928,-24.08438,373.38,79.910946,-24.084251,372.66,13.47,,,,,
2012-08-01,967.1077,2.2937,76.145,76.3218,3.5916,6.2619,298.5076,-4.7951,2.6044,175.2831,173.8063,84.0959,84.0917,0.4651,282.0118,315.9452,0.5273,-0.5639,-11.1562,49.9352,2.6269,2.6378,1.2547,1.2595,17.3573,17.7194,-10.433,-10.4391,0.0061,-0.549,-4.5775,-8.6925,-10.9782,-12.9804,-13.9392,-14.5875,-14.1548,,0.9455,1.9455,2.9455,3.9455,4.9455,5.9455,8.9455,-14.0259,6.3104,-2.7689,79.91092,-24.084309,373.09,79.910945,-24.084223,372.57,13.38,2.8584,2.2805,77.4089,289.2598,2.5854
2012-09-01,962.261,-6.0099,79.67,83.4936,2.0952,5.5524,317.46,-3.2937,3.5894,64.8274,56.8795,46.8739,46.8708,,252.9243,281.9972,0.6175,-7.5304,-9.981,16.3893,2.6663,2.6366,1.4699,1.4535,17.0471,17.4545,-10.6339,-10.7102,0.0764,-6.8231,-5.7835,-7.316,-7.9712,-10.7262,-12.044,-13.2385,-13.8521,,0.7446,1.7446,2.7446,3.7446,4.7446,5.7446,8.7446,-14.1089,6.8692,-4.7454,79.910917,-24.084264,372.11,79.910944,-24.084194,372.48,13.15,-5.7574,-6.0077,82.2901,294.5976,3.5788
2012-10-01,970.6814,-15.2699,65.1126,74.6471,0.8151,6.2119,308.819,-4.2031,3.3817,6.0781,3.9574,4.4456,4.4456,,204.102,241.8488,0.5013,-17.3582,-5.1718,28.9397,2.7142,2.637,1.4954,1.4529,17.1265,17.4552,-10.6338,-10.7229,0.0891,-16.9882,-13.0292,-11.2497,-8.8215,-10.6403,-11.0393,-12.2832,-13.3259,,0.7447,1.7447,2.7447,3.7447,4.7447,5.7447,8.7447,-13.7622,7.0015,-4.7662,79.910918,-24.084235,370.48,79.910943,-24.084166,372.39,12.63,-15.3113,-15.2449,76.3235,288.1624,3.3802
2012-11-01,966.3484,-20.6334,62.6748,75.376,0.507,6.9421,299.4561,-4.8005,2.7112,0.0,0.0,0.0008,0.0008,,174.0054,218.5256,0.4089,-23.6878,-4.7346,42.7533,2.7337,2.6281,1.4684,1.4112,17.0221,17.3913,-10.6092,-10.7724,0.1633,-23.1245,-18.8723,-15.7856,-11.5088,-12.367,-11.4429,-12.3867,-12.8855,,0.7693,1.7693,2.7693,3.7693,4.7693,5.7693,8.7693,-13.0931,7.1284,-4.7575,79.910917,-24.084252,372.57,79.910942,-24.084138,372.3,12.38,-20.6539,-20.629,71.2709,275.4803,2.7177
2012-12-01,969.7444,-22.8763,63.0883,78.1939,0.4078,6.4349,309.1819,-3.6497,2.9747,0.0,0.0,0.0,0.0,,178.0484,213.6602,0.514,-25.1441,-2.0534,27.355,2.6931,2.5776,1.2797,1.2248,17.0628,17.4003,-10.49,-10.773,0.2831,-21.5196,-18.9914,-17.501,-13.5053,-14.3116,-12.3968,-13.237,-12.7552,,0.8885,1.8885,2.8885,3.8885,4.8885,5.8885,8.8885,-12.5749,7.173,-4.8262,79.910904,-24.084203,369.04,79.91094,-24.08411,372.22,12.24,-22.9306,-22.8889,78.0418,285.0713,2.9753
2013-01-01,961.9233,-21.4611,70.0398,83.6329,0.567,6.7049,310.7109,-4.338,3.7327,0.0,0.0,0.0,0.0,,193.2741,221.1581,0.6239,-23.2663,-2.9351,24.4682,2.6392,2.533,1.182,1.1346,16.9755,17.386,-10.423,-10.7748,0.3518,-20.7205,-18.6223,-17.6671,-13.9573,-15.1585,-12.6483,-14.0472,-12.9142,,0.9555,1.9555,2.9555,3.9555,4.9555,5.9555,8.9555,-12.5206,7.1573,-4.8697,79.91092,-24.08413,371.29,79.910939,-24.084081,372.13,12.13,-21.4479,-21.4399,82.5787,294.4394,3.7072
2013-02-01,968.2774,-28.9574,51.7519,66.6064,0.2117,4.739,297.5672,-2.9083,1.5183,1.3182,0.637,1.0208,1.0208,,152.6054,190.6736,0.4402,-32.1572,-1.3155,34.1405,2.6758,2.5295,1.1854,1.1205,17.0334,17.3846,-10.4139,-10.7823,0.3683,-28.2496,-22.3786,-19.4316,-14.8754,-15.7898,-12.5654,-14.5583,-13.1484,,0.9646,1.9646,2.9646,3.9646,4.9646,5.9646,8.9646,-12.6616,7.2572,-4.8947,79.910926,-24.084155,375.38,79.910938,-24.084054,372.04,12.03,-29.0633,-28.9545,68.4213,276.0362,1.5019
2013-03-01,984.3611,-23.4157,55.6798,68.5441,0.3519,6.3034,307.9385,-4.0143,3.1294,46.0941,37.0954,32.4247,32.4247,,171.4742,210.6991,0.4576,-26.0328,-3.576,35.6826,2.6569,2.5401,1.1739,1.1223,17.2052,17.4063,-10.42,-10.7823,0.3623,-25.7417,-23.3468,-21.2311,-16.5577,-17.0317,-13.1296,-15.2129,-13.4141,,0.9585,1.9585,2.9585,3.9585,4.9585,5.9585,8.9585,-12.7896,7.1936,-4.9373,79.910913,-24.084114,373.87,79.910937,-24.084027,371.96,12.61,-23.2224,-23.4325,68.9245,288.0556,3.1251
2013-04-01,969.7629,-19.2029,57.2335,67.8723,0.5241,5.9897,310.5467,-4.1424,3.5438,,,,,,176.4291,228.102,0.3578,-20.9921,-7.6981,30.4986,2.6326,2.5381,1.1654,1.1236,17.0701,17.4074,-10.4197,-10.7823,0.3626,-21.0329,-20.6739,-20.2017,-16.6136,-17.5735,-13.86,-15.9035,-13.7527,,0.9588,1.9588,2.9588,3.9588,4.9588,5.9588,8.9588,-13.0062,7.1213,-4.9945,79.910917,-24.08409,372.36,79.910936,-24.083999,371.87,13.92,-18.0146,-19.2078,68.289,291.4724,3.5216
2013-05-01,971.7187,-10.7291,66.1941,72.5856,1.1933,4.7184,279.6241,-2.2512,0.3817,310.9344,310.4189,249.159,249.159,0.8172,216.5906,264.7041,0.4465,-11.4962,-14.6604,9.7406,2.5666,2.5152,1.1531,1.1302,17.0973,17.4164,-10.4118,-10.7823,0.3705,-12.7764,-16.1118,-17.868,-15.5609,-17.2164,-13.9907,-16.2139,-14.099,,0.9667,1.9667,2.9667,3.9667,4.9667,5.9667,8.9667,-13.3703,6.9838,-5.0522,79.910918,-24.084065,373.24,79.910935,-24.083971,371.78,14.19,-8.5074,-10.731,72.7949,257.8052,0.3543
2013-06-01,962.3916,0.706,69.5177,69.9383,2.9559,5.9141,277.3151,-3.896,0.5001,371.619,373.2963,250.3944,250.3944,0.6798,254.0711,311.9604,0.3094,-1.1443,-33.2576,30.5137,2.5636,2.5671,1.3303,1.3325,16.923,17.3291,-10.6778,-10.848,0.1702,-2.1374,-7.4345,-12.8893,-12.7615,-15.7815,-13.3302,-16.0267,-14.3462,,0.7006,1.7006,2.7006,3.7006,4.7006,5.7006,8.7006,,6.5688,-4.1824,79.910919,-24.084039,374.06,79.910934,-24.083943,371.69,14.01,2.5095,0.7132,70.6472,260.8408,0.4975
2013-07-01,964.9389,2.9363,72.2697,72.2761,3.5378,6.5115,277.0464,-4.9693,0.6142,278.0567,279.2974,137.7509,137.7509,0.4963,278.1753,319.0884,0.4549,-0.028,-21.6839,55.8744,2.6247,2.6387,2.1626,2.1743,16.164,16.5464,-11.6111,-11.6128,0.0016,0.5859,-0.5273,-5.6403,-7.3356,-12.3326,-11.3598,-14.9125,-14.3697,,,0.7673,1.7673,2.7673,3.7673,4.7673,7.7673,,5.7499,-0.0003,79.910917,-24.083961,372.81,79.910932,-24.083914,371.6,13.76,3.8269,2.9274,72.9004,265.8894,0.6117
2013-08-01,961.7302,-0.7979,72.1499,73.0425,2.7436,6.0335,286.978,-3.9638,1.2102,165.0506,170.9727,99.9007,99.9007,,263.4623,306.2476,0.4873,-2.0795,-30.8768,21.8638,2.6396,2.6356,2.8189,2.8156,15.394,15.8063,-12.3469,-12.351,0.0041,-1.8928,-1.8177,-2.8204,-3.3748,-8.6831,-8.5975,-12.8449,-13.9706,,,,1.0316,2.0316,3.0316,4.0316,7.0316,,6.0744,3.4148,79.910912,-24.083885,372.11,79.910931,-24.083886,371.51,13.59,-0.114,-0.789,72.8574,268.7208,1.2147
2013-09-01,966.7965,-6.1991,76.5216,80.4392,1.9671,6.6475,294.7564,-3.8518,1.7762,52.6388,55.1506,45.4281,45.574,,264.1669,283.42,0.7422,-7.2313,-17.5614,15.2694,2.5394,2.5106,,,15.4123,15.7774,-12.2406,-12.3904,0.1498,-5.4332,-5.4175,-5.873,-3.8344,-7.7901,-7.1652,-11.1859,-13.2003,,,0.1379,1.1379,2.1379,3.1379,4.1379,7.1379,,6.1343,3.5127,79.910911,-24.08386,371.08,79.91093,-24.083858,371.43,13.03,-5.9324,-6.2039,79.5149,270.2727,1.7564
2013-10-01,968.0427,-17.0425,65.3712,75.1309,0.7512,6.8061,294.7315,-5.5945,2.5769,3.1844,3.2697,3.2349,3.2349,,199.8814,237.0015,0.5203,-18.8128,-8.1654,33.4802,2.4988,2.419,,,15.4309,15.7843,-12.1496,-12.3904,0.2408,-10.9848,-10.9871,-10.3088,-6.2288,-8.8184,-7.3592,-10.6652,-12.4464,,,0.2289,1.2289,2.2289,3.2289,4.2289,7.2289,,6.3272,3.5793,79.91091,-24.083831,369.38,79.910929,-24.08383,371.34,12.52,-16.9958,-17.0253,73.6505,287.7437,2.5769
2013-11-01,956.299,-23.0375,59.6848,73.5465,0.3975,8.8034,302.495,-6.8382,4.3556,0.0006,0.0006,0.0016,0.0016,,172.3199,215.3497,0.4529,-24.6543,-6.7461,33.3162,2.5501,2.44,,,15.2871,15.7501,-12.1701,-12.4099,0.2398,-17.3268,-17.3622,-16.05,-10.4226,-11.3617,-8.8302,-11.1627,-11.9992,,,0.2084,1.2084,2.2084,3.2084,4.2084,7.2084,,6.4732,3.7123,79.91091,-24.08386,370.9,79.910928,-24.083801,371.25,12.3,-23.0038,-23.0265,71.7288,294.765,4.3905
2013-12-01,959.0423,-23.0866,65.9383,79.3178,0.4754,5.9979,300.2051,-4.6531,2.7087,0.0,0.0,0.0,0.0,,180.5408,209.0489,0.5976,-26.6404,-4.2676,24.6792,2.5175,2.4079,,,15.3072,15.7446,-12.1381,-12.4163,0.2782,-19.5923,-19.5288,-18.7517,-13.6361,-13.9698,-10.8698,-12.404,-11.9576,,,0.2404,1.2404,2.2404,3.2404,4.2404,7.2404,,6.3957,3.7953,79.910905,-24.083706,367.87,79.910927,-24.083773,371.16,12.17,-23.0869,-23.0867,76.8149,285.3383,2.7356
2014-01-01,964.8649,-22.7639,57.1268,68.417,0.4247,3.8816,279.4423,-2.8538,0.4746,0.0,0.0,0.0,0.0,,177.3592,210.3471,0.5017,-26.2867,-2.9634,28.0863,2.503,2.3958,,,15.3665,15.7496,-12.1258,-12.4178,0.292,-20.6519,-20.3923,-19.7291,-15.3692,-15.5064,-12.4775,-13.6832,-12.2632,,,0.2527,1.2527,2.2527,3.2527,4.2527,7.2527,,6.4545,3.6837,79.910922,-24.083747,370.38,79.910926,-24.083745,371.07,12.02,-22.9359,-22.7311,70.7225,260.8535,0.4853
2014-02-01,962.796,-22.6629,64.6776,79.0127,0.4523,5.7379,305.4051,-4.0892,2.9066,0.2231,0.2233,0.3756,0.3756,,189.5925,214.2439,0.6392,-25.1816,-2.709,20.6816,2.4876,2.3818,,,15.355,15.7574,-12.1124,-12.4178,0.3054,-20.5699,-20.3394,-19.8681,-16.4419,-16.4282,-13.5533,-14.6157,-12.6973,,,0.2661,1.2661,2.2661,3.2661,4.2661,7.2661,,6.4766,3.6933,79.910915,-24.083804,373.39,79.910925,-24.083718,370.99,11.95,-22.6486,-22.6538,78.0108,289.1944,2.8736
2014-03-01,961.0949,-24.0541,61.028,74.9202,0.3886,6.8476,304.169,-4.9878,3.3858,36.3597,39.3863,31.3663,31.3663,,179.2819,211.5237,0.5582,-25.9338,-4.1594,22.4777,2.4905,2.3779,,,15.3275,15.7457,-12.1078,-12.421,0.3132,-21.7011,-21.4719,-20.9635,-17.7118,-17.2278,-14.3771,-15.3233,-13.1448,,,0.2707,1.2707,2.2707,3.2707,4.2707,7.2707,,6.4976,3.6633,79.910905,-24.083711,374.25,79.910923,-24.08369,370.9,12.38,-23.82,-24.0645,72.8639,284.0443,3.431
2014-04-01,966.5526,-19.5351,52.0655,61.3079,0.4824,5.9795,301.0779,-4.7328,2.8525,177.1461,183.4501,147.0881,147.0881,,172.4276,227.3919,0.325,-21.2211,-9.9507,30.5052,2.47,2.3796,,,15.3721,15.7394,-12.1094,-12.4258,0.3164,-20.2287,-20.0314,-20.224,-18.0934,-17.8382,-15.1862,-16.0104,-13.597,,,0.2691,1.2691,2.2691,3.2691,4.2691,7.2691,,6.4023,3.5621,79.91091,-24.083684,370.66,79.910922,-24.083662,370.81,13.76,-18.3482,-19.525,62.7659,291.8068,2.8671
2014-05-01,970.2923,-9.4426,64.444,69.6245,1.2988,5.5217,287.7783,-3.4945,1.1205,297.1789,300.382,236.939,236.939,0.8118,216.4058,270.3115,0.3897,-10.0952,-22.5469,13.3285,2.4394,2.3967,,,15.4145,15.7469,-12.127,-12.4258,0.2988,-13.6757,-13.365,-15.1213,-15.4862,-16.8169,-15.0893,-16.2464,-14.0146,,,0.2515,1.2515,2.2515,3.2515,4.2515,7.2515,,6.291,3.3044,79.910914,-24.083664,372.51,79.910921,-24.083634,370.73,14.12,-7.402,-9.4578,70.7989,259.0183,1.075
2014-06-01,970.0093,0.0946,69.8448,70.4737,2.8308,5.1087,270.3646,-3.1549,0.0201,346.5576,348.0876,233.9003,233.8973,0.6793,262.4066,310.1276,0.4306,-1.4841,-30.6208,24.7698,2.5336,2.5343,,,15.3236,15.6586,-12.3952,-12.507,0.1118,-3.3738,-3.7039,-6.0834,-9.0863,-13.513,-13.344,-15.4176,-14.2299,,,,0.9833,1.9833,2.9833,3.9833,6.9833,,5.5844,2.5687,79.910915,-24.083639,373.3,79.91092,-24.083606,370.64,13.92,2.0257,0.0846,71.3036,253.1313,0.0002
2014-07-01,967.7492,2.9121,74.1845,74.1994,3.6215,5.2831,263.1974,-3.5211,-0.42,254.7785,257.2201,119.7339,119.7339,0.4778,286.9098,319.384,0.546,-0.0164,-14.7395,43.406,2.619,2.6329,,,14.528,14.8842,-13.2732,-13.2751,0.0018,0.7518,0.7127,0.1341,-1.6548,-7.7199,-9.4242,-13.0516,-13.9759,,,,,1.1052,2.1052,3.1052,6.1052,,5.5052,2.2708,79.910911,-24.0836,372.85,79.910919,-24.083578,370.55,13.72,3.876,2.9281,75.0355,257.155,-0.4187
2014-08-01,968.9784,1.4247,71.737,72.0365,3.1812,5.6614,285.09,-4.5144,1.2172,190.2348,189.9946,97.0015,96.9997,0.4821,269.6759,313.3238,0.4405,-0.92,-23.4096,40.4528,2.6204,2.6273,,,13.4915,13.8361,-14.3163,-14.3219,0.0057,-0.1911,-0.2468,-0.5272,-0.0465,-3.2036,-5.2974,-9.9088,-13.0716,,,,,,1.0622,2.0622,5.0622,,4.9891,-1.3161,79.910904,-24.083536,371.32,79.910918,-24.083549,370.46,13.49,2.13,1.4265,72.7764,266.9062,1.2362
2014-09-01,961.219,-9.1821,66.5675,72.142,1.3567,6.2749,298.3931,-4.5904,2.4813,74.1206,69.1492,59.4986,59.4986,,230.1936,268.4266,0.5242,-10.6328,-16.6624,24.6562,2.669,2.6235,,,13.2675,13.6846,-14.4545,-14.478,0.0235,-8.4954,-8.325,-8.6049,-5.6569,-6.4326,-5.4164,-8.5016,-11.8588,,,,,,0.924,1.924,4.924,,5.3391,-2.1437,79.910903,-24.083498,369.72,79.910917,-24.083521,370.37,13.31,-8.8244,-9.1618,71.5123,282.97,2.4995
2014-10-01,970.6028,-15.0237,70.886,80.9533,0.911,7.2002,321.487,-4.0659,5.1092,4.8759,4.1182,3.9499,3.9499,,226.5832,245.9299,0.7334,-16.4862,-8.8058,12.6706,2.6209,2.5476,,,13.3622,13.6914,-14.3797,-14.478,0.0983,-15.9438,-15.9046,-16.0139,-13.6969,-12.5995,-9.4602,-10.3144,-11.1774,,,,,,0.9988,1.9988,4.9988,,5.4298,-2.1062,79.910902,-24.083471,368.48,79.910915,-24.083493,370.29,12.54,-15.0146,-15.0205,79.7258,298.9447,5.1332
2014-11-01,963.6303,-21.6405,59.9954,71.4458,0.4831,5.7536,297.1476,-3.8036,1.9504,0.0,0.0,0.0027,0.0027,,186.2217,220.0707,0.5426,-23.4804,-5.3846,28.5399,2.6903,2.5808,,,13.2836,13.6782,-14.4095,-14.4816,0.0721,-23.5683,-23.5061,-23.7706,-22.2799,-18.8235,-14.0285,-13.2299,-11.3831,,,,,,0.969,1.969,4.969,,5.4484,-2.1129,79.910895,-24.083472,368.81,79.910914,-24.083465,370.2,12.33,-21.6585,-21.6323,72.964,273.1672,1.9975
2014-12-01,961.7593,-23.7839,67.2315,79.435,0.4865,7.2357,312.6016,-4.7888,4.4038,0.0,0.0,0.0,0.0,,177.0941,213.7836,0.5213,-25.3771,-4.5675,29.0463,2.5044,2.3923,,,13.2722,13.6842,-14.2221,-14.4816,0.2595,-22.8513,-23.1046,-23.5171,-22.699,-19.3822,-15.8602,-15.4096,-12.2501,,,,,0.1581,1.1564,2.1564,5.1564,,5.507,-2.2031,79.910904,-24.083404,370.4,79.910913,-24.083437,370.11,12.19,-23.7505,-23.7674,73.7886,288.6057,4.4081
2015-01-01,960.1725,-22.232,58.9182,71.8422,0.4236,6.9648,312.5591,-4.5118,4.1428,0.0,0.0,0.0,0.0,,191.4883,217.752,0.6168,-24.1207,-4.9024,23.2829,2.5103,2.4056,,,13.262,13.6889,-14.2351,-14.4816,0.2465,-23.776,-23.7507,-24.2816,-23.4201,-21.4288,-18.0551,-17.08,-13.154,,,,,0.1434,1.1434,2.1434,5.1434,,5.4977,-2.1991,79.910902,-24.08342,374.31,79.910912,-24.083408,370.02,12.06,-22.2495,-22.2318,71.2281,292.1102,4.151
2015-02-01,954.1119,-27.4241,56.2013,72.5842,0.2482,8.1523,312.5765,-5.2584,4.8314,0.7464,0.4706,0.7448,0.7448,,161.7033,200.5463,0.4909,-29.0121,-3.9157,30.4598,2.5432,2.412,,,13.179,13.6624,-14.2422,-14.4963,0.2542,-28.0986,-28.3495,-28.6865,-28.0801,-23.8183,-19.8851,-18.4359,-13.9723,,,,,0.1363,1.1363,2.1363,5.1363,,5.4719,-2.3567,79.910899,-24.083329,370.68,79.910911,-24.083381,369.93,11.97,-27.384,-27.4468,70.8007,296.398,4.7704
2015-03-01,958.1146,-24.3941,59.1029,73.9704,0.345,7.1488,314.2162,-4.6805,4.5542,42.144,38.5005,31.6167,31.6167,,182.6986,211.2885,0.6056,-25.9219,-4.686,17.4274,2.5356,2.4195,,,13.2144,13.6605,-14.2486,-14.5135,0.2649,-25.6349,-25.5253,-26.0547,-25.5146,-23.7324,-20.8731,-19.5607,-14.8119,,,,,0.1299,1.1299,2.1299,5.1299,,5.4365,-2.3576,79.910896,-24.083322,368.41,79.91091,-24.083354,369.85,12.41,-24.201,-24.3969,73.6267,292.0629,4.5936
2015-04-01,965.6583,-18.6444,57.9267,67.8425,0.574,6.4675,312.9309,-4.1797,3.8883,179.1085,175.7127,139.4598,139.4598,,191.5444,233.0935,0.4942,-19.7761,-10.6891,17.497,2.5032,2.4158,,,13.3019,13.6776,-14.2454,-14.5135,0.2681,-20.2757,-19.694,-20.8108,-19.9912,-21.1305,-20.2541,-19.7781,-15.5419,,,,,0.1331,1.1331,2.1331,5.1331,,5.391,-2.3723,79.910902,-24.083329,369.68,79.910909,-24.083326,369.76,13.57,-17.6888,-18.6453,68.9375,298.4838,3.8643
2015-05-01,969.126,-13.9684,64.6837,72.8799,0.9161,3.0264,223.6026,-0.752,-0.7896,313.3909,313.618,245.9779,245.9779,0.8,200.2166,254.386,0.4079,-14.0539,-9.4698,-0.8476,2.4956,2.4307,,,13.3434,13.6867,-14.2587,-14.5135,0.2548,-13.2054,-12.4298,-13.9761,-12.3092,-15.6619,-16.765,-18.0034,-15.8566,,,,,0.1198,1.1198,2.1198,5.1198,,5.29,-2.4855,79.910906,-24.083312,371.54,79.910908,-24.083297,369.67,14.16,-10.3954,-13.9773,74.3607,226.0445,-0.8048
2015-06-01,969.0736,0.9808,67.2863,67.5442,2.8749,5.7402,298.4577,-4.1038,2.2243,360.6269,361.5694,243.5478,243.5478,0.6904,257.618,312.8185,0.3375,-0.8373,-38.8654,31.5342,2.5348,2.5395,,,13.3131,13.6569,-14.4062,-14.536,0.1298,-0.0106,0.1953,-0.438,-1.1593,-5.6583,-10.5732,-14.6332,-15.518,,,,,,0.9723,1.9723,4.9723,,5.0402,-2.4954,79.910907,-24.083291,372.13,79.910906,-24.083269,369.59,13.9,2.8349,0.9837,68.1858,282.9503,2.2352
2015-07-01,975.8571,4.101,68.9462,68.9543,3.6314,5.6296,287.1689,-4.5964,1.4201,294.6775,295.3492,127.8894,127.8894,0.4406,284.2906,320.7605,0.4575,-0.0118,-11.3901,65.2673,2.6169,2.6364,,,12.2643,12.5447,-15.6132,-15.6147,0.0015,0.7344,0.7586,0.5712,,0.0549,-2.4955,-8.7335,-14.1959,,,,,,,0.7652,3.7652,,4.5504,1.8961,79.910901,-24.083213,371.75,79.910905,-24.083241,369.5,13.72,5.1408,4.0967,69.9308,281.0418,1.3902
2015-08-01,970.4102,0.7342,72.9205,73.3422,3.0774,4.5625,295.7274,-3.1077,1.4975,164.5093,166.9588,88.8222,88.8222,,273.4506,312.0694,0.5152,-1.0943,-20.8226,25.6611,2.6152,2.6184,,,11.1947,11.526,-16.6249,-16.6319,0.0069,-0.2634,-0.3268,-0.5528,-0.4893,-0.2794,-0.4025,-3.3133,-11.7869,,,,,,,,2.7535,,2.5819,3.7256,79.910895,-24.08316,368.95,79.910904,-24.083213,369.41,13.46,1.4834,0.7378,73.9529,285.9461,1.4689
2015-09-01,965.335,-8.1151,64.2106,68.5779,1.4389,5.6288,311.3588,-3.4335,3.0227,57.8263,67.7971,49.946,49.946,,234.479,273.5895,0.5193,-9.3793,-21.4675,21.5372,2.6378,2.5991,,,11.039,11.4176,-16.7052,-16.7415,0.0364,-8.0892,-8.4433,-8.8811,-7.7584,-7.8869,-6.6564,-7.1197,-9.888,,,,,,,,2.6733,,2.6339,5.3615,79.910894,-24.083131,367.75,79.910903,-24.083184,369.32,13.26,-7.7139,-8.1189,70.1034,278.8846,3.0545
2015-10-01,961.1263,-15.4133,62.3507,70.8681,0.8103,6.2348,312.7005,-3.9062,3.6046,2.1154,3.1829,2.357,2.357,,206.7059,243.9289,0.5275,-16.9236,-12.5099,26.0486,2.6329,2.559,,,11.0003,11.4182,-16.6608,-16.7424,0.0816,-16.8425,-16.8143,-17.0881,-15.9818,-15.9659,-15.5596,-13.6121,-10.2167,,,,,,,,2.7177,,2.6889,5.4938,79.910894,-24.083101,367.6,79.910902,-24.083156,369.23,12.57,-15.3714,-15.4089,70.4443,284.2631,3.6032
2015-11-01,959.3666,-21.5101,57.2852,69.6925,0.4289,7.5449,325.1488,-3.9498,5.6722,0.0001,0.0001,0.0021,0.0021,,186.2482,220.9962,0.5351,-23.0887,-8.4345,25.4413,2.4797,2.3795,,,10.9848,11.4189,-16.4839,-16.7438,0.2599,-20.9542,-21.0643,-21.406,-20.3869,-20.3252,-20.2776,-19.1325,-12.2765,,,,,,,,2.8946,,2.7578,5.5839,79.910879,-24.083045,367.29,79.910901,-24.083128,369.14,12.33,-21.4635,-21.4853,69.1788,296.3869,5.686
2015-12-01,958.099,-24.4994,59.3625,73.8537,0.3534,8.2321,325.086,-4.0055,5.7388,0.0,0.0,0.0,0.0,,180.4826,211.7802,0.5889,-25.8118,-6.0382,25.9786,2.3935,2.2832,,,10.976,11.4222,-16.3839,-16.7438,0.3599,-20.8714,-21.633,-22.1734,-21.6534,-20.8915,-21.488,-20.5152,-14.076,,,,,,,,2.9946,,2.7355,5.6809,79.910892,-24.083015,363.49,79.9109,-24.0831,369.06,12.18,-24.4079,-24.4959,71.8938,292.0875,5.7679
2016-01-01,964.7693,-21.7541,61.2282,74.2682,0.4568,5.8046,323.9602,-2.5922,3.5627,0.0,0.0,0.0,0.0,,187.4872,216.8228,0.5663,-24.3996,-3.5725,30.9267,2.2715,2.1789,,,11.0549,11.4388,-16.2784,-16.7438,0.4654,-20.7059,-21.0708,-21.3178,-20.3939,-20.626,-20.7916,-20.5632,-15.4118,,,,,,,0.1001,3.1001,,2.6875,5.6571,79.910901,-24.08305,371.44,79.910898,-24.083071,368.97,12.06,-21.7884,-21.7639,73.3172,270.8066,3.5865
2016-02-01,966.2986,-23.249,56.1586,69.4285,0.3611,5.9513,326.1948,-2.9388,4.3891,0.1719,0.1719,0.3292,0.3292,,179.9824,210.9082,0.544,-26.0385,-3.9039,27.1774,2.3095,2.2088,,,11.0843,11.454,-16.3077,-16.7438,0.4361,-20.9568,-21.3717,-21.474,-20.4209,-20.442,-20.6255,-20.1158,-16.0253,,,,,,,0.0708,3.0708,,2.7261,5.6594,79.910906,-24.082955,370.72,79.910897,-24.083044,368.88,11.97,-23.2647,-23.249,69.8707,283.0108,4.3949
2016-03-01,961.8963,-23.7568,56.1773,69.5087,0.3524,5.9618,317.7185,-3.303,3.6323,34.0454,43.3129,39.5626,39.5626,,172.4255,210.952,0.4784,-25.9783,-4.4027,31.4248,2.3224,2.2188,,,11.0548,11.4656,-16.3182,-16.7438,0.4256,-21.5847,-21.9345,-22.0495,-21.0931,-21.0766,-21.2847,-20.7034,-16.4864,,,,,,,0.0608,3.0603,,2.7039,5.6308,79.910903,-24.082957,367.3,79.910896,-24.083016,368.79,12.61,-23.4133,-23.7438,67.6649,282.6692,3.5927
2016-04-01,974.1287,-19.8671,57.0141,67.6313,0.4995,4.3325,308.1153,-1.7992,1.4115,162.8805,169.4096,143.6452,143.5916,,181.4643,225.9237,0.433,-21.7043,-6.3483,15.8432,2.3277,2.2412,,,11.1926,11.4892,-16.3402,-16.7438,0.4036,-20.7501,-20.6957,-20.8988,-20.2503,-20.5054,-20.5159,-20.6244,-17.0067,,,,,,,0.0383,3.0383,,2.7006,5.5032,79.910896,-24.082978,368.65,79.910895,-24.082988,368.71,14.05,-18.3872,-19.8846,67.6664,255.6265,1.4075
2016-05-01,971.21,-9.6071,68.6769,74.7576,1.3395,4.6377,324.4066,-1.6806,2.348,275.5773,277.7017,230.9489,230.9489,0.8686,233.633,271.784,0.575,-9.8214,-18.3146,3.648,2.2667,2.2262,,,11.1752,11.499,-16.3253,-16.7438,0.4185,-14.0948,-13.3206,-13.9182,-13.5484,-14.6832,-14.0763,-16.3894,-16.9095,,,,,,,0.0532,3.0532,,2.6615,5.2657,79.910895,-24.082954,369.14,79.910894,-24.08296,368.62,14.09,-7.378,-9.6153,74.9443,261.7891,2.3753
2016-06-01,966.8702,1.6786,66.6665,66.9749,3.026,5.5608,308.9857,-3.7233,3.0135,361.0448,362.1216,230.5442,230.5484,0.6499,259.9864,313.7559,0.3253,-1.0275,-28.0097,42.1936,2.4319,2.4396,,,11.0549,11.4193,-16.6042,-16.7908,0.1866,-4.5273,-4.2632,-4.1597,-8.9252,-4.0498,-7.4701,-7.9908,-15.4835,,,,,,,,2.7743,,2.8925,4.1393,79.910896,-24.082935,370.23,79.910893,-24.082932,368.53,13.86,3.3651,1.6734,66.9375,293.6239,3.0161
2016-07-01,971.0811,4.245,67.0033,67.0033,3.5665,6.7043,322.1679,-3.5928,4.6265,305.8877,305.9063,138.551,138.551,0.4572,275.4998,320.5311,0.3572,0.0,-18.8193,82.3647,2.5697,2.5898,,,10.5053,10.8411,-17.8401,-17.8416,0.0016,-0.7046,-1.4038,-1.4547,,-4.6673,,-2.3853,-11.8381,,,,,,,,3.2872,,0.4089,1.4,79.910894,-24.082862,368.47,79.910892,-24.082904,368.44,13.64,5.2012,4.2152,67.284,305.8833,4.5838
2016-08-01,963.8373,2.1896,69.9551,70.0532,3.267,7.0504,347.1062,-1.376,6.0111,178.3916,178.0795,90.7526,90.7526,0.5215,261.6751,314.4323,0.3189,-0.5124,-29.5785,57.5463,2.5365,2.5463,1.4763,1.482,15.109,15.6566,-18.8986,-18.9001,0.0015,-1.9378,-4.5532,-8.1913,-10.8499,-12.4729,-13.3258,-13.6282,-13.5114,0.5155,1.5155,2.5155,3.5155,4.5155,5.5155,6.5155,9.5155,-13.5012,-0.7754,-1.1658,79.910886,-24.082797,367.3,79.91089,-24.082875,368.35,13.6,2.7726,2.201,70.4155,250.4952,5.9416
2016-09-01,962.9118,-6.2626,72.8826,76.9283,1.8477,4.7151,350.7041,-0.4716,2.8815,61.6711,59.1054,36.2338,36.2338,,232.7163,279.5403,0.4215,-7.8924,-10.0735,22.6101,2.586,2.556,1.6345,1.6156,15.0029,15.5592,-19.0109,-19.0182,0.0073,-7.3895,-6.233,-7.1485,-8.8678,-10.4859,-11.7077,-12.4573,-13.2684,0.4032,1.4032,2.4032,3.4032,4.4032,5.4032,6.4032,9.4032,-13.4301,-0.8508,-1.1669,79.910885,-24.082776,366.6,79.910889,-24.082847,368.26,13.37,-6.0094,-6.2758,77.0418,184.3147,3.025
2016-10-01,968.9141,-14.152,72.8957,82.5247,1.0048,5.1208,2.8493,0.1807,3.6297,6.0404,5.2446,4.778,4.778,,213.3657,247.4196,0.5507,-15.9387,-2.0322,23.6345,2.5804,2.5152,1.6616,1.6178,15.0822,15.5824,-19.0098,-19.0288,0.0189,-16.3131,-12.9576,-10.8143,-10.2367,-10.4952,-11.0596,-11.6257,-12.8264,0.4043,1.4043,2.4043,3.4043,4.4043,5.4043,6.4043,9.4043,-13.0649,-0.9246,-1.1683,79.910886,-24.082757,366.72,79.910888,-24.082819,368.18,12.88,-14.2312,-14.1385,83.42,169.1997,3.6059
2016-11-01,964.4539,-16.132,74.4941,86.1265,0.8761,6.6904,14.8079,1.2191,4.6114,0.0,0.0,0.001,0.001,,210.7989,240.6412,0.5978,-17.7597,-1.6499,19.6053,2.5794,2.5018,1.648,1.6038,15.05,15.5918,-19.0058,-19.0288,0.0229,-16.5353,-14.7177,-13.2859,-12.4016,-11.907,-11.7031,-11.7258,-12.4658,0.4083,1.4083,2.4083,3.4083,4.4083,5.4083,6.4083,9.4083,-12.6116,-0.9371,-1.1678,79.910878,-24.082715,364.79,79.910887,-24.082791,368.09,12.51,-16.2035,-16.1343,86.4009,124.8879,4.67
2016-12-01,958.3921,-22.7845,71.9372,87.9881,0.4978,7.0998,20.174,2.1179,5.7644,0.0,0.0,0.0,0.0,,186.0587,217.1431,0.5902,-24.2484,-0.5277,20.89,2.6026,2.4913,,,15.016,15.6144,-18.9882,-19.0288,0.0405,-22.2709,-18.896,-16.0556,-14.238,-13.177,-12.5453,-12.2285,-12.3499,0.4259,1.4259,2.4259,3.4259,4.4259,5.4259,6.4259,9.4259,-12.373,-0.9759,-1.1636,79.910886,-24.082702,365.96,79.910886,-24.082762,368.0,12.34,-22.8342,-22.7902,88.0306,86.8602,5.7315
2017-01-01,960.615,-26.4519,66.3594,84.6313,0.3221,7.2044,14.5191,1.5698,6.0615,0.0,0.0,0.0,0.0,,155.6849,202.7234,0.3906,-28.3001,-0.3926,32.8804,2.6303,2.4994,,,15.0717,15.6494,-18.9962,-19.0288,0.0325,-25.6055,-21.557,-18.5529,-16.4413,-14.9279,-13.7998,-13.0678,-12.4457,0.4179,1.4179,2.4179,3.4179,4.4179,5.4179,6.4179,9.4179,-12.3248,-1.0041,-1.1705,79.910886,-24.082675,365.81,79.910885,-24.082734,367.91,12.2,-26.4605,-26.459,84.134,106.5265,6.0564
2017-02-01,963.1565,-25.2097,70.8615,86.7259,0.4257,6.5231,359.7239,-0.0194,4.034,0.5537,0.4495,0.6729,0.6729,,173.2038,208.3684,0.5346,-26.8575,-0.1785,25.1641,2.572,2.45,,,15.1071,15.661,-18.9468,-19.0288,0.0819,-26.0791,-23.5626,-20.772,-18.4592,-16.6117,-15.1166,-14.0547,-12.725,0.4673,1.4673,2.4673,3.4673,4.4673,5.4673,6.4673,9.4673,-12.4911,-0.9931,-1.1706,79.910884,-24.082674,366.19,79.910884,-24.082707,367.82,12.1,-25.2171,-25.2241,87.1572,153.7757,4.1003
2017-03-01,962.5233,-25.2484,60.1886,75.5594,0.3302,6.3891,8.0649,0.7594,5.3594,42.4979,39.5925,36.3206,36.3206,,154.5946,204.6872,0.3392,-27.6845,-2.1623,41.3751,2.5546,2.4334,,,15.1108,15.6707,-18.93,-19.0288,0.0987,-26.5763,-24.1048,-21.5958,-19.506,-17.7657,-16.2372,-15.0392,-13.139,0.4841,1.4841,2.4841,3.4841,4.4841,5.4841,6.4841,9.4841,-12.812,-0.9858,-1.1632,79.910883,-24.082615,366.79,79.910883,-24.082679,367.74,12.88,-25.0752,-25.241,76.2551,110.7749,5.4463
2017-04-01,973.6552,-21.1179,64.9344,79.2295,0.4846,4.3536,14.8373,0.8091,3.0544,174.9605,172.9635,138.0997,138.0997,,170.9724,221.8714,0.3736,-22.6601,-1.8309,18.242,2.5438,2.4434,,,15.2068,15.6628,-18.94,-19.0288,0.0887,-23.2227,-22.7312,-21.4921,-20.0722,-18.6127,-17.1522,-15.9117,-13.6437,0.4741,1.4741,2.4741,3.4741,4.4741,5.4741,6.4741,9.4741,-13.2461,-0.9425,-1.1552,79.910885,-24.08261,367.7,79.910881,-24.082651,367.65,14.23,-19.5656,-21.1297,79.9929,105.472,3.0969
2017-05-01,978.3838,-10.6402,67.7848,74.1917,1.2274,3.6879,0.7829,0.0225,1.6449,319.1212,318.713,243.7059,243.7059,0.7935,204.7695,264.5115,0.3189,-11.445,-9.3268,7.1097,2.5034,2.454,,,15.2509,15.6627,-18.9487,-19.0288,0.08,-14.909,-17.7731,-18.759,-18.8332,-18.3104,-17.3852,-16.4051,-14.1501,0.4654,1.4654,2.4654,3.4654,4.4654,5.4654,6.4654,9.4654,-13.7482,-0.8559,-1.1556,79.910887,-24.082603,368.2,79.91088,-24.082623,367.56,14.23,-7.7056,-10.6474,77.2733,128.4512,1.6564
2017-06-01,968.262,1.0488,74.2953,74.5386,3.1851,5.4159,348.9095,-0.5614,2.8641,339.8256,339.5356,212.2192,212.2192,0.6354,261.8759,313.4867,0.3794,-0.6796,-24.0367,25.968,2.5728,2.5778,,,15.0591,15.5655,-19.0238,-19.0617,0.0378,-5.5149,-7.9507,-12.6685,-15.2151,-16.3053,-16.4008,-16.0207,-14.4775,0.3903,1.3903,2.3903,3.3903,4.3903,5.3903,6.3903,9.3903,-14.1687,-0.7731,-1.1614,79.910887,-24.082578,368.49,79.910879,-24.082595,367.48,13.95,2.7659,1.058,75.2079,156.4357,2.9112
2017-07-01,962.7982,3.5402,70.5993,70.6456,3.6307,6.0552,11.3185,0.9371,4.6819,301.0012,300.6577,135.676,135.6753,0.4403,269.5318,318.4778,0.3303,-0.1538,-12.4997,65.1071,2.6179,2.6347,,,14.1576,14.7149,-19.84,-19.8416,0.0015,,-0.8943,-5.3493,-9.8339,-12.6621,-14.1346,-14.7877,-14.5388,,0.631,1.574,2.574,3.574,4.574,5.574,8.574,,-0.7576,-1.1623,79.910887,-24.082531,367.32,79.910878,-24.082567,367.39,13.84,4.6631,3.5377,71.3914,101.4348,4.6959
2017-08-01,963.8285,0.7325,73.3679,73.8971,3.133,5.0426,29.9043,2.0646,3.5899,178.8377,177.4618,91.4842,91.4842,0.4657,262.9339,309.5738,0.4044,-1.5705,-15.6231,34.1338,2.6218,2.6252,,,13.0636,13.6113,-20.9515,-20.9557,0.0042,,-1.8772,-1.1153,-4.943,-8.6093,-11.1023,-12.6619,-14.1103,,,0.4625,1.4625,2.4625,3.4625,4.4625,7.4625,,-0.7832,-1.1616,79.910885,-24.08247,366.06,79.910877,-24.082538,367.3,13.67,1.5419,0.7495,74.3184,89.6224,3.5861
2017-09-01,967.1591,-8.4778,75.755,81.2286,1.6439,4.325,34.8812,1.8596,2.6675,69.9373,67.9114,52.5797,52.5797,,238.828,269.3807,0.5762,-10.5415,-5.6239,18.3371,2.4516,2.4136,,,13.0042,13.5208,-20.8906,-21.0974,0.2068,,-7.35,-6.9251,-6.7842,-7.8799,-9.3545,-10.8014,-13.2962,,,0.5235,1.5235,2.5235,3.5235,4.5235,7.5235,,-0.8647,-1.1625,79.910884,-24.08244,365.82,79.910876,-24.08251,367.21,13.46,-8.062,-8.4664,79.4503,122.5563,2.6773
2017-10-01,966.8648,-15.5517,77.0653,87.5502,0.9859,4.4971,46.0756,2.8764,2.7703,6.0974,5.6788,4.4138,4.4168,,221.1573,242.8705,0.6819,-17.3437,-1.5945,15.0083,2.3812,2.3121,,,13.0067,13.526,-20.7889,-21.0974,0.3084,,-11.5188,-10.9583,-9.8684,-9.6974,-9.9348,-10.543,-12.52,,,0.6252,1.6252,2.6252,3.6252,4.6252,7.6252,,-0.929,-1.1668,79.910885,-24.082426,365.43,79.910875,-24.082482,367.12,12.65,-15.606,-15.5484,87.6441,79.448,2.6965
2017-11-01,974.6862,-19.4763,65.4901,78.3117,0.5711,5.5284,40.8901,2.9587,3.4168,0.0,0.0,0.002,0.002,,192.9132,225.5807,0.5445,-21.831,-2.3261,24.2664,2.3948,2.3076,,,13.0937,13.5401,-20.7837,-21.0974,0.3137,,-15.6931,-14.8868,-12.8397,-11.7898,-11.2101,-11.1578,-12.1386,,,0.6304,1.6304,2.6304,3.6304,4.6304,7.6304,,-0.9574,-1.1664,79.910882,-24.0824,365.29,79.910873,-24.082454,367.03,12.48,-19.5451,-19.4667,78.9273,105.7778,3.4143
2017-12-01,965.998,-20.25,69.4726,83.0313,0.5898,5.8715,48.4142,3.7799,3.3543,0.0,0.0,0.0,0.0,,196.1191,228.4915,0.5814,-21.0437,-3.0418,27.4855,2.4051,2.3139,,,13.0172,13.5446,-20.79,-21.0974,0.3074,,-17.7151,-17.0395,-15.1759,-13.8496,-12.7678,-12.2016,-12.1337,,,0.6241,1.6241,2.6241,3.6241,4.6241,7.6241,,-0.9583,-1.1657,79.910884,-24.082368,364.72,79.910872,-24.082426,366.95,12.36,-20.2691,-20.25,84.7126,93.2453,3.338
2018-01-01,967.4687,-25.0576,69.3471,86.9532,0.3843,5.9961,48.2192,4.1569,3.7142,0.0,0.0,0.0,0.0,,167.2156,205.8817,0.4795,-27.47,-0.1562,29.103,2.4306,2.3162,,,13.054,13.5677,-20.7924,-21.0974,0.305,,-21.2127,-20.2464,-17.5766,-15.7211,-14.2339,-13.3108,-12.3844,,,0.6217,1.6217,2.6217,3.6217,4.6217,7.6217,,-0.9925,-1.1681,79.910884,-24.082358,364.92,79.910871,-24.082397,366.86,12.19,-25.0708,-25.0385,85.8494,66.3158,3.6823
2018-02-01,965.3661,-18.7468,75.679,86.4409,0.8194,5.7176,20.4791,0.9994,2.6759,0.905,0.6794,0.8141,0.8141,,199.8582,230.5572,0.572,-20.7728,-0.7913,24.6837,2.3764,2.2927,,,13.0338,13.5671,-20.7695,-21.0974,0.3279,,-20.3263,-20.0136,-18.7415,-17.2261,-15.6532,-14.4898,-12.8092,,,0.6446,1.6446,2.6446,3.6446,4.6446,7.6446,,-0.9514,-1.1707,79.910879,-24.082338,365.19,79.91087,-24.08237,366.77,12.1,-18.7794,-18.7529,82.8742,120.4743,2.6832
2018-03-01,977.2967,-24.6586,67.6871,84.9194,0.3777,5.2167,45.941,3.4806,3.3681,46.5079,43.7879,34.3485,34.3485,,170.9576,207.9137,0.4948,-26.8797,-0.67,22.571,2.3013,2.1948,,,13.1634,13.5853,-20.6711,-21.0974,0.4263,,-20.2536,-19.6686,-18.1604,-17.1387,-16.0451,-15.1334,-13.2868,,,0.743,1.743,2.743,3.743,4.743,7.743,,-0.9864,-1.1672,79.910884,-24.082293,366.33,79.910869,-24.082343,366.69,12.58,-24.4164,-24.6412,84.6031,68.9875,3.3593
2018-04-01,970.3391,-20.8337,62.2843,74.4853,0.5108,3.8414,36.3488,2.0145,2.7375,186.9525,184.9733,144.251,144.251,,171.6325,221.2417,0.3653,-22.9817,-2.8375,19.0937,2.276,2.1872,,,13.0961,13.5831,-20.6631,-21.0974,0.4343,,-20.7058,-20.322,-19.1395,-17.9311,-16.6514,-15.6476,-13.7131,,,0.751,1.751,2.751,3.751,4.751,7.751,,-0.9395,-1.157,79.910884,-24.082286,366.13,79.910868,-24.082315,366.6,13.88,-18.9832,-20.8302,77.1403,99.9922,2.6931
2018-05-01,963.5191,-9.1506,79.7279,86.105,1.6456,4.5897,41.8179,2.151,2.4042,271.448,270.8774,216.6557,216.6557,0.8241,239.7603,273.7994,0.6186,-9.3938,-8.0354,2.546,1.9298,1.897,,,13.0351,13.5856,-20.3747,-21.0974,0.7227,,-16.3333,-16.5478,-17.2722,-17.2913,-16.6903,-15.9914,-14.1173,,0.0842,1.0394,2.0394,3.0394,4.0394,5.0394,8.0394,,-0.8495,-1.1548,79.910884,-24.082264,366.6,79.910867,-24.082287,366.51,14.16,-7.0465,-9.1697,84.7437,127.6876,2.3845
2018-06-01,965.6258,-2.3149,77.7079,79.296,2.6917,4.2042,38.8275,2.0441,2.5399,346.2765,345.8936,272.551,272.551,0.7884,256.7967,301.3299,0.4881,-3.2096,-14.0575,11.7734,1.9237,1.9158,,,13.0676,13.5986,-20.3921,-21.0974,0.7053,,-11.6427,-12.5305,-14.8467,-15.7252,-15.7785,-15.586,-14.364,,,1.022,2.022,3.022,4.022,5.022,8.022,,-0.7659,-1.1153,79.910885,-24.082244,366.96,79.910866,-24.082258,366.42,14.17,0.4248,-2.3139,80.6955,99.3594,2.5251
2018-07-01,962.0432,1.9548,74.0539,74.083,3.3877,5.0386,15.2703,0.9994,3.6606,312.0137,311.8354,188.4724,188.4724,0.6037,261.8937,316.7873,0.335,-0.1052,-22.8704,28.8196,2.5218,2.5308,,,12.9862,13.5505,-20.9829,-21.0981,0.1152,,-0.0522,-0.4617,-6.4085,-10.8984,-13.1704,-14.2297,-14.3365,,,0.4312,1.4312,2.4312,3.4312,4.4312,7.4312,,-0.7053,-1.0725,79.910885,-24.082222,366.53,79.910864,-24.08223,366.33,13.92,3.673,1.9447,74.6484,114.8234,3.6949
2018-08-01,963.2626,1.1921,75.9106,76.2865,3.3248,4.5339,13.7111,0.8826,3.6175,187.6831,187.0312,82.8542,82.8542,0.4376,263.383,312.879,0.3865,-0.8691,-17.6088,26.5461,2.6273,2.6329,,,12.4936,13.0465,-21.503,-21.5083,0.0053,,-1.1443,-0.9012,-1.9782,-6.1474,-9.2917,-11.4499,-13.7817,,,,0.9111,1.9111,2.9111,3.9111,6.9111,,-0.7174,-1.0795,79.910884,-24.082184,365.8,79.910863,-24.082202,366.24,13.73,2.0783,1.1972,76.4725,95.2198,3.6388
2018-09-01,965.9399,-9.2644,71.7374,77.4473,1.4672,4.8643,28.0675,1.9528,3.6623,65.6679,63.8243,36.4887,36.4887,,219.5061,268.9726,0.4144,-10.4382,-10.9332,18.752,2.6775,2.6314,,,12.3566,12.8846,-21.6521,-21.6768,0.0247,,-10.4895,-10.2952,-8.5864,-7.4925,-8.1985,-9.6228,-12.768,,,,0.762,1.762,2.762,3.762,6.762,,-0.8603,-1.148,79.910883,-24.08216,365.09,79.910862,-24.082174,366.16,13.51,-8.9875,-9.2717,77.7907,81.5758,3.6569
2018-10-01,964.1603,-14.1508,73.8576,83.3994,1.0392,6.4951,43.9639,4.0913,4.242,4.9733,4.4824,2.984,2.988,,222.0981,249.7825,0.6383,-15.4366,-4.9619,19.8655,2.676,2.6055,,,12.3486,12.8932,-21.6281,-21.6768,0.0487,,-14.2218,-14.2762,-13.4009,-11.8878,-10.8795,-10.6682,-12.0346,,,,0.786,1.786,2.786,3.786,6.786,,-0.91,-1.1614,79.910884,-24.082142,365.17,79.910861,-24.082145,366.07,12.68,-14.1636,-14.1512,82.9282,65.9072,4.2312
2018-11-01,972.065,-21.772,68.247,83.3509,0.492,5.4261,35.9796,2.7303,3.7607,0.0,0.0,0.0023,0.0023,,185.7305,219.4397,0.5455,-23.5405,-1.4812,20.1634,2.6766,2.5676,,,12.4448,12.9156,-21.5899,-21.6768,0.0869,,-20.2524,-20.2721,-18.5028,-15.4828,-13.3245,-12.2685,-11.9962,,,,0.8242,1.8242,2.8242,3.8242,6.8242,,-0.9692,-1.1663,79.910883,-24.082128,366.64,79.91086,-24.082117,365.98,12.47,-21.8394,-21.7788,83.8521,87.0476,3.7331
2018-12-01,963.7618,-23.9934,60.8901,75.5771,0.372,6.4356,31.7905,3.2119,5.1821,0.0,0.0,0.0,0.0,,163.3104,209.1288,0.3882,-26.4245,-2.3759,35.1278,2.678,2.5573,,,12.3886,12.9369,-21.5787,-21.6768,0.0981,,-23.8397,-23.8609,-22.216,-18.9965,-16.303,-14.4991,-12.4562,,,,0.8354,1.8354,2.8354,3.8354,6.8354,,-0.9837,-1.1665,79.910882,-24.082086,365.7,79.910859,-24.082089,365.89,12.34,-24.0613,-23.9564,77.5408,55.9851,5.1244
2019-01-01,969.8559,-27.1307,61.682,78.8612,0.2833,4.8641,35.9884,2.4964,3.4375,0.0,0.0,0.0,0.0,,158.8481,198.4757,0.4458,-29.6629,-0.1258,25.7842,2.6885,2.5512,,,12.4775,12.9689,-21.5727,-21.6768,0.1041,,-26.7382,-26.7345,-25.0879,-21.746,-18.7723,-16.5496,-13.2592,,,,0.8414,1.8414,2.8414,3.8414,6.8414,,-1.0058,-1.169,79.910882,-24.082059,364.32,79.910858,-24.082061,365.8,12.19,-27.1947,-27.1194,80.972,82.0049,3.4347
2019-02-01,967.333,-27.2122,62.5465,79.6604,0.2904,4.6139,35.1207,2.4109,3.4277,0.7168,0.5198,0.8176,0.8176,,162.5657,198.2524,0.4789,-29.8276,-0.4838,26.5094,2.6173,2.4831,,,12.4653,12.9802,-21.5049,-21.6768,0.1719,,-26.4126,-26.3506,-25.31,-22.8965,-20.4104,-18.2269,-14.1696,,,,0.9092,1.9092,2.9092,3.9092,6.9092,,-1.0057,-1.1698,79.910881,-24.082023,365.12,79.910856,-24.082033,365.72,12.08,-27.2618,-27.1851,79.7038,66.9994,3.4157
2019-03-01,960.3075,-27.2123,64.4979,82.3327,0.3004,6.1222,39.4133,3.6918,4.4924,36.9902,35.1118,30.6207,30.6207,,164.1348,199.9476,0.506,-29.3049,-1.0077,22.9516,2.625,2.4905,,,12.4027,12.9832,-21.514,-21.6768,0.1628,,-26.6148,-26.555,-25.7438,-23.5983,-21.2696,-19.2083,-15.0481,,,,0.9001,1.9001,2.9001,3.9001,6.9001,,-0.9996,-1.1659,79.910882,-24.082011,366.13,79.910855,-24.082006,365.63,12.52,-27.018,-27.2037,82.6739,58.3311,4.4948
2019-04-01,970.5646,-16.9452,62.5439,71.7714,0.7156,4.3761,17.8872,0.8923,2.7647,174.9742,174.4368,137.5021,137.5021,,187.3013,236.162,0.3844,-18.8578,-5.1855,21.1142,2.5804,2.4987,,,12.4707,12.9555,-21.5191,-21.6768,0.1577,,-21.8011,-21.6676,-22.1066,-22.0738,-21.072,-19.6901,-15.8553,,,,0.895,1.895,2.895,3.895,6.895,,-0.9118,-1.1522,79.910882,-24.081997,366.34,79.910854,-24.081978,365.55,13.74,-15.5962,-16.9637,75.6217,125.8439,2.77
2019-05-01,982.1821,-7.3941,73.1075,77.9144,1.6729,3.928,13.1385,0.5747,2.4623,296.1505,296.1206,231.6823,231.6823,0.8076,225.7116,277.1079,0.3997,-8.442,-10.0239,10.0813,2.5361,2.5014,,,12.587,12.9634,-21.5147,-21.6768,0.1621,,-13.8361,-13.5221,-15.2344,-17.7204,-18.5808,-18.5144,-16.3006,,,,0.8994,1.8994,2.8994,3.8994,6.8994,,-0.8087,-1.1173,79.910882,-24.08198,366.69,79.910853,-24.08195,365.46,14.15,-5.2252,-7.3991,78.7477,109.0599,2.4685
2019-06-01,972.9737,2.0574,70.2123,70.372,3.2327,6.2701,27.1703,2.4734,4.8188,316.4715,316.761,182.2899,182.2899,0.5765,270.1789,315.0984,0.4142,-0.5605,-25.7432,50.483,2.5807,2.5905,,,12.2907,12.753,-21.7834,-21.8453,0.0619,,-2.8088,-2.421,-3.9601,-10.0946,-13.9122,-15.7647,-16.0954,,,,0.6307,1.6307,2.6307,3.6307,6.6307,,-0.6791,-1.0591,79.910882,-24.081948,366.75,79.910852,-24.081922,365.37,13.95,3.3537,2.047,71.2455,74.0207,4.8255
2019-07-01,973.7408,3.9025,69.661,69.6694,3.6213,5.4717,346.2024,-0.8706,3.545,308.5596,308.4811,129.9364,129.9841,0.421,273.0721,320.2113,0.349,-0.0093,-11.9664,59.4203,2.4498,2.4671,0.9238,0.93,13.8858,14.0433,-23.0665,-23.068,0.0014,-0.2077,-4.4102,-8.1236,-11.3306,-9.6405,-12.2552,-13.6791,-14.3708,,,,,3.2213,4.2213,5.2213,8.2213,,-0.7142,-1.1233,79.910864,-24.081832,366.01,79.910851,-24.081894,365.28,13.75,5.2391,3.909,70.4473,211.2981,3.4994
2019-08-01,971.0775,2.155,73.0373,73.2144,3.3951,4.9259,353.9249,-0.409,3.843,168.9483,168.7625,77.3144,77.3144,0.4223,274.5962,315.8623,0.456,-0.5046,-13.9132,40.8402,2.5724,2.5826,1.7071,1.7132,14.3233,14.4328,-24.3306,-24.3332,0.0027,-0.2176,-0.9199,-5.0749,-8.7193,-11.198,-12.6644,-13.3335,-13.6044,,0.5378,1.5378,2.5378,3.5378,4.5378,5.5378,8.5378,,-0.7717,-1.1661,79.910847,-24.081768,365.2,79.91085,-24.081865,365.19,13.74,3.0362,2.1595,74.4598,206.6251,3.9156
2019-09-01,967.808,-5.5394,71.226,74.1594,1.9569,6.3995,9.0937,0.7797,4.871,68.5197,67.1479,42.1457,42.1457,,243.9159,283.651,0.5022,-7.0846,-21.266,21.7074,2.5965,2.5699,1.9037,1.8841,14.3368,,-24.5648,-24.579,0.0143,-6.9464,-6.4187,-5.9085,-7.1503,-8.9025,-10.5161,-11.6389,-13.182,,0.3037,1.3037,2.3037,3.3037,4.3037,5.3037,8.3037,,-0.839,-1.165,79.910844,-24.081748,364.04,79.910849,-24.081837,365.1,13.49,-5.1999,-5.5249,74.7037,161.123,4.8533
2019-10-01,968.9433,-12.9006,61.1063,67.7942,0.9659,6.0262,356.1507,-0.3393,5.0423,9.1852,7.9324,5.9411,5.9411,,196.0695,248.4408,0.317,-15.5968,-9.8298,38.7551,2.5965,2.5341,1.9237,1.8775,14.1596,,-24.5432,-24.581,0.0378,-15.9931,-15.1539,-11.4505,-10.1203,-9.8818,-10.2926,-10.8579,-12.5548,,0.3252,1.3252,2.3252,3.3252,4.3252,5.3252,8.3252,,-0.9085,-1.1686,79.910845,-24.08173,363.68,79.910847,-24.081809,365.02,12.91,-12.9961,-12.878,69.218,185.3421,4.9776
2019-11-01,969.7698,-22.8025,58.2548,70.807,0.4058,3.8263,345.0726,-0.6298,2.3622,0.0,0.0,0.0038,0.0038,,178.29,215.2942,0.495,-24.7221,-2.675,21.0441,2.6291,2.5168,1.9613,1.8774,14.1463,,-24.5334,-24.581,0.0476,-25.4586,-24.3509,-18.2568,-14.6877,-12.6751,-11.7511,-11.3936,-12.1328,,0.335,1.335,2.335,3.335,4.335,5.335,8.335,,-0.9812,-1.1719,79.910842,-24.081715,363.18,79.910846,-24.081781,364.93,12.54,-23.0008,-22.7927,76.1575,184.1818,2.4211
2019-12-01,964.5307,-22.2954,63.1426,77.3636,0.4418,5.0984,6.5436,0.4905,4.2757,0.0,0.0,0.0,0.0,,179.9469,215.2941,0.5073,-24.7313,-2.4006,25.2037,2.502,2.3969,1.9273,1.8468,14.0998,,-24.4603,-24.581,0.1208,-25.3621,-24.6181,-20.8597,-17.8331,-15.5124,-13.936,-12.8519,-12.164,,0.4082,1.4082,2.4082,3.4082,4.4082,5.4082,8.4082,,-0.9786,-1.1725,79.910845,-24.081692,363.9,79.910845,-24.081752,364.84,12.42,-22.4547,-22.2727,77.7083,139.8235,4.33
2020-01-01,958.8449,-27.3925,61.573,79.1507,0.2759,6.2263,13.0314,1.1858,5.1234,0.0,0.0,0.0,0.0,,166.2893,199.6823,0.5339,-29.3527,-1.8651,19.846,2.6705,2.5328,1.9671,1.8657,14.0825,14.2526,-24.5369,-24.581,0.0442,-29.1903,-27.9521,-23.3506,-20.118,-17.6105,-15.7546,-14.3212,-12.5633,,0.3316,1.3316,2.3316,3.3316,4.3316,5.3316,8.3316,,-1.0037,-1.1689,79.910841,-24.081684,362.68,79.910844,-24.081724,364.75,12.26,-27.467,-27.4149,79.1267,126.6575,5.1167
2020-02-01,954.8342,-26.6429,60.0661,76.8621,0.2876,7.5633,6.8827,0.7777,6.4432,1.3014,0.8868,1.0526,1.0526,,153.3279,201.159,0.3671,-28.7607,-1.973,38.6669,2.6669,2.5332,1.9631,1.8647,14.0555,,-24.5368,-24.581,0.0443,-29.2087,-28.4617,-25.2361,-22.2447,-19.6073,-17.4974,-15.765,-13.1506,,0.3317,1.3317,2.3317,3.3317,4.3317,5.3317,8.3317,,-1.0024,-1.1721,79.910843,-24.081616,364.38,79.910843,-24.081696,364.66,12.17,-26.6548,-26.6306,76.5361,133.7582,6.4328
2020-03-01,962.1853,-26.3961,55.4571,69.8493,0.2865,7.9244,12.3695,1.5243,6.9505,54.6753,51.9118,33.6042,33.6042,,150.8572,202.1091,0.3318,-28.5816,-4.2361,39.2324,2.6695,2.5367,1.9635,1.8659,14.2041,,-24.5382,-24.581,0.0429,-29.1519,-28.5574,-26.1714,-23.5547,-21.0701,-18.9439,-17.0924,-13.8551,,0.3303,1.3303,2.3303,3.3303,4.3303,5.3303,8.3303,,-0.9917,-1.1667,79.910847,-24.081607,364.02,79.910842,-24.081669,364.58,12.74,-26.1558,-26.4151,70.6919,106.9251,6.9362
2020-04-01,966.979,-13.4556,61.6441,69.0828,0.9139,8.0276,4.9389,0.5606,6.487,169.0285,168.1973,117.3703,117.3674,,200.199,251.6088,0.3866,-14.7588,-16.7119,26.9141,2.6,2.5349,,,15.2584,,-24.545,-24.581,0.036,-16.2004,-17.031,-19.957,-20.8287,-20.403,-19.3293,-17.9365,-14.6343,,0.3235,1.3235,2.3235,3.3235,4.3235,5.3235,8.3235,,-0.8914,-1.1596,79.910844,-24.081603,364.84,79.910841,-24.08164,364.49,13.75,-12.3804,-13.4492,70.8827,161.6632,6.4972
2020-05-01,971.5808,-7.0147,75.0134,78.9652,1.8431,6.0025,11.4883,0.8564,4.2136,249.2943,248.6971,186.1501,186.1501,0.7546,246.6343,284.1809,0.5978,-6.947,-25.3043,-0.6125,2.5767,2.543,,,16.4167,,-24.5554,-24.581,0.0256,-7.3231,-8.5024,-12.8813,-15.8136,-17.2884,-17.6741,-17.3109,-15.1626,,0.313,1.313,2.313,3.313,4.313,5.313,8.313,,-0.8342,-1.1602,79.910844,-24.081589,365.75,79.910839,-24.081612,364.4,14.3,-5.5253,-7.0243,78.4712,101.0478,4.1863
2020-06-01,970.9215,1.3662,71.291,71.5735,3.1338,5.8964,347.5067,-1.0268,4.634,310.9541,310.9584,181.4005,181.4005,0.5857,271.2156,314.6544,0.46,-0.7457,-31.7583,35.7709,2.4747,2.4806,,,14.2531,14.2318,-24.5674,-24.6212,0.0538,-0.548,-1.8152,-6.397,-11.0581,-13.7657,-15.205,-15.7435,-15.2021,,0.315,1.301,2.301,3.301,4.301,5.301,8.301,,-0.7699,-1.1632,79.910844,-24.081567,366.03,79.910838,-24.081584,364.31,14.12,3.0176,1.3596,71.6606,222.6032,4.5401
2020-07-01,970.9098,3.2182,75.7951,75.7994,3.7664,5.7549,342.4209,-1.2218,3.8565,213.1318,212.7242,83.8273,83.8273,0.3948,299.4555,320.0912,0.6619,-0.0004,-6.1415,50.1941,2.6064,2.6217,,,13.0324,13.1397,-25.6151,-25.6165,0.0013,0.6505,0.6459,0.0053,-4.1688,-8.888,-11.8585,-13.4894,-14.7729,,,,1.2533,2.2533,3.2533,4.2533,7.2533,,-0.7592,-1.1638,79.910836,-24.081498,364.79,79.910837,-24.081556,364.22,13.85,4.1687,3.2136,76.7552,227.4504,3.799
2020-08-01,965.7733,1.821,75.6873,75.7543,3.4215,5.3483,350.7998,-0.5723,3.5333,141.4819,140.3779,60.6935,60.6935,0.4143,284.2961,316.5311,0.5759,-0.2575,-21.9097,28.7761,2.5989,2.6075,,,11.9312,12.0864,-26.6647,-26.6694,0.0047,-0.0665,0.0004,0.0162,-0.3943,-4.0577,-7.7774,-10.3698,-13.8498,,,,0.2037,1.2037,2.2037,3.2037,6.2037,,-0.7728,-1.1643,79.910826,-24.081459,362.85,79.910836,-24.081527,364.14,13.58,2.4661,1.8228,76.0485,167.4902,3.4833
2020-09-01,964.1562,-7.4662,68.1548,72.4143,1.5985,5.7462,6.492,0.6086,5.3481,62.1373,59.753,33.7513,33.7513,,236.2234,277.0724,0.5114,-8.5633,-21.2575,19.5221,2.6721,2.6351,,,11.8166,,-26.8165,-26.8556,0.0391,-8.1723,-8.1266,-8.2145,-8.2951,-6.3963,-6.9979,-8.4696,-12.5678,,,,0.052,1.052,2.052,3.052,6.052,,-0.8531,-1.164,79.910823,-24.081436,361.67,79.910835,-24.081499,364.05,13.47,-7.1369,-7.456,71.8333,128.7465,5.2942
2020-10-01,971.9684,-15.7962,64.1478,73.6038,0.7778,3.9152,340.4586,-0.7763,2.1872,7.6465,6.7006,4.0062,4.0062,,199.445,239.6619,0.465,-17.9688,-4.28,22.3071,2.69,2.611,,,11.9344,,-26.7876,-26.8556,0.068,-18.1541,-17.7669,-18.1041,-18.141,-14.0543,-11.5357,-10.4578,-11.7262,,,,0.0809,1.0809,2.0809,3.0809,6.0809,,-0.9293,-1.1676,79.910824,-24.08142,361.75,79.910834,-24.081471,363.96,12.82,-15.9657,-15.8104,74.2986,193.1339,2.1429
2020-11-01,954.2189,-19.4893,60.3767,72.123,0.5397,7.2089,1.1456,0.1182,5.9125,0.0,0.0,0.0012,0.0012,,183.4352,227.5127,0.44,-21.1538,-6.644,31.5791,2.7199,2.622,,,11.8263,,-26.8109,-26.8556,0.0447,-21.2334,-20.8491,-21.2336,-21.2266,-18.8404,-16.0031,-13.8493,-11.9976,,,,0.0576,1.0576,2.0576,3.0576,6.0576,,-0.9558,-1.169,79.910824,-24.081399,361.17,79.910833,-24.081443,363.87,12.58,-19.4893,-19.4958,73.6837,163.1108,5.9193
2020-12-01,971.4906,-24.5142,62.9658,78.9987,0.3558,5.2181,6.0203,0.3994,3.7872,0.0,0.0,0.0,0.0,,178.1707,211.0784,0.5469,-25.9296,-2.2989,19.9789,2.6548,2.532,,,12.1371,,-26.7326,-26.8556,0.123,-26.2149,-26.1253,-26.2234,-26.2765,-22.8585,-19.3192,-16.5415,-12.9207,,,,0.1359,1.1359,2.1359,3.1359,6.1359,,-0.9868,-1.1678,79.910821,-24.08137,361.53,79.910832,-24.081415,363.78,12.4,-24.5513,-24.5301,79.9576,134.6612,3.818
2021-01-01,974.687,-21.9714,63.4655,77.4019,0.4537,5.6918,1.5111,0.1118,4.2367,0.0,0.0,0.0,0.0,,187.8806,218.3776,0.5806,-23.8884,-3.0992,23.8537,2.3939,2.2954,,,11.9806,,-26.4775,-26.8556,0.3781,-22.0328,-22.1569,-21.9454,-22.0979,-20.9239,-19.5162,-17.8564,-14.0665,,,,0.391,1.391,2.391,3.391,6.391,,-0.9722,-1.1675,79.910821,-24.08134,361.67,79.91083,-24.081386,363.69,12.28,-21.9661,-21.9762,77.9513,134.6457,4.2067
2021-02-01,970.8622,-21.7243,61.8561,74.8313,0.4657,5.4107,344.8337,-0.8368,3.087,1.6698,1.1546,1.0668,1.0668,,180.4045,215.2534,0.5039,-24.7807,-2.6106,28.4643,2.3844,2.2873,,,11.9436,,-26.4699,-26.8556,0.3857,-21.7542,-21.8729,-21.6619,-21.7907,-20.5345,-19.2613,-17.9242,-14.8024,,,,0.3986,1.3986,2.3986,3.3986,6.3986,,-0.9711,-1.1682,79.910823,-24.081318,362.15,79.910829,-24.081359,363.61,12.16,-21.7454,-21.7338,75.9851,165.9227,3.0452
2021-03-01,965.3137,-25.424,59.546,75.0524,0.3179,7.1371,9.5105,0.9082,5.4211,44.4995,41.6675,29.9808,29.9784,,166.8087,206.4769,0.4763,-27.2681,-3.4796,26.9604,2.4135,2.2982,,,12.0886,,-26.4804,-26.8556,0.3752,-22.8626,-23.0587,-22.7539,-22.9025,-20.9863,-19.4593,-18.1234,-15.2602,,,,0.3881,1.3881,2.3881,3.3881,6.3881,,-0.9852,-1.1633,79.910822,-24.081307,361.57,79.910828,-24.081332,363.52,12.59,-25.1531,-25.4328,76.0831,111.9952,5.446
2021-04-01,976.8268,-16.7518,58.5783,66.2809,0.7085,6.614,8.182,0.7956,5.5335,179.4574,177.3455,131.9908,132.1813,,185.6451,237.8934,0.3553,-18.4756,-11.2933,27.4278,2.3724,2.298,,,13.4388,,-26.4796,-26.8556,0.376,-20.4157,-20.3295,-20.3933,-20.4098,-20.3877,-19.634,-18.534,-15.7011,,,,0.3889,1.3889,2.3889,3.3889,6.3889,,-0.9122,-1.1574,79.910822,-24.081292,362.99,79.910827,-24.081304,363.44,13.73,-15.5248,-16.7694,67.8914,109.0175,5.5997
2021-05-01,975.225,-6.3178,64.3667,67.6502,1.6415,4.7332,336.2985,-1.1945,2.7209,302.8039,301.5695,228.1403,228.1403,0.7313,221.3541,282.4009,0.3034,-7.2227,-25.531,14.559,2.3553,2.3278,,,13.9167,,-26.5106,-26.8556,0.345,-12.679,-12.2274,-12.7542,-12.6954,-15.8803,-17.2877,-17.5006,-16.0023,,,,0.3579,1.3579,2.3579,3.3579,6.3579,,-0.8168,-1.1531,79.910823,-24.081282,363.81,79.910826,-24.081276,363.35,14.27,-3.5151,-6.3224,68.4103,194.5716,2.6803
2021-06-01,963.7507,1.1485,69.5303,69.8,3.0214,6.3097,350.3884,-0.8641,5.1027,334.7897,334.4633,203.4051,203.4051,0.5935,260.8459,314.5507,0.3632,-0.6671,-39.4729,34.6428,2.4953,2.5008,,,11.776,11.8835,-26.7671,-26.9039,0.1368,-1.6243,-1.4742,-1.3057,-1.5389,-6.8302,-11.6909,-14.2505,-15.7211,,,,,1.1014,2.1014,3.1014,6.1014,,-0.7486,-1.1248,79.910823,-24.081263,364.11,79.910825,-24.081248,363.26,14.08,2.9892,1.1476,70.2904,211.7753,4.915
2021-07-01,962.941,3.3745,67.4097,67.4135,3.4189,6.1818,349.2014,-0.9936,5.2093,282.3613,281.4582,123.6142,123.6142,0.4214,275.3434,319.8872,0.4016,-0.0247,-27.1779,58.2219,2.6167,2.6328,,,10.8225,11.0042,-27.7506,-27.7522,0.0015,0.6046,0.5495,0.5984,0.4612,-0.3263,-4.8647,-9.1461,-14.4581,,,,,,1.1178,2.1178,5.1178,,-0.7122,-1.0946,79.910817,-24.081212,363.35,79.910824,-24.081219,363.17,13.93,4.7388,3.3876,67.852,245.1498,5.1739
2021-08-01,966.4036,1.858,75.8929,76.0224,3.4505,4.6298,342.3841,-0.7734,2.4359,176.147,174.6554,78.8824,78.8789,0.4207,274.8994,316.6662,0.4754,-0.2871,-15.1488,26.2565,2.6223,2.6312,,,9.7406,9.89,-28.8681,-28.8697,0.0016,0.0578,0.2402,0.2086,0.0357,0.1309,-0.4355,-4.3615,-12.412,,,,,,,1.0003,4.0003,,-0.7281,-1.0961,79.910808,-24.081165,361.54,79.910822,-24.081191,363.08,13.75,2.8653,1.8615,76.899,179.807,2.3843
2021-09-01,970.1673,-5.7075,73.1009,76.6467,1.9327,6.4917,22.1497,2.0918,5.1388,55.7506,54.6895,36.4355,36.435,,259.9358,285.8633,0.6796,-6.5905,-22.5908,13.5451,2.5063,2.4805,,,9.5904,9.7046,-28.9712,-29.1237,0.1525,-5.3794,-5.2414,-5.276,-5.3818,-5.5797,-5.6363,-5.1709,-10.4241,,,,,,,0.8973,3.8973,,-0.8275,-1.145,79.910806,-24.081142,361.03,79.910821,-24.081163,362.99,13.23,-5.3486,-5.7098,76.6222,101.6376,5.1378
2021-10-01,971.6215,-15.3381,64.8049,73.1433,0.8547,5.4805,3.5309,0.2349,3.8075,6.6807,5.812,4.4372,4.4372,,202.9408,241.9036,0.4852,-17.4724,-7.6803,27.7366,2.3836,2.3153,,,9.6437,9.7443,-28.8031,-29.1237,0.3206,-12.6808,-12.2794,-12.5195,-12.8741,-13.1889,-13.5619,-10.4166,-10.0607,,,,,,0.0653,1.0653,4.0653,,-0.9198,-1.1628,79.910807,-24.081121,360.57,79.91082,-24.081135,362.91,12.73,-15.3393,-15.3314,74.3554,134.2148,3.8048
2021-11-01,971.3236,-21.2053,64.9193,77.9608,0.5155,5.8551,14.8389,1.2285,4.6369,0.0,0.0,0.0021,0.0021,,181.0728,220.5476,0.4852,-23.285,-4.1752,28.2978,2.4114,2.3155,,,9.6368,9.7402,-28.8043,-29.1237,0.3194,-18.0345,-17.6061,-17.8142,-18.0853,-18.3631,-18.6304,-15.3051,-11.3371,,,,,,0.0641,1.0641,4.0641,,-0.9621,-1.1666,79.910805,-24.081088,360.54,79.910819,-24.081106,362.82,12.53,-21.1899,-21.2272,77.958,92.706,4.5844
2021-12-01,965.7973,-22.351,63.2516,77.051,0.4486,5.2416,3.2359,0.1737,3.0723,0.0,0.0,0.0,0.0,,184.34,215.6157,0.5722,-24.6584,-3.1325,23.4213,2.4113,2.3102,,,9.5849,9.7399,-28.8029,-29.1237,0.3208,-20.9643,-20.5789,-20.6617,-20.8426,-21.1169,-21.3194,-18.3307,-13.0226,,,,,,0.0655,1.0655,4.0655,,-0.9739,-1.167,79.910804,-24.081057,360.25,79.910818,-24.081078,362.73,12.39,-22.4323,-22.3576,79.479,138.3467,3.0835
2022-01-01,958.7335,-24.3493,64.3554,80.5041,0.3766,6.9899,16.7914,1.62,5.3688,0.0,0.0,0.0,0.0,,173.622,209.8503,0.5109,-26.3,-2.7467,25.0041,2.4206,2.3099,,,9.5298,9.7507,-28.7993,-29.1237,0.3244,-22.8432,-22.4702,-22.5621,-22.7463,-23.0156,-23.214,-20.3048,-14.6243,,,,,,0.0691,1.0691,4.0691,,-0.9839,-1.1667,79.910806,-24.081031,360.58,79.910817,-24.08105,362.64,12.23,-24.355,-24.351,80.2928,110.7794,5.4207
2022-02-01,961.7504,-26.9199,57.901,74.3778,0.266,5.8675,11.2651,0.8184,4.1089,1.544,1.0673,1.0955,1.0955,,151.2864,198.2253,0.3595,-29.655,-1.4746,36.3919,2.4332,2.3099,,,9.5815,9.7742,-28.7999,-29.1237,0.3238,-25.5221,-25.0787,-25.1447,-25.3144,-25.6219,-25.7683,-22.3422,-15.9318,,,,,,0.0685,1.0685,4.0685,,-1.0032,-1.1685,79.910801,-24.081016,359.93,79.910816,-24.081022,362.56,12.07,-26.9318,-26.9276,74.7452,98.1008,4.1229
2022-03-01,966.0199,-23.9351,62.41,76.9773,0.3936,6.2942,1.8345,0.127,3.9658,46.33,43.9453,32.3141,32.3141,,176.4507,212.4799,0.5173,-25.6064,-3.7715,23.0452,2.329,2.2247,,,9.7557,9.9086,-28.7138,-29.1237,0.4099,-23.2398,-23.0875,-23.1707,-23.2821,-23.3817,-23.5151,-22.1583,-17.1858,,,,,,0.1546,1.1546,4.1546,,-0.9779,-1.1658,79.910807,-24.080981,363.24,79.910815,-24.080995,362.47,12.42,-23.5734,-23.9255,75.9084,138.9231,3.9208
2022-04-01,976.3458,-21.7796,57.563,70.07,0.4174,4.0986,8.3671,0.4227,2.8736,191.6453,189.5124,143.5828,143.5805,,167.1547,218.6166,0.355,-23.6519,-4.5647,18.2377,2.1504,2.0622,,,11.7812,,-28.5596,-29.1237,0.5641,-22.6808,-22.563,-22.615,-22.6862,-22.7464,-22.8401,-21.7907,-17.739,,,,,,0.3088,1.3088,4.3088,,-0.9444,-1.1566,79.910804,-24.08099,363.2,79.910813,-24.080967,362.38,13.93,-20.0273,-21.7624,72.0497,123.4735,2.9391
2022-05-01,970.3612,-8.4624,63.2707,67.8488,1.3723,5.2779,9.8858,0.6936,3.9801,315.1737,314.4727,243.6474,243.6474,0.7599,209.6581,273.0909,0.2767,-9.3699,-22.9814,16.619,2.0288,1.9971,,,11.8498,,-28.4866,-29.1237,0.6371,-17.6634,-17.7953,-17.7491,-17.6025,-17.4564,-17.2562,-18.7678,-17.8795,,,,,,0.3818,1.3818,4.3818,,-0.8201,-1.1272,79.910804,-24.080986,364.3,79.910812,-24.080939,362.29,14.46,-5.8902,-9.2833,70.1723,99.1723,3.9053
2022-06-01,970.225,-0.9479,77.0069,77.9959,2.8581,6.2291,26.2839,1.9077,3.8627,284.8629,284.6091,223.134,223.134,0.7866,277.0035,308.7783,0.6376,-1.6297,-30.3212,7.1605,1.9225,1.9193,,,9.7307,,-28.3997,-29.1237,0.724,-10.708,-11.0101,-10.9467,-10.8211,-10.54,-10.2857,-14.0643,-16.9125,,,,,,0.4688,1.4688,4.4688,,-0.7122,-1.0656,79.910808,-24.08097,364.22,79.910811,-24.080911,362.21,13.95,1.0654,,,,
2022-07-01,968.047,3.2644,74.9247,74.9286,3.7394,5.3072,3.0682,0.2308,4.3063,245.5728,245.5438,125.8372,125.8372,0.4917,291.6118,320.3768,0.5787,-0.0013,-7.3359,49.2269,2.5477,2.5628,,,9.4156,9.5492,-29.1741,-29.259,0.0848,0.1368,0.0977,0.2059,0.123,0.261,0.0794,-4.5213,-14.7852,,,,,,,0.6943,3.6943,,-0.6574,-1.0566,79.910802,-24.080942,362.68,79.91081,-24.080883,362.12,13.85,4.6849,,,,
2022-08-01,968.2339,0.3282,75.5181,75.9731,3.0819,4.1545,344.9542,-0.7062,2.6272,178.351,177.8428,88.3383,88.3383,0.4662,270.2366,312.614,0.5035,-0.8993,-21.3723,14.1002,2.6331,2.6345,,,8.7128,8.8454,-29.9096,-29.9169,0.0073,-0.8335,-0.3969,-0.4356,-0.3771,-0.4603,-1.223,-0.5314,-11.2228,,,,,,,,2.9588,,-0.6897,-1.0591,79.910798,-24.080911,361.6,79.910809,-24.080854,362.03,13.74,1.4905,,,,
2022-09-01,968.9556,-5.0772,76.837,80.0134,2.1604,4.6655,22.3319,1.4091,3.4303,69.3961,68.3865,38.8213,38.8213,,261.1425,289.0294,0.6524,-5.9397,-14.9503,13.2886,2.4975,2.4752,,,8.621,8.7468,-29.8825,-30.041,0.1585,-5.1045,-5.0628,-5.3294,-5.3827,-5.2173,-6.6197,-5.1331,-9.0615,,,,,,,,2.979,,-0.7776,-1.0919,79.910799,-24.080879,362.15,79.910808,-24.080826,361.94,13.26,-4.5711,,,,
2022-10-01,966.9117,-16.7109,66.2696,76.3764,0.7593,5.5997,19.9932,1.6497,4.5341,8.344,7.6483,5.1288,5.1288,,209.0345,239.9627,0.6084,-17.9616,-7.6089,20.1261,2.3963,2.3202,,,8.5977,8.7604,-29.6912,-30.042,0.3508,-13.8974,-13.7387,-14.0561,-14.1834,-14.1867,-15.7781,-14.0814,-9.7204,,,,,,,0.1772,3.1772,,-0.9176,-1.152,79.910797,-24.080853,361.21,79.910807,-24.080798,361.85,12.69,-16.6185,,,,
2022-11-01,,,,,,,,,,,,,,,,,,,,,2.4081,2.3066,,,8.5914,8.7505,-29.6774,-30.042,0.3646,-20.356,-20.1482,-20.4836,-20.339,-20.4186,-21.1444,-20.0287,-12.0458,,,,,,,0.191,3.191,,,,,,,79.910805,-24.08077,361.76,,,,,,
2022-12-01,,,,,,,,,,,,,,,,,,,,,2.1674,2.0763,,,8.8657,8.8983,-29.449,-30.042,0.593,-19.9147,-19.8185,-20.0323,-20.3017,-19.9852,-20.6206,-19.9942,-14.1985,,,,,,,0.4194,3.4194,,,,,,,79.910804,-24.080742,361.68,,,,,,
2023-01-01,,,,,,,,,,,,,,,,,,,,,2.1666,2.0707,,,8.6151,8.7695,-29.4412,-30.042,0.6008,-20.8301,-20.734,-20.888,-21.1942,-21.0067,-21.7633,-21.0921,-15.5569,,,,,,,0.4272,3.4272,,,,,,,79.910803,-24.080713,361.59,,,,,,
2023-02-01,,,,,,,,,,,,,,,,,,,,,2.0952,2.0045,,,8.5345,8.7648,-29.3743,-30.042,0.6677,-19.8978,-19.8295,-19.9471,-19.9575,-20.0143,-20.4374,-20.0729,-16.3596,,,,,,,0.4941,3.4941,,,,,,,79.910802,-24.080686,361.5,,,,,,
2023-03-01,,,,,,,,,,,,,,,,,,,,,2.1592,2.0727,,,9.1745,8.8011,-29.4434,-30.042,0.5986,-20.6457,-20.5696,-20.6667,-20.6606,-20.7083,-21.2569,-20.7821,-16.7309,,,,,,,0.425,3.425,,,,,,,79.910801,-24.080659,361.42,,,,,,
2023-04-01,978.4672,,59.5671,69.0135,,,,,,,,,,,,,,,,,2.13,2.053,,,10.1537,,-29.4234,-30.0523,0.6289,-20.2839,-20.2353,-20.329,-20.3574,-20.3905,-20.6418,-20.4219,-17.2351,,,,,,,0.445,3.445,,,,79.910795,-24.080743,363.2,79.9108,-24.08063,361.33,14.12,,,,,
2023-05-01,965.5161,-10.1867,66.6447,72.7985,1.2574,5.1334,26.235,1.8103,3.6733,295.1378,294.9017,229.5468,229.5468,0.7525,217.2886,267.6537,0.4324,-10.7307,-18.5365,7.0672,2.0569,2.0179,,,10.5691,,-29.3896,-30.0593,0.6697,-15.9544,-15.9733,-15.9693,-16.0425,-16.0248,-15.5598,-15.9047,-16.9401,,,,,,,0.4788,3.4788,,-0.8063,-1.0979,79.910798,-24.080734,364.53,79.910799,-24.080602,361.24,14.41,-7.7657,,,,
2023-06-01,968.025,0.0031,67.7416,68.4004,2.7394,5.606,2.9938,0.2105,4.0252,347.4666,347.2909,246.7866,246.7866,0.6971,254.802,309.2288,0.355,-1.6332,-37.1548,25.0348,2.0345,2.0354,,,8.7235,8.7811,-29.4368,-30.0593,0.6225,-9.0696,-8.9305,-8.897,-12.0282,-9.0175,-8.3755,-8.8827,-15.7064,,,,,,,0.5184,3.4316,,-0.6675,-1.0505,79.9108,-24.080717,365.51,79.910798,-24.080574,361.15,14.26,2.278,,,,
2023-07-01,972.9194,4.0786,68.8654,68.8657,3.628,5.9499,355.4553,-0.3953,4.9734,285.9155,290.3452,126.913,126.913,0.4394,281.7663,320.9877,0.4306,-0.0031,-13.705,68.3612,2.6107,2.63,,,8.0462,8.1355,-30.6195,-30.6246,0.0051,,0.642,0.6521,,0.5351,,0.5036,-11.7089,,,,,,,,2.2489,,-4.2469,-4.4669,79.910794,-24.080689,363.64,79.910796,-24.080546,361.06,13.91,5.4553,,,,
2023-08-01,968.8401,2.5293,73.7594,73.845,3.514,5.8405,355.012,-0.3124,3.5789,187.5093,191.6218,79.584,79.584,0.4273,279.2524,317.7121,0.4869,-0.2013,-15.996,46.6833,2.5961,2.6085,,,7.031,7.1578,-31.5963,-31.5975,0.0012,-0.0432,0.2728,0.1152,,0.134,-0.204,-0.085,-6.2923,,,,,,,,1.2721,,-4.8357,-5.2555,79.910792,-24.080666,363.66,79.910795,-24.080517,360.97,13.67,3.3126,,,,
2023-09-01,967.2458,-5.5457,71.544,74.2857,1.9803,5.6841,20.4937,1.6237,4.3442,59.4887,55.5081,32.4605,32.557,,247.2527,285.3408,0.5362,-6.683,-25.4926,21.25,2.6519,2.6245,,,6.6868,6.8279,-31.9143,-31.9361,0.0218,-6.0913,-6.0622,-6.4917,,-6.3694,-6.3825,-5.6105,-5.7178,,,,,,,,0.9541,,-3.7957,-4.5842,79.910789,-24.080633,361.64,79.910794,-24.080489,360.89,13.22,-5.2132,,,,
2023-10-01,972.4109,-14.8279,67.3733,77.1967,0.8598,5.7895,17.331,1.2179,3.9028,8.769,6.629,5.0838,5.0838,,211.8813,245.5156,0.5679,-16.4089,-6.0582,21.2144,2.6,2.5265,,,6.7429,6.8473,-31.8057,-31.9369,0.1312,-16.0056,-15.8723,-16.4056,,-16.6451,-17.0164,-17.0326,-12.217,,,,,,,,1.0627,,-2.2183,-2.7345,79.910788,-24.080613,361.57,79.910793,-24.080461,360.8,12.7,-14.8195,,,,
2023-11-01,,,,,,,,,,,,,,,,,,,,,2.4972,2.4016,,,6.7291,6.8591,-31.6801,-31.9369,0.2568,-21.5564,-21.014,-21.8558,,-22.6424,-23.7107,-23.3113,-17.6341,,,,,,,,1.1883,,,,,,,79.910792,-24.080433,360.71,,,,,,
2023-12-01,,,,,,,,,,,,,,,,,,,,,2.4325,2.3344,,,6.7451,6.8752,-31.6142,-31.9369,0.3227,-19.5504,-19.3278,-19.5135,,-19.7073,-20.2773,-20.1618,-17.6534,,,,,,,,1.2542,,,,,,,79.910791,-24.080405,360.62,,,,,,
2024-01-01,,,,,,,,,,,,,,,,,,,,,2.3618,2.2507,,,6.7281,6.8967,-31.5308,-31.9369,0.4061,-21.4337,-21.156,-21.2809,,-21.4724,-22.3387,-22.1494,-18.9807,,,,,,,,1.3376,,,,,,,79.91079,-24.080376,360.53,,,,,,
2024-02-01,,,,,,,,,,,,,,,,,,,,,2.3666,2.2611,,,6.7169,6.9195,-31.5407,-31.9369,0.3962,-21.3714,-21.1289,-21.2823,,-21.5488,-22.2626,-22.0634,-19.2111,,,,,,,,1.3277,,,,,,,79.910788,-24.080349,360.45,,,,,,
2024-03-01,,,,,,,,,,,,,,,,,,,,,2.1957,2.0963,,,7.0189,7.0911,-31.3765,-31.9369,0.5604,-22.2563,-22.0059,-22.2483,,-22.2684,-22.8508,-22.5687,-20.1414,,,,,,,,1.4919,,,,,,,79.910787,-24.080321,360.36,,,,,,
2024-04-01,972.4137,,59.8578,66.0889,,,,,,,,,,,,,,,,,2.1346,2.075,,,7.5337,,-31.3542,-32.0121,0.6579,-19.8973,-19.9056,-20.0701,,-20.2469,-20.3388,-20.3209,-19.9272,,,,,,,,1.5142,,,,79.910787,-24.080495,363.48,79.910786,-24.080293,360.27,14.13,,,,,
2024-05-01,973.2366,-8.406,69.0781,74.4132,1.4702,7.068,25.2991,2.2875,4.8396,290.8744,290.774,224.2222,224.2222,0.7454,225.1651,275.5707,0.4389,-8.7983,-27.2894,7.8162,2.1264,2.0934,,,7.7012,,-31.3733,-32.0203,0.647,-14.2845,-14.506,-14.6263,,-14.8509,-14.527,-14.6756,-16.7557,,,,,,,,1.4951,,-0.8594,-1.1271,79.910789,-24.080489,363.9,79.910785,-24.080265,360.18,14.39,-6.7912,,,,
2024-06-01,969.5597,0.1299,74.8387,75.4137,3.0218,6.0577,5.763,0.3029,3.0008,319.911,319.5348,227.8098,227.8098,0.7071,269.6031,311.7633,0.5059,-1.1511,-28.8519,18.4346,2.0303,2.0316,,,6.8078,6.9071,-31.3133,-32.0203,0.707,-6.5034,-6.6192,-6.7173,,-6.7897,-6.6892,-7.1714,-12.7395,,,,,,,,1.5551,,-0.8594,-1.1271,79.91079,-24.080474,364.73,79.910784,-24.080237,360.1,14.08,2.1382,,,,
2024-07-01,962.5766,3.2114,73.1429,73.1624,3.67,6.4196,335.0903,-1.6841,3.6265,,,,,0.5161,283.256,320.0372,0.4922,-0.0152,-15.8528,58.8765,2.6157,2.6312,,,6.2291,6.4139,-32.3408,-32.3713,0.0305,0.3659,0.5162,0.4849,,0.4822,0.3394,0.5158,-3.7161,,,,,,,,0.5276,,-18.2384,-13.7891,79.91079,-24.080449,363.98,79.910783,-24.080208,360.01,13.91,4.4589,,,,
2024-08-01,961.246,0.7945,71.9979,72.2777,3.055,5.5397,15.3202,1.1612,4.2388,,,,,0.5898,268.3346,313.3793,0.4599,-0.7285,-30.248,24.8125,2.6271,2.6307,,,5.4443,5.6418,-33.1145,-33.125,0.0105,-0.4404,-0.0994,-0.1682,,-0.191,-0.5134,-0.0935,-0.3976,,,,,,,,,,-20.8634,-15.6442,79.91079,-24.080416,363.15,79.910782,-24.08018,359.92,13.84,1.8616,,,,
2024-09-01,972.8111,-6.6143,70.6717,74.8016,1.7289,6.0025,33.6508,2.8157,4.2298,63.7862,48.229,44.1807,42.9299,,242.7624,278.6622,0.5432,-8.1797,-16.077,19.8565,2.5514,2.5203,,,5.461,5.5506,-33.0838,-33.2187,0.135,-6.6084,-6.5302,-6.5979,,-6.8682,-6.767,-6.6846,-6.9543,,,,,,,,,,-20.8634,-15.6442,79.910787,-24.080394,361.98,79.91078,-24.080152,359.83,13.4,-6.151,,,,
2024-10-01,967.9699,-13.0583,68.3494,76.7579,1.0232,5.4235,22.792,1.8537,4.4116,7.4639,4.861,5.3292,5.3292,,218.8848,250.8769,0.5682,-15.0885,-6.8571,25.7214,2.4362,2.3758,,,5.4074,5.5635,-32.9254,-33.2187,0.2934,-10.5492,-10.4508,-10.5715,,-10.5781,-10.7118,-10.6396,-11.007,,,,,,,,,,-20.8634,-15.6442,79.910786,-24.08036,360.83,79.910779,-24.080124,359.74,12.73,-13.0071,,,,
2024-11-01,,,,,,,,,,,,,,,,,,,,,2.4578,2.3756,,,5.4139,5.5626,-32.9303,-33.2253,0.2951,-15.2169,-15.0565,-15.408,,-15.7093,-16.2448,-15.8267,-16.1048,,,,,,,,,,,,,,,79.910778,-24.080096,359.65,,,,,,
2024-12-01,,,,,,,,,,,,,,,,,,,,,2.4462,2.3311,,,5.4249,5.5776,-32.8814,-33.2257,0.3443,-21.798,-21.6078,-21.9722,,-22.2217,-22.7827,-22.1991,-22.4997,,,,,,,,,,,,,,,79.910777,-24.080067,359.57,,,,,,
2025-01-01,,,,,,,,,,,,,,,,,,,,,2.5276,2.4073,,,5.4551,5.6028,-32.9575,-33.2257,0.2682,-24.9137,-24.736,-24.9865,,-25.3404,-25.4011,-25.2433,-26.0289,,,,,,,,,,,,,,,79.910776,-24.080039,359.48,,,,,,
2025-02-01,,,,,,,,,,,,,,,,,,,,,2.363,2.2761,,,5.4424,5.6276,-32.8288,-33.2257,0.3969,-20.4355,-20.3849,-20.4676,,-20.5152,-20.5302,-20.4297,-20.5806,,,,,,,,0.0508,,,,,,,79.910775,-24.080012,359.39,,,,,,
2025-03-01,,,,,,,,,,,,,,,,,,,,,2.3285,2.2294,,,5.5437,5.6834,-32.7807,-33.2257,0.445,-19.4784,-19.4211,-19.4848,,-19.4942,-19.5548,-19.4605,-19.645,,,,,,,,0.0877,,,,,,,79.910774,-24.079984,359.31,,,,,,
2025-04-01,974.998,,59.0246,70.1194,,,,,,,,,,,,,,,,,2.3216,2.2306,,,5.8035,5.8722,-32.7814,-33.2257,0.4443,-19.7111,-19.6602,-19.7322,,-19.7622,-19.8182,-19.7413,-19.9465,,,,,,,,0.0871,,,,79.910788,-24.080263,362.0,79.910773,-24.079956,359.22,14.09,,,,,
2025-05-01,965.2097,-8.0214,67.9054,72.957,1.4956,5.7659,24.0223,1.8395,4.1272,302.5017,313.8799,241.2429,241.2429,0.8363,226.0547,276.4996,0.4316,-8.5814,-23.5039,10.5646,2.1816,2.1492,,,5.5979,5.7584,-32.7011,-33.2257,0.5246,-15.7631,-15.7825,-15.7902,,-15.848,-15.7815,-15.6752,-15.6829,,,,,,,,0.1674,,-5.8618,-4.9135,79.910789,-24.080255,362.02,79.910771,-24.079928,359.13,14.29,-5.8135,,,,
2025-06-01,967.5056,-2.2899,77.3937,79.0049,2.6249,4.3993,319.6023,-0.7999,0.94,321.551,328.2955,252.2868,252.2868,0.8162,262.5163,303.696,0.5503,-2.6326,-22.495,2.6668,2.1673,2.1584,,,5.5146,5.6536,-32.709,-33.2257,0.5167,-10.3612,-10.4376,-10.5723,,-10.6151,-10.2935,-10.1548,-9.9734,,,,,,,,0.1595,,-5.8618,-4.9135,79.910788,-24.08024,361.02,79.91077,-24.0799,359.04,14.26,0.4501,,,,
2025-07-01,962.4527,2.3326,74.0946,74.1671,3.4942,4.7815,342.3475,-0.9279,2.916,301.8309,291.1262,163.267,162.0671,0.5958,282.1174,318.9819,0.5273,-0.0842,-17.2281,34.0991,2.5626,2.5737,,,5.2751,5.4612,-33.2634,-33.3343,0.0709,0.016,0.141,0.1226,,0.0119,0.0315,-0.2309,-0.0472,,,,,,,,,,-14.8529,-11.1263,79.910789,-24.08022,362.26,79.910769,-24.079872,358.95,13.93,4.1146,,,,
2025-08-01,965.7815,1.9292,74.9302,75.029,3.4165,5.0152,5.4717,0.3623,3.7818,,,,,0.5092,284.6597,316.8462,0.5725,-0.2893,-18.8711,32.9133,2.6072,2.6159,,,4.6405,4.7943,-33.9589,-33.9603,0.0014,-0.1272,0.2177,-0.0166,,-0.1074,-0.537,-0.0576,-0.0105,,,,,,,,,,-20.9049,-14.7783,79.910787,-24.080198,361.2,79.910768,-24.079843,358.87,13.58,2.7679,,,,
2025-09-01,970.1013,-6.9776,71.3375,75.5216,1.7215,4.4102,15.8459,0.9322,3.2843,61.5866,,35.4816,,,237.3681,277.7975,0.4999,-8.3914,-12.8273,17.3091,2.6522,2.6178,,,4.4036,4.5171,-34.1662,-34.1921,0.0259,-7.4595,-7.5285,-8.0046,,-8.1613,-8.3964,-7.7772,-7.8585,,,,,,,,,,-20.5241,-14.4904,79.910787,-24.080173,360.66,79.910767,-24.079815,358.78,13.33,-6.5452,,,,
2025-10-01,962.1015,-11.319,66.2684,73.1602,1.1531,8.7062,22.1518,2.926,7.1872,6.0993,,4.3668,,,218.3534,258.8836,0.4906,-13.0114,,,2.61,2.5524,,,4.4566,4.6277,-34.1426,-34.2302,0.0876,-13.0317,-13.0211,-13.3185,,-13.3037,-13.6462,-13.1368,-13.3582,,,,,,,,,,-20.5241,-13.1419,79.910788,-24.080157,359.56,79.910766,-24.079787,358.69,12.69,-11.2548,,,,
2025-11-01,,,,,,,,,,,,,,,,,,,,,2.6573,2.5618,,,4.571,4.6682,-34.1576,-34.2302,0.0726,-21.1637,-21.0531,-21.6726,,-21.5343,-22.2921,-21.71,-21.7149,,,,,,,,,,,,,,,79.910765,-24.079759,358.6,,,,,,
2025-12-01,,,,,,,,,,,,,,,,,,,,,2.4587,2.3656,,,4.6641,4.8213,-33.9669,-34.2302,0.2633,-22.0175,-21.9206,-22.5514,,-22.6758,-23.5791,-22.8548,-23.0946,,,,,,,,,,,,,,,79.910763,-24.079731,358.51,,,,,,
2026-01-01,,,,,,,,,,,,,,,,,,,,,2.5456,2.4454,,,4.573,4.6801,-34.0337,-34.2302,0.1965,-21.8814,-21.8007,-22.3474,,-22.7565,-23.3248,-22.932,-23.4461,,,,,,,,,,,,,,,79.910762,-24.079702,358.42,,,,,,
2026-02-01,,,,,,,,,,,,,,,,,,,,,2.5852,2.4631,,,4.6299,4.7475,-34.0468,-34.2302,0.1834,-24.8234,-24.7167,-25.4676,,-26.019,-26.8837,-26.2508,-27.0004,,,,,,,,,,,,,,,79.910761,-24.079675,358.34,,,,,,
2026-03-01,,,,,,,,,,,,,,,,,,,,,2.448,2.3542,,,4.9433,5.134,-33.9418,-34.2302,0.2884,-21.4672,-21.4279,-21.569,,-21.6041,-21.6306,-21.5168,-21.6356,,,,,,,,,,,,,,,79.91076,-24.079648,358.25,,,,,,
