time,p_u,t_u,rh_u,rh_u_wrt_ice_or_water,qh_u,wspd_u,wdir_u,wspd_x_u,wspd_y_u,dsr,dsr_cor,usr,usr_cor,albedo,dlr,ulr,cc,t_surf,dlhf_u,dshf_u,z_boom_u,z_boom_cor_u,z_stake,z_stake_cor,z_pt,z_surf_combined,z_ice_surf,snow_height,t_i_1,t_i_2,t_i_3,t_i_4,t_i_5,t_i_6,t_i_7,t_i_8,d_t_i_1,d_t_i_2,d_t_i_3,d_t_i_4,d_t_i_5,d_t_i_6,d_t_i_7,d_t_i_8,t_i_10m,tilt_x,tilt_y,gps_lat,gps_lon,gps_alt,lat,lon,alt,batt_v,t_rad,t_i,rh_i_wrt_ice_or_water,wdir_i,wspd_y_i
2008-07-01,,,77.4196,77.4673,,,,,,,,,,0.6184,,,,,,,2.5541,2.5606,0.9043,0.9066,,-0.0253,,,-3.9283,-9.5672,-13.2613,-15.6187,-16.76,-17.473,-17.507,-17.1367,,,,,,,,,,,,79.833908,-25.170451,868.95,,,,13.88,,,,,
2008-08-01,908.0006,-1.623,79.9926,81.4119,3.0441,4.5606,287.5379,-3.6806,1.1632,214.0122,207.0626,139.7253,139.7253,0.6631,250.1635,300.2641,0.388,-3.233,-8.4562,21.1259,2.4953,2.4878,1.1274,1.1238,18.1909,-0.2426,-0.2433,0.0007,-3.5256,-7.3959,-10.6317,-13.2191,-14.8915,-16.209,-16.7137,-17.0793,0.7281,1.7281,2.7281,3.7281,4.7281,5.7281,6.7281,9.7281,-17.1157,-6.8707,-2.4423,79.833912,-25.170416,868.31,79.833911,-25.170417,867.14,14.01,-0.4902,-1.6112,81.5407,279.8598,1.1579
2008-09-01,903.7312,-9.5447,82.6022,89.5655,1.7644,4.7617,294.8022,-2.8165,1.3015,69.0018,62.9866,49.4954,49.4981,,239.78,268.4244,0.6386,-10.7227,-0.0702,14.7558,2.4181,2.376,1.0873,1.0686,18.111,-0.1884,-0.2781,0.0897,-7.4933,-8.4226,-9.903,-11.6607,-13.1402,-14.639,-15.4693,-16.7444,0.7824,1.7824,2.7824,3.7824,4.7824,5.7824,6.7824,9.7824,-16.8305,-7.1983,-2.6162,79.833917,-25.170365,867.15,79.833918,-25.170371,867.14,13.5,-9.2723,-9.5413,90.5222,269.1044,1.286
2008-10-01,899.8811,-22.2627,74.6477,88.765,0.6234,5.3881,283.586,-4.3877,1.0604,5.6078,4.48,4.748,4.748,,174.7046,212.9678,0.4702,-25.5447,1.9093,40.2537,2.2365,2.1427,0.8339,0.7993,18.0412,0.063,-0.2782,0.3411,-11.2941,-10.8078,-11.0164,-11.8728,-12.718,-13.8567,-14.5951,-16.2404,1.0337,2.0337,3.0337,4.0337,5.0337,6.0337,7.0337,10.0337,-16.2218,-7.3846,-2.7161,79.833925,-25.170318,865.88,79.833924,-25.170325,867.13,12.76,-22.5838,-22.2562,90.1623,273.3431,1.0547
2008-11-01,903.4157,-26.4912,75.2456,95.6343,0.3919,6.448,300.2539,-5.0541,2.9479,0.0,0.0,0.0,0.0,,184.8432,204.3647,0.7162,-28.0973,1.56,28.5951,2.2726,2.1593,0.9183,0.8726,18.0325,0.0181,-0.2782,0.2962,-15.9787,-13.9968,-12.8491,-12.938,-13.1274,-13.7905,-14.2554,-15.8045,0.9888,1.9888,2.9888,3.9888,4.9888,5.9888,6.9888,9.9888,-15.8105,-7.443,-2.7573,79.83393,-25.170196,867.17,79.83393,-25.170279,867.13,12.49,-26.811,-26.4847,95.7303,288.5789,2.9723
2008-12-01,896.2838,-26.9231,73.6436,93.6727,0.3792,5.4895,288.383,-4.071,1.3529,0.0,0.0,0.0,0.0,,179.1162,202.3855,0.6658,-28.689,1.0037,26.8283,2.1968,2.0853,0.7984,0.7579,17.936,0.1115,-0.2782,0.3897,-18.7367,-16.7026,-14.8953,-14.5474,-14.1495,-14.2884,-14.388,-15.5303,1.0822,2.0822,3.0822,4.0822,5.0822,6.0822,7.0822,10.0822,-15.5019,-7.4449,-2.747,79.833945,-25.170195,867.04,79.833937,-25.170233,867.13,12.37,-27.2373,-26.9261,94.1519,272.5654,1.35
2009-01-01,895.3248,-27.8803,72.3896,91.1842,0.3662,4.9046,280.1351,-4.2145,0.7534,,,,,,,,,,,,2.1538,2.0403,0.8064,0.7636,17.9254,0.1322,-0.2782,0.4103,-20.3358,-18.253,-16.2175,-15.8894,-15.2418,-15.0475,-14.8397,-15.4457,1.1029,2.1029,3.1029,4.1029,5.1029,6.1029,7.1029,10.1029,-15.4247,-7.4531,-2.7477,79.833948,-25.170227,867.37,79.833943,-25.170187,867.12,12.24,-28.1968,-27.8835,91.7889,267.722,0.7443
2009-02-01,904.7897,-30.5482,74.9859,98.6385,0.2734,4.431,274.0116,-3.0224,0.212,,,,,,,,,,,,2.102,1.9808,0.6778,0.6387,17.7225,0.2249,-0.2782,0.5031,-20.8651,-19.2401,-17.1922,-16.949,-16.1664,-15.7715,-15.3599,-15.5072,1.1957,2.1957,3.1957,4.1957,5.1957,6.1957,7.1957,10.1957,-15.4978,-7.4851,-2.7888,79.833948,-25.170178,867.44,79.83395,-25.170142,867.12,12.15,-30.7702,-30.5311,98.965,264.8585,0.1711
2009-03-01,905.3209,-30.9956,70.4016,93.1929,0.2447,4.8374,282.5559,-4.138,0.9216,,,,,,163.9976,189.7848,0.6275,-32.5474,1.0468,29.5702,2.0632,1.9423,0.6715,0.6321,16.5634,0.2461,-0.2782,0.5243,-21.9542,-20.1728,-17.9081,-17.7465,-16.917,-16.4265,-15.8878,-15.6588,1.2168,2.2168,3.2168,4.2168,5.2168,6.2168,7.2168,10.2168,-15.6754,-7.4876,-2.7858,79.833945,-25.170058,862.51,79.833956,-25.170098,867.11,12.91,-30.9,-30.9964,94.0163,276.7293,0.9314
2009-04-01,907.5379,-26.0505,63.3834,79.4233,0.3581,4.5954,276.9122,-4.081,0.4947,216.4063,202.5038,168.904,168.904,,153.4111,203.1313,0.352,-28.2534,-0.2958,33.7304,2.0037,1.9054,0.6848,0.6512,15.658,0.2568,-0.2782,0.5349,-22.2601,-20.8055,-18.5663,-18.5068,-17.637,-17.0663,-16.4214,-15.8644,1.2275,2.2275,3.2275,4.2275,5.2275,6.2275,7.2275,10.2275,-15.9066,-7.4102,-2.7395,79.83396,-25.170037,865.58,79.833962,-25.170052,867.11,14.52,-24.8553,-26.0468,82.7098,270.7819,0.4881
2009-05-01,905.0554,-9.466,73.6373,79.5326,1.5965,4.4581,282.6921,-2.9558,0.6657,304.9498,303.2812,252.6592,252.6592,0.848,222.2586,268.8653,0.4498,-10.5131,-9.3966,15.7234,1.8316,1.7993,0.4777,0.4692,15.5758,0.4005,-0.2782,0.6786,-19.8367,-19.9146,-18.3557,-18.8337,-18.1346,-17.6066,-16.9179,-16.1103,1.3712,2.3712,3.3712,4.3712,5.3712,6.3712,7.3712,10.3712,-16.2112,-7.1713,-2.608,79.833967,-25.170001,867.06,79.833969,-25.170006,867.11,14.58,-7.2425,-9.4613,80.0697,259.018,0.6882
2009-06-01,913.8038,-4.6496,78.2459,81.2818,2.3663,4.2996,303.8017,-2.5938,1.7365,356.7409,355.7714,294.6882,294.6882,0.8386,244.86,291.0454,0.4754,-5.2237,-14.0959,9.7606,1.7231,1.7082,0.447,0.4431,15.3569,0.4369,-0.2782,0.715,-16.7824,-17.8092,-16.9051,-18.2298,-17.9951,-17.7565,-17.1924,-16.3291,1.4076,2.4076,3.4076,4.4076,5.4076,6.4076,7.4076,10.4076,-16.4463,-7.1028,-2.5645,79.833974,-25.16996,867.84,79.833975,-25.16996,867.1,14.55,-1.9406,-4.6495,81.6612,273.431,1.7985
2009-07-01,917.4179,0.9448,80.9931,81.2955,3.6404,4.463,278.9297,-3.0629,0.4813,318.421,318.5089,223.5107,223.5107,0.6962,263.6545,313.022,0.4025,-0.6265,-11.631,23.5349,2.0034,2.0072,0.7311,0.7327,15.8378,0.148,-0.2782,0.4261,-10.0711,-14.1934,-14.6434,-17.0175,-17.3345,-17.4744,-17.1313,-16.4597,1.1187,2.1187,3.1187,4.1187,5.1187,6.1187,7.1187,10.1187,-16.4926,-6.7607,-2.3581,79.833981,-25.169921,868.15,79.833981,-25.169914,867.1,14.21,2.9994,0.9511,81.9591,261.9084,0.4988
2009-08-01,911.9661,-2.3892,80.248,81.8998,2.8728,3.5351,277.2199,-3.1148,0.3946,210.0747,207.7931,148.5243,148.5243,0.7001,248.9554,297.9393,0.4118,-3.6894,-7.7515,14.3832,2.264,2.2541,1.0289,1.0244,16.6094,-0.144,-0.2782,0.1341,-3.5935,-7.8487,-9.2936,-13.8303,-15.4315,-16.3931,-16.5612,-16.2282,0.8267,1.8267,2.8267,3.8267,4.8267,5.8267,6.8267,9.8267,-16.2088,-3.0585,-1.7534,79.833986,-25.169874,867.94,79.833988,-25.169868,867.09,13.98,-0.9874,-2.3802,82.4836,265.964,0.4095
2009-09-01,900.0126,-12.2768,81.7237,90.8636,1.4165,5.5304,304.1347,-3.8491,2.6094,71.0242,67.7024,58.4886,58.4886,,229.3124,258.2996,0.6268,-13.2585,0.2871,23.1055,2.1934,2.1432,0.9605,0.9385,15.6982,-0.0865,-0.2782,0.1917,-8.3306,-8.7191,-8.2685,-11.8438,-13.4633,-14.861,-15.4451,-16.0269,0.8843,1.8843,2.8843,3.8843,4.8843,5.8843,6.8843,9.8843,-16.0449,-2.3787,-1.9209,79.833992,-25.169826,867.2,79.833994,-25.169822,867.09,13.51,-12.0712,-12.2715,89.8632,287.7044,2.6049
2009-10-01,907.591,-20.5269,79.3786,94.4979,0.7193,6.4121,297.4417,-5.0886,2.6424,6.6371,5.5928,5.4616,5.4616,,196.4252,225.1745,0.6135,-22.0936,2.6835,32.4141,2.1022,2.0212,0.8465,0.8139,14.9074,0.0374,-0.2782,0.3156,-11.8636,-11.2838,-9.6627,-12.1996,-13.0884,-14.1045,-14.6096,-15.5422,1.0081,2.0081,3.0081,4.0081,5.0081,6.0081,7.0081,10.0081,-15.5396,-2.4497,-2.0187,79.834002,-25.169764,865.51,79.834001,-25.169776,867.09,12.86,-20.8023,-20.5191,94.0136,284.5735,2.6523
2009-11-01,900.5512,-26.6391,72.4702,92.1792,0.3766,5.6794,281.9236,-4.8254,1.0189,0.001,0.001,0.0015,0.0015,,174.5662,202.1097,0.6025,-28.7077,1.7667,35.6655,2.0622,1.9589,0.8403,0.7982,14.5179,0.0752,-0.2782,0.3534,-15.8081,-14.0008,-11.3381,-13.1917,-13.4957,-14.0742,-14.3302,-15.074,1.0459,2.0459,3.0459,4.0459,5.0459,6.0459,7.0459,10.0459,-15.0633,-2.4883,-2.0333,79.834007,-25.169717,863.28,79.834007,-25.16973,867.08,12.56,-26.9656,-26.6418,92.7778,274.7012,1.0013
2009-12-01,912.5245,-23.3411,74.3018,89.1682,0.5645,5.753,276.0463,-4.6581,0.4934,0.0,0.0,0.0,0.0,,191.8934,219.1497,0.6268,-23.8495,0.9077,31.0793,1.9834,1.8963,0.8337,0.797,14.5221,0.1087,-0.2782,0.3869,-17.8341,-16.2152,-13.2145,-14.6085,-14.4029,-14.5333,-14.481,-14.8416,1.0794,2.0794,3.0794,4.0794,5.0794,6.0794,7.0794,10.0794,-14.8324,-2.4532,-2.0208,79.834024,-25.169721,867.29,79.834013,-25.169684,867.08,12.4,-23.6496,-23.3513,93.2571,265.6822,0.5323
2010-01-01,900.9844,-29.7519,66.8408,84.1702,0.3005,5.501,273.4437,-4.5267,0.2724,0.0,0.0,0.0,0.0,,160.9174,192.5643,0.5529,-31.7439,0.4242,36.5985,2.0188,1.905,0.8145,0.7686,14.3773,0.1185,-0.2782,0.3967,-19.7176,-17.6452,-14.3856,-15.6925,-15.2892,-15.1638,-14.8795,-14.79,1.0893,2.0893,3.0893,4.0893,5.0893,6.0893,7.0893,10.0893,-14.7926,-2.482,-2.0866,79.834022,-25.169657,865.32,79.83402,-25.169638,867.08,12.22,-30.0621,-29.7265,88.0091,262.4965,0.2595
2010-02-01,912.305,-27.0769,72.3485,90.1142,0.3884,4.7815,275.1704,-3.6091,0.3266,,,,,,,,,,,,1.9756,1.8749,0.8102,0.7688,14.4326,0.1332,-0.2782,0.4114,-21.074,-19.1555,-15.8122,-16.8397,-16.1827,-15.8232,-15.3487,-14.8827,1.104,2.104,3.104,4.104,5.104,6.104,7.104,10.104,-14.8992,-2.4736,-2.0458,79.834023,-25.169612,866.01,79.834026,-25.169594,867.07,12.09,-27.3701,-27.0741,94.3456,267.6539,0.3088
2010-03-01,909.1162,-29.9547,69.3487,91.7258,0.2552,4.9891,278.9853,-4.2512,0.6722,69.0997,63.1441,49.55,49.55,,160.5218,192.1535,0.5534,-31.6091,1.5407,34.0566,1.9591,1.8484,0.8064,0.7609,14.4026,0.1509,-0.2782,0.4291,-22.4826,-20.3987,-16.953,-17.8124,-17.0258,-16.5131,-15.8896,-15.0591,1.1216,2.1216,3.1216,4.1216,5.1216,6.1216,7.1216,10.1216,-15.0925,-2.4902,-2.0832,79.834035,-25.169508,866.77,79.834032,-25.169549,867.07,12.89,-29.8322,-29.9425,93.4829,270.3167,0.6956
2010-04-01,908.8215,-19.8609,74.9362,88.1781,0.735,4.8319,292.7871,-3.9138,1.6442,182.2508,178.4744,148.93,148.93,,186.4188,226.8251,0.4805,-21.5839,0.0578,26.4162,1.8092,1.7416,0.6295,0.6057,14.5719,0.2813,-0.2782,0.5595,-21.9361,-20.8237,-17.7984,-18.6975,-17.8536,-17.2323,-16.4824,-15.3267,1.252,2.252,3.252,4.252,5.252,6.252,7.252,10.252,-15.4247,-2.423,-2.0078,79.834036,-25.169513,866.44,79.834039,-25.169503,867.06,14.38,-18.8703,-19.855,87.3269,285.5044,1.6391
2010-05-01,914.7471,-10.0751,77.6745,84.2484,1.5954,4.7987,293.6279,-2.8779,1.259,297.557,296.0305,247.6136,247.6136,0.8374,226.5355,267.2752,0.5204,-10.9678,-5.4828,12.3794,1.7039,1.6719,0.4575,0.4487,14.7519,0.3941,-0.2782,0.6723,-19.5656,-19.6143,-17.3307,-18.7963,-18.2322,-17.7344,-16.9859,-15.6293,1.3648,2.3648,3.3648,4.3648,5.3648,6.3648,7.3648,10.3648,-15.7947,-2.354,-1.9313,79.834046,-25.169469,867.61,79.834045,-25.169457,867.06,14.6,-7.8305,-10.0797,84.9508,273.3198,1.3498
2010-06-01,911.6634,-1.8639,80.3525,81.5837,3.0084,3.6563,288.5018,-2.769,0.9266,372.7751,372.2864,289.3392,289.3392,0.7789,247.0126,302.3631,0.3656,-2.7927,-13.2168,12.2335,1.7173,1.7116,0.467,0.4657,15.0028,0.4152,-0.2782,0.6933,-15.9199,-17.5139,-16.0167,-18.179,-18.0379,-17.8253,-17.2196,-15.8879,1.3859,2.3859,3.3859,4.3859,5.3859,6.3859,7.3859,10.3859,-16.0604,-2.3028,-1.8816,79.834052,-25.169421,868.02,79.834051,-25.169412,867.06,14.49,1.2567,-1.8749,81.6716,273.8896,0.9008
2010-07-01,906.7049,0.8516,78.9268,79.1458,3.5461,4.2793,279.6172,-3.7256,0.6313,344.896,344.2042,217.0639,217.0667,0.623,247.8816,311.123,0.243,-0.8179,-13.5584,21.4232,2.1573,2.1606,0.9631,0.9645,14.9601,-0.0838,-0.2782,0.1943,-5.1864,-10.9278,-11.8897,-16.0899,-16.9705,-17.3667,-17.0783,-16.05,0.8869,1.8869,2.8869,3.8869,4.8869,5.8869,6.8869,9.8869,-16.0161,-2.0198,-1.9918,79.834058,-25.169383,869.05,79.834058,-25.169366,867.05,14.17,2.9848,0.8572,79.3574,272.1081,0.6428
2010-08-01,910.7827,-2.9892,80.2443,82.3396,2.7535,4.2468,283.9631,-3.5219,0.8757,232.1084,226.8813,160.9734,160.8937,0.6932,242.6421,295.1029,0.3745,-4.2688,-9.7268,17.0195,2.204,2.1919,1.1068,1.1007,14.8532,-0.2202,-0.2782,0.0579,-2.8909,-6.5184,-7.356,-12.6155,-14.5374,-15.8554,-16.1964,-16.0162,0.7505,1.7505,2.7505,3.7505,4.7505,5.7505,6.7505,9.7505,-16.0017,-2.0718,-3.2968,79.834062,-25.169335,868.36,79.834064,-25.169319,867.05,14.0,-1.6246,-2.979,83.4018,276.8891,0.852
2010-09-01,909.8504,-13.2245,80.1893,89.5316,1.3004,3.7151,262.8597,-2.9339,-0.3675,77.6149,72.0659,62.9283,62.9275,,226.0255,251.612,0.6499,-15.0463,0.0566,19.1378,2.1433,2.0906,1.0897,1.0629,15.1854,-0.1999,-0.2782,0.0783,-7.9593,-8.0937,-6.9493,-11.1251,-12.8112,-14.2968,-14.9623,-15.6658,0.7708,1.7708,2.7708,3.7708,4.7708,5.7708,6.7708,9.7708,-15.719,-2.165,-3.6564,79.83407,-25.16928,867.89,79.834071,-25.169273,867.05,13.75,-12.7969,-13.2134,89.5702,259.8213,-0.3551
2010-10-01,906.9126,-20.0963,76.0178,90.6364,0.7014,5.4586,287.3217,-4.4881,1.3998,,,,,,,,,,,,2.1717,2.09,1.1158,1.0738,14.782,-0.2042,-0.2782,0.074,-13.934,-12.0428,-9.1554,-11.8397,-12.631,-13.6353,-14.1584,-15.1577,0.7666,1.7666,2.7666,3.7666,4.7666,5.7666,6.7666,9.7666,-15.2355,-2.2362,-3.7292,79.834079,-25.169225,866.52,79.834077,-25.169227,867.04,13.08,-20.363,-20.0822,90.9573,279.7213,1.3939
2010-11-01,906.4872,-24.4408,72.1863,87.8979,0.4869,5.5873,272.6746,-5.2012,0.243,0.0,0.0,0.0,0.0,,175.354,209.0352,0.5287,-26.6894,2.1031,42.933,2.1998,2.0986,1.1145,1.0632,14.492,-0.2042,-0.2782,0.074,-19.8181,-16.468,-12.3343,-13.728,-13.5979,-13.9161,-14.0449,-14.7481,0.7665,1.7665,2.7665,3.7665,4.7665,5.7665,6.7665,9.7665,-14.8028,-2.3048,-3.7473,79.834083,-25.169177,864.56,79.834084,-25.169182,867.04,12.57,-24.8265,-24.4674,90.5649,268.3317,0.2584
2010-12-01,910.4887,-23.698,74.1905,89.9015,0.5316,6.7177,289.2517,-5.5751,1.9471,0.0,0.0,0.0,0.0,,184.7711,214.3081,0.5936,-25.1577,1.4267,32.9211,2.1761,2.0791,1.1027,1.0536,14.452,-0.1904,-0.2782,0.0877,-20.7761,-18.6915,-14.9143,-15.8639,-15.1492,-14.8593,-14.5313,-14.5829,0.7803,1.7803,2.7803,3.7803,4.7803,5.7803,6.7803,9.7803,-14.5863,-2.293,-3.7738,79.834099,-25.169151,867.78,79.83409,-25.169136,867.03,12.43,-24.0485,-23.6982,91.5231,278.1297,1.9938
2011-01-01,903.6469,-27.5524,69.0216,86.4163,0.3575,5.8736,281.0339,-4.846,0.945,0.0,0.0,0.0,0.0,,169.8834,199.2531,0.5847,-29.6532,0.9282,35.8644,2.1879,2.0742,1.1184,1.0602,14.3414,-0.1908,-0.2782,0.0874,-22.8857,-20.1615,-16.2861,-17.1659,-16.343,-15.8297,-15.2466,-14.662,0.7799,1.7799,2.7799,3.7799,4.7799,5.7799,6.7799,9.7799,-14.6194,-2.3103,-3.8088,79.834095,-25.169081,863.36,79.834096,-25.169089,867.03,12.26,-27.9043,-27.5628,89.691,272.3687,0.9492
2011-02-01,894.8269,-27.0449,67.4893,85.2237,0.3574,6.1386,253.4198,-4.125,-1.2282,0.8104,0.642,0.8319,0.8319,,170.9931,200.897,0.5703,-29.1203,0.4088,37.5574,2.1375,2.0284,1.1133,1.0565,14.2808,-0.1676,-0.2782,0.1105,-25.0792,-22.3976,-18.3578,-18.6705,-17.5085,-16.7255,-15.9364,-14.8841,0.8031,1.8031,2.8031,3.8031,4.8031,5.8031,6.8031,9.8031,-14.8156,-2.2737,-3.8062,79.834108,-25.168998,864.4,79.834103,-25.169045,867.03,12.11,-27.3337,-27.0394,86.4529,246.144,-1.2395
2011-03-01,894.5822,-27.3484,72.9714,93.5647,0.3543,7.2103,304.8476,-5.5384,3.8561,41.0638,35.7876,30.2856,30.2856,,174.6104,201.6923,0.6327,-28.7981,1.3213,26.8482,2.0879,1.9804,1.0991,1.0424,14.2386,-0.1377,-0.2782,0.1404,-25.5482,-23.3232,-19.5983,-19.8437,-18.6096,-17.6778,-16.7166,-15.1967,0.833,1.833,2.833,3.833,4.833,5.833,6.833,9.833,-15.1118,-2.3076,-3.7999,79.834114,-25.169042,866.7,79.834109,-25.169,867.02,12.43,-27.4036,-27.3477,94.6982,297.8591,3.8152
2011-04-01,893.5879,-25.7314,68.3192,84.1715,0.4237,4.7434,294.0971,-3.3726,1.5084,187.6205,180.013,148.2646,148.2646,,177.6005,207.5448,0.5971,-27.2283,-0.908,20.0446,1.9279,1.8333,0.9124,0.8674,14.2567,0.026,-0.2782,0.3041,-24.3935,-23.0649,-20.1439,-20.5288,-19.4175,-18.4923,-17.4602,-15.5954,0.9967,1.9967,2.9967,3.9967,4.9967,5.9967,6.9967,9.9967,-15.5953,-2.2752,-3.8386,79.834114,-25.16896,865.6,79.834115,-25.168955,867.02,14.12,-24.5176,-25.7323,85.5094,279.6657,1.5271
2011-05-01,913.0374,-11.6057,76.8941,84.8873,1.3884,4.646,299.7363,-3.1036,1.7729,297.2373,295.3135,248.6937,248.6937,0.8356,219.9431,260.5445,0.5183,-12.595,-4.6619,16.4038,1.6714,1.635,0.7131,0.6974,14.4344,0.2102,-0.2782,0.4883,-21.2682,-21.484,-19.6918,-20.4719,-19.705,-18.9745,-18.0055,-16.0207,1.1809,2.1809,3.1809,4.1809,5.1809,6.1809,7.1809,10.1809,-16.1403,-2.1831,-3.6418,79.834123,-25.168907,867.85,79.834122,-25.168909,867.01,14.65,-9.4802,-11.5965,84.3495,284.1525,1.7935
2011-06-01,916.9659,-2.293,77.3877,78.8603,2.8128,3.8793,284.0151,-3.4067,0.8503,389.487,388.7948,298.7143,298.7143,0.7614,233.3259,298.9127,0.2416,-3.4947,-14.0161,17.1867,1.58,1.5735,0.6856,0.6831,14.6667,0.198,-0.2782,0.4761,-16.8229,-18.8053,-17.9556,-19.5561,-19.3274,-18.9808,-18.2212,-16.3765,1.1687,2.1687,3.1687,4.1687,5.1687,6.1687,7.1687,10.1687,-16.4827,-2.102,-3.5357,79.834127,-25.168856,868.05,79.834128,-25.168863,867.01,14.53,0.687,-2.2963,78.8463,275.9217,0.848
2011-07-01,912.2548,0.7522,83.4328,83.6515,3.6967,3.7385,285.1873,-2.7846,0.7559,306.1588,305.1655,202.6685,202.6685,0.6603,268.8072,313.2588,0.4665,-0.5164,-9.6478,12.6768,2.0029,2.0057,1.0575,1.059,14.9074,-0.1786,-0.2802,0.1015,-4.9317,-10.9761,-12.7196,-16.8713,-17.8899,-18.3171,-17.9763,-16.5907,0.7921,1.7921,2.7921,3.7921,4.7921,5.7921,6.7921,9.7921,-16.4998,-2.0139,-3.5202,79.834134,-25.168837,868.55,79.834134,-25.168817,867.01,14.17,2.9367,0.7496,84.0101,273.8926,0.7368
2011-08-01,913.8258,-2.0796,84.1031,85.5744,3.0974,4.482,288.2859,-3.2446,1.0722,194.6165,193.5504,141.4905,141.6063,0.711,264.8291,301.0305,0.5595,-3.1351,-9.0544,14.8362,2.2058,2.1972,1.2579,1.2531,14.7562,-0.3709,-0.4021,0.0312,-2.609,-6.5471,-7.547,-12.9698,-15.0423,-16.4787,-16.8634,-16.5437,0.5998,1.5998,2.5998,3.5998,4.5998,5.5998,6.5998,9.5998,-16.4989,-0.7007,-2.2264,79.834141,-25.168788,868.41,79.834141,-25.16877,867.0,13.95,-0.954,-2.0768,86.166,271.0701,1.0486
2011-09-01,901.4603,-14.4571,71.674,81.3899,1.0381,4.9974,265.7677,-4.4395,-0.3285,84.375,79.2214,67.6525,67.6525,,200.2506,244.5407,0.4282,-16.6364,-1.2514,33.8388,2.152,2.0941,1.2247,1.1917,14.5101,-0.3257,-0.4155,0.0898,-8.3716,-8.3123,-7.3372,-11.4263,-13.2014,-14.7756,-15.4863,-16.1448,0.645,1.645,2.645,3.645,4.645,5.645,6.645,9.645,-16.2236,-0.6229,-2.092,79.834146,-25.168733,865.66,79.834147,-25.168725,867.0,13.92,-14.1757,-14.4503,81.3457,262.1349,-0.3066
2011-10-01,904.3296,-21.5911,75.489,91.926,0.5978,5.1212,288.4033,-4.3295,1.4405,,,,,,,,,,,,2.1678,2.0801,1.2343,1.1844,14.3867,-0.316,-0.4155,0.0995,-14.7275,-12.7335,-9.9186,-12.3328,-13.0877,-14.0912,-14.6199,-15.5954,0.6547,1.6547,2.6547,3.6547,4.6547,5.6547,6.6547,9.6547,-15.7077,-0.6418,-2.1541,79.834155,-25.168684,865.25,79.834154,-25.168679,867.0,12.72,-21.8413,-21.592,91.9658,282.7345,1.4087
2011-11-01,895.8225,-24.2225,74.805,92.4708,0.497,6.0429,293.8478,-4.3699,1.9317,0.0,0.0,0.0059,0.0059,,188.2111,210.3621,0.6828,-26.3378,1.2288,28.1993,2.1775,2.0783,1.1261,1.0748,14.4228,-0.2617,-0.4155,0.1538,-18.539,-16.3021,-12.8135,-14.1945,-14.0966,-14.4082,-14.5189,-15.1704,0.709,1.709,2.709,3.709,4.709,5.709,6.709,9.709,-15.2347,-0.6448,-2.1851,79.834158,-25.168702,864.64,79.83416,-25.168633,866.99,12.49,-24.5217,-24.2223,93.0116,276.008,1.9534
2011-12-01,892.3121,-28.3508,73.618,93.9043,0.347,5.7273,291.6279,-4.4848,1.7782,,,,,,,,,,,,2.1097,1.9965,1.0724,1.0146,14.4615,-0.1887,-0.4155,0.2268,-20.2378,-18.1613,-14.7234,-15.8023,-15.3099,-15.1688,-14.9126,-14.9877,0.782,1.782,2.782,3.782,4.782,5.782,6.782,9.782,-14.9948,-0.6348,-2.2124,79.834166,-25.168607,864.63,79.834166,-25.168587,866.99,12.33,-28.6636,-28.3539,93.9255,282.3185,1.7519
2012-01-01,898.1622,-26.4983,76.9248,95.5929,0.442,4.9181,280.9779,-3.4319,0.6657,0.0,0.0,0.0,0.0,,188.0117,206.6475,0.7275,-27.5835,1.0429,19.8993,1.7425,1.6556,0.8334,0.7918,14.6269,0.0917,-0.4155,0.5072,-20.6265,-19.2166,-16.0475,-17.0531,-16.3861,-15.9927,-15.4898,-15.0258,1.0624,2.0624,3.0624,4.0624,5.0624,6.0624,7.0624,10.0624,-15.0386,-0.7021,-2.1967,79.834175,-25.168471,869.13,79.834173,-25.16854,866.98,12.2,-26.7406,-26.4902,95.1841,266.9937,0.6625
2012-02-01,895.5363,-28.9718,73.4762,95.0001,0.3199,5.7201,294.8297,-4.348,2.0118,,,,,,,,,,,,1.6851,1.5929,0.827,0.7817,14.7267,0.129,-0.4155,0.5445,-20.7052,-19.4127,-16.4738,-17.6408,-17.0475,-16.624,-16.0239,-15.1822,1.0997,2.0997,3.0997,4.0997,5.0997,6.0997,7.0997,10.0997,-15.2103,-0.7725,-2.2238,79.83418,-25.168477,862.9,79.834179,-25.168495,866.98,12.05,-29.2472,-28.9871,94.7782,282.6036,2.0008
2012-03-01,899.2153,-28.0476,73.3453,93.2448,0.3568,4.8744,285.4641,-3.6167,1.0006,,,,,,,,,,,,1.5655,1.4828,0.6874,0.651,14.8223,0.2502,-0.4155,0.6658,-20.8438,-19.7403,-16.9571,-18.1127,-17.5299,-17.0958,-16.455,-15.3989,1.221,2.221,3.221,4.221,5.221,6.221,7.221,10.221,-15.4773,-0.7311,-2.2497,79.834188,-25.168459,868.49,79.834185,-25.16845,866.98,12.54,-27.9194,-28.0422,94.1126,274.3135,1.0063
2012-04-01,909.9222,-23.9659,65.2574,81.4536,0.4141,4.1414,281.2839,-3.8096,0.7601,199.7567,194.6877,160.6098,160.6098,,164.4535,210.221,0.4032,-26.0756,0.247,31.0518,1.5723,1.5016,0.7106,0.6787,14.9361,0.2265,-0.4155,0.642,-20.4803,-19.6905,-17.1929,-18.4109,-17.8922,-17.483,-16.8271,-15.6304,1.1972,2.1972,3.1972,4.1972,5.1972,6.1972,7.1972,10.1972,-15.709,-0.7178,-2.2312,79.834193,-25.168367,865.84,79.834192,-25.168404,866.97,14.35,-22.5794,-23.9541,83.6272,275.8024,0.7622
2012-05-01,912.4298,-12.8607,70.8194,77.9676,1.2183,4.7387,293.7288,-3.8658,1.6993,330.2488,328.833,269.6358,269.6358,0.807,191.9144,253.5224,0.2701,-14.2956,-6.217,25.5501,1.4551,1.4203,0.7064,0.6894,15.082,0.2622,-0.4155,0.6777,-19.4696,-19.2784,-17.1613,-18.5037,-18.094,-17.7537,-17.1174,-15.8607,1.2329,2.2329,3.2329,4.2329,5.2329,6.2329,7.2329,10.2329,-15.9583,-0.6431,-2.1414,79.834193,-25.168325,867.38,79.834198,-25.168359,866.97,14.6,-10.3988,-12.8766,78.448,281.6376,1.6996
2012-06-01,914.5361,-0.2717,79.3512,79.9367,3.2711,4.1847,290.3469,-3.207,1.1893,357.6436,357.0609,271.0416,271.0416,0.7557,258.5944,309.5517,0.4087,-1.1601,-20.3387,15.0822,1.6515,1.6508,0.8279,0.8275,15.4606,0.0531,-0.4155,0.4686,-13.5663,-16.5142,-15.861,-17.9802,-17.9559,-17.8296,-17.2825,-16.0706,1.0238,2.0238,3.0238,4.0238,5.0238,6.0238,7.0238,10.0238,-16.0814,-0.589,-2.0452,79.834206,-25.168312,868.24,79.834205,-25.168313,866.96,14.42,2.3042,-0.2717,80.404,277.178,1.1793
2012-07-01,910.5541,1.1649,82.7546,82.9176,3.7872,3.9611,287.8733,-3.1087,1.0025,308.641,308.1961,202.222,202.222,0.6565,267.8022,314.6838,0.4363,-0.3567,-7.8015,19.3732,2.1602,2.1651,1.1055,1.108,14.3135,-0.2828,-0.4269,0.1441,-3.48,-9.047,-11.3397,-15.0949,-16.3639,-17.0385,-17.0147,-16.4001,0.6879,1.6879,2.6879,3.6879,4.6879,5.6879,6.6879,9.6879,-16.3576,-0.4629,-1.316,79.834235,-25.168289,867.78,79.834288,-25.168289,866.29,14.03,3.2806,1.1624,83.3386,276.5627,1.028
2012-08-01,909.9208,-0.6381,83.2046,84.0006,3.3937,5.123,302.6746,-3.8316,2.4575,169.6711,170.3193,117.3804,117.3804,0.6674,269.7586,308.0251,0.5455,-1.7962,-13.1681,15.741,2.5856,2.5825,1.3439,1.3423,10.5125,-0.65,-0.6654,0.0155,-1.5036,-5.0343,-8.7509,-11.7017,-13.716,-15.2204,-16.1011,-16.984,0.3208,1.3207,2.3207,3.3207,4.3208,5.3208,6.3208,9.3207,-17.1851,-0.1267,1.4947,79.834304,-25.168244,867.71,79.8343,-25.168244,866.24,13.73,0.2952,-0.6284,84.3028,296.7116,2.4924
2012-09-01,903.6851,-9.2306,85.381,92.0722,1.8821,5.3793,306.6592,-3.7771,2.8111,58.1571,60.0423,49.879,49.879,,242.2771,270.5879,0.6481,-10.263,-1.6892,14.5217,2.4949,2.4523,1.2434,1.2223,10.395,-0.51,-0.6886,0.1787,-7.2813,-7.2717,-8.5211,-10.2999,-11.8615,-13.5637,-14.7497,-16.5726,0.4608,1.4608,2.4608,3.4608,4.4608,5.4608,6.4608,9.4608,-16.8953,-0.1992,1.4747,79.834307,-25.168194,866.38,79.834306,-25.168198,866.25,13.36,-8.8516,-9.2282,90.3759,297.4621,2.8235
2012-10-01,909.9581,-19.2125,73.1517,86.9868,0.7073,5.8292,287.3513,-4.815,1.5045,4.6405,5.3933,4.4429,4.4429,,196.0493,229.7433,0.5684,-20.6644,-0.3971,24.7138,2.4685,2.3798,1.1752,1.1331,10.3512,-0.429,-0.6886,0.2596,-13.2408,-11.3664,-10.7255,-11.0965,-11.5642,-12.8733,-13.8668,-16.0062,0.5417,1.5417,2.5417,3.5417,4.5417,5.5417,6.5417,9.5417,-16.3331,-0.2641,1.4916,79.834313,-25.168155,865.18,79.834313,-25.168153,866.25,12.78,-19.1702,-19.1957,87.6062,280.2672,1.5
2012-11-01,904.9431,-25.5948,69.483,86.8831,0.4011,6.1689,283.5948,-5.0722,1.2266,0.0,0.0,0.0018,0.0018,,158.8104,202.5358,0.4225,-28.4268,-0.4273,36.6866,2.4741,2.3547,1.1384,1.0833,9.9958,-0.3916,-0.6886,0.297,-19.3679,-16.1535,-13.9863,-13.0788,-12.4788,-13.1167,-13.6685,-15.5376,0.5791,1.5791,2.5791,3.5791,4.5791,5.5791,6.5791,9.5791,-15.8019,-0.2649,1.5035,79.834332,-25.168077,868.0,79.834319,-25.168107,866.26,12.47,-25.554,-25.5996,83.4628,274.5531,1.2314
2012-12-01,907.6707,-26.7479,68.4925,87.018,0.3504,5.8673,294.6983,-4.2922,1.974,,,,,,,,,,,,2.3705,2.2511,1.0335,0.9815,10.039,-0.2878,-0.6886,0.4008,-19.6506,-17.9146,-16.2869,-15.181,-13.9842,-14.0367,-14.0654,-15.3087,0.6829,1.6829,2.6829,3.6829,4.6829,5.6829,6.6829,9.6829,-15.4368,-0.271,1.5107,79.834317,-25.168083,862.39,79.834326,-25.168061,866.26,12.37,-26.7268,-26.7384,86.7216,279.5112,1.9674
2013-01-01,900.6484,-25.2477,74.4425,91.7838,0.4724,4.5997,296.8174,-3.1086,1.5715,,,,,,,,,,,,2.3397,2.2283,0.9232,0.8793,10.0172,-0.2275,-0.6886,0.4611,-20.1636,-18.6843,-17.248,-16.2673,-15.0071,-14.9036,-14.6634,-15.332,0.7432,1.7432,2.7432,3.7432,4.7432,5.7432,6.7432,9.7432,-15.3893,-0.3003,1.5711,79.834333,-25.168021,864.04,79.834332,-25.168015,866.26,12.26,-25.2054,-25.2427,90.1329,278.4891,1.5752
2013-02-01,905.1108,-32.3076,58.6407,77.1816,0.1957,4.978,271.164,-4.2039,0.0854,,,,,,146.0345,184.07,,-34.3511,,,2.353,2.2089,0.9428,0.8851,10.0606,-0.2194,-0.6886,0.4692,-22.3897,-20.0907,-18.281,-17.1308,-15.7493,-15.5481,-15.1851,-15.4804,0.7513,1.7513,2.7513,3.7513,4.7513,5.7513,6.7513,9.7513,-15.505,-0.2593,1.5618,79.83435,-25.168025,869.4,79.834339,-25.167971,866.27,12.18,-32.2712,-32.3145,78.2279,263.4527,0.048
2013-03-01,921.3788,-27.4368,63.4664,80.2004,0.3132,5.7787,287.3786,-4.566,1.429,43.054,46.35,34.4958,34.4958,,162.8248,199.9476,0.5007,-29.3133,-0.9462,31.7226,2.3087,2.1892,0.9352,0.8868,10.2373,-0.2105,-0.6886,0.4781,-23.8225,-21.8615,-19.8676,-18.3926,-16.7352,-16.2897,-15.7567,-15.7027,0.7602,1.7602,2.7602,3.7602,4.7602,5.7602,6.7602,9.7602,-15.6987,-0.2641,1.556,79.83434,-25.167936,868.1,79.834345,-25.167926,866.27,12.81,-27.2081,-27.4584,80.3787,278.522,1.4115
2013-04-01,908.2798,-23.4524,62.7546,77.1637,0.4324,5.6028,293.409,-4.5726,1.9796,176.9562,178.9112,148.0593,148.0594,,161.1237,213.5563,0.3469,-25.1084,-2.938,28.5079,2.274,2.1739,0.8832,0.8443,10.1231,-0.1814,-0.6886,0.5072,-22.731,-21.6416,-20.3101,-19.1775,-17.6119,-17.0875,-16.4359,-15.9985,0.7893,1.7893,2.7893,3.7893,4.7893,5.7893,6.7893,9.7893,-15.968,-0.2781,1.5341,79.83435,-25.167881,865.91,79.834351,-25.167881,866.28,14.32,-22.5243,-23.4467,77.0142,285.13,1.9871
2013-05-01,911.2437,-14.5084,69.0365,78.3362,0.9896,3.9005,278.8816,-2.4857,0.3884,316.7776,316.7591,262.9947,262.9947,0.832,200.7169,251.4232,0.4334,-14.8358,-8.9618,4.6787,2.2078,2.148,0.8362,0.8136,10.1656,-0.1531,-0.6886,0.5355,-19.8753,-20.2874,-19.8471,-19.2398,-17.9623,-17.5721,-16.9635,-16.3399,0.8176,1.8176,2.8176,3.8176,4.8176,5.8176,6.8176,9.8176,-16.3021,-0.2675,1.4943,79.834356,-25.167842,867.46,79.834358,-25.167835,866.28,14.55,-12.0131,-14.5106,78.2175,267.4708,0.3793
2013-06-01,905.1738,-2.4494,72.9245,74.3625,2.6355,4.3285,284.1636,-3.4498,0.8706,392.6512,391.9379,306.7218,306.7218,0.7843,234.6985,300.5945,0.2607,-3.1564,-25.7712,10.2395,2.1031,2.0936,0.8737,0.8699,10.1053,-0.1894,-0.6886,0.4992,-13.456,-16.6221,-17.798,-18.2327,-17.5862,-17.5857,-17.1932,-16.646,0.7813,1.7813,2.7813,3.7813,4.7813,5.7813,6.7813,9.7813,-16.6075,-0.2069,1.4185,79.834366,-25.167795,867.97,79.834365,-25.167789,866.28,14.35,0.2231,-2.4506,74.7098,271.7923,0.8777
2013-07-01,908.2124,0.0581,78.4333,78.7971,3.3236,4.6834,295.5671,-3.5047,1.6767,317.809,317.7058,227.9524,227.9524,0.7272,259.6518,312.767,0.4062,-0.7463,-24.1091,11.736,2.3366,2.3368,1.1099,1.11,10.1277,-0.4297,-0.6886,0.2589,-3.109,-8.9486,-12.8341,-15.3211,-15.9492,-16.7826,-16.8884,-16.8267,0.541,1.541,2.541,3.541,4.541,5.541,6.541,9.541,-16.8221,-0.1755,1.4542,79.834375,-25.167725,868.16,79.834371,-25.167744,866.29,14.11,2.0233,0.059,78.7729,280.1118,1.6753
2013-08-01,904.1637,-4.5958,78.4928,81.3098,2.4397,4.8957,295.3759,-3.3955,1.6106,193.7297,195.9327,148.6442,148.6442,,249.0867,291.9796,0.5137,-5.1367,-18.4242,8.3101,2.3604,2.3404,1.1909,1.1809,10.0277,-0.5019,-0.6886,0.1867,-3.9397,-6.1492,-8.9041,-11.7672,-13.2201,-14.9434,-15.7723,-16.7528,0.4688,1.4688,2.4688,3.4688,4.4688,5.4688,6.4688,9.4688,-16.9191,0.1737,2.9133,79.834379,-25.167676,867.59,79.834378,-25.167697,866.29,13.97,-3.4683,-4.5973,80.5642,283.7077,1.6342
2013-09-01,907.9342,-10.2832,82.7225,89.43,1.7145,5.0757,,,,60.0967,62.5158,55.0438,55.0533,,251.3462,269.4476,0.7754,-10.6313,,,2.157,2.1159,0.9384,0.9206,10.0616,-0.2368,-0.6886,0.4519,-8.3076,-8.6816,-9.4753,-10.9842,-11.8365,-13.4508,-14.5029,-16.3626,0.734,1.734,2.734,3.734,4.734,5.734,6.734,9.734,-16.5237,0.2312,3.1106,79.834385,-25.167625,866.91,79.834384,-25.167651,866.3,13.27,-9.8799,-10.2542,88.3646,,
2013-10-01,907.5541,-21.8057,72.3286,86.3681,0.6112,5.0843,290.9278,-4.2717,1.6336,,,,,,,,,,,,1.9943,1.9124,0.6833,0.655,10.0432,-0.0019,-0.6886,0.6868,-11.1365,-10.6456,-10.6135,-11.3834,-11.659,-12.8857,-13.7757,-15.8583,0.9689,1.9689,2.9689,3.9689,4.9689,5.9689,6.9689,9.9689,-15.8799,0.2148,3.1829,79.834394,-25.167571,865.99,79.834391,-25.167606,866.3,12.71,-21.7795,-21.778,84.5325,283.1104,1.6361
2013-11-01,895.4612,-27.8979,67.2911,86.2179,0.3194,7.516,300.701,-5.8105,3.4502,0.0009,0.0009,0.0034,0.0034,,163.4933,200.8831,0.5255,-29.0132,-1.7644,23.1293,1.9932,1.8884,0.7101,0.673,9.9042,0.0018,-0.6886,0.6904,-15.1478,-13.5221,-12.4544,-12.3949,-12.0726,-12.8726,-13.5173,-15.4481,0.9725,1.9725,2.9725,3.9725,4.9725,5.9725,6.9725,9.9725,-15.4665,0.2157,3.2255,79.834404,-25.167592,865.99,79.834397,-25.16756,866.31,12.48,-27.8449,-27.898,84.1584,290.0269,3.4223
2013-12-01,897.8339,-27.2969,72.2797,89.2204,0.4119,4.7255,283.6493,-3.647,0.8856,,,,,,,,,,,,1.9036,1.8051,0.6426,0.6089,9.9312,0.0798,-0.6886,0.7685,-17.4047,-15.8379,-14.4163,-13.8338,-12.9927,-13.3441,-13.6665,-15.1999,1.0506,2.0506,3.0506,4.0506,5.0506,6.0506,7.0506,10.0506,-15.1757,0.2081,3.1874,79.834399,-25.167511,865.07,79.834404,-25.167514,866.31,12.3,-27.2647,-27.2947,85.7307,266.3004,0.8816
2014-01-01,903.3755,-26.4765,63.436,79.5124,0.3494,4.6235,255.7103,-4.0996,-1.0442,,,,,,,,,,,,1.8716,1.7783,0.6044,0.5743,9.9903,0.1062,-0.6886,0.7949,-18.1313,-16.8581,-15.6063,-14.9812,-13.9422,-14.0249,-14.0899,-15.1294,1.077,2.077,3.077,4.077,5.077,6.077,7.077,10.077,-15.1024,0.1878,3.1857,79.834415,-25.167485,864.73,79.83441,-25.167468,866.31,12.14,-26.473,-26.4894,79.9708,252.6337,-1.0498
2014-02-01,901.3841,-26.0175,68.8927,86.6041,0.3896,2.7231,279.1484,-2.2214,0.3577,,,,,,,,,,,,1.8612,1.77,0.6016,0.5722,9.9736,0.1112,-0.6886,0.7999,-18.948,-17.7428,-16.5039,-15.8051,-14.6695,-14.618,-14.5399,-15.1937,1.082,2.082,3.082,4.082,5.082,6.082,7.082,10.082,-15.1764,0.166,3.1788,79.834414,-25.167471,868.32,79.834417,-25.167424,866.32,12.02,-25.9522,-26.0378,84.9591,273.8177,0.3409
2014-03-01,899.7115,-27.5241,68.2066,85.6048,0.3553,5.421,294.0416,-4.1067,1.832,46.7104,53.5961,37.7361,37.7361,,172.7956,202.9688,0.6043,-28.5411,-1.4952,18.0854,1.7341,1.6439,0.4846,0.4593,9.9589,0.2308,-0.6886,0.9194,-19.5354,-18.3887,-17.1839,-16.4673,-15.2861,-15.1542,-14.9882,-15.3347,1.2015,2.2015,3.2015,4.2015,5.2015,6.2015,7.2015,10.2015,-15.3122,0.1937,3.1804,79.834418,-25.167372,867.23,79.834423,-25.167379,866.32,11.96,-27.2735,-27.5293,83.1163,283.8553,1.804
2014-04-01,905.3215,-24.2096,58.3091,71.5888,0.3903,4.9625,293.487,-4.271,1.8559,173.3658,178.9361,148.5877,148.5877,,158.2958,212.4638,0.3408,-25.4634,-4.5127,22.7107,1.62,1.5462,0.3793,0.3621,10.026,0.3285,-0.6886,1.0171,-19.8785,-18.9079,-17.7788,-17.054,-15.8624,-15.6548,-15.4292,-15.5288,1.2992,2.2992,3.2992,4.2992,5.2992,6.2992,7.2992,10.2992,-15.5188,0.1821,3.1397,79.834428,-25.167308,864.95,79.83443,-25.167334,866.33,13.27,-23.1574,-24.1995,73.1089,286.9024,1.8482
2014-05-01,910.5402,-13.0806,65.1581,72.8028,1.0559,4.6939,295.3324,-3.714,1.7582,324.6545,325.984,267.3391,267.3391,0.8278,193.7314,256.1134,0.3031,-13.5539,-14.9295,9.6007,1.6043,1.5653,0.3895,0.3801,10.0882,0.31,-0.6886,0.9986,-18.6833,-18.572,-17.9202,-17.4091,-16.3328,-16.092,-15.8398,-15.753,1.2807,2.2807,3.2807,4.2807,5.2807,6.2807,7.2807,10.2807,-15.761,0.1399,3.0722,79.834436,-25.167272,867.03,79.834436,-25.167288,866.33,14.54,-10.8673,-13.0852,73.5891,282.9835,1.7321
2014-06-01,912.2035,-2.6344,74.0657,75.7416,2.6397,3.6119,286.1026,-2.6502,0.7651,374.3411,373.9782,293.5885,293.5885,0.795,246.5297,302.1692,0.3961,-3.0209,-24.4748,6.5223,1.6556,1.6478,0.4777,0.4758,10.1062,0.2049,-0.6886,0.8935,-14.837,-16.5306,-16.9392,-17.0608,-16.3591,-16.2834,-16.1159,-15.9736,1.1756,2.1756,3.1756,4.1756,5.1756,6.1756,7.1756,10.1756,-15.9824,0.168,3.0111,79.834446,-25.167221,867.27,79.834443,-25.167242,866.33,14.42,0.4507,-2.6499,76.1764,263.1881,0.7718
2014-07-01,910.7289,0.4388,79.5457,79.8372,3.4552,3.973,277.4572,-2.5676,0.3361,300.9452,301.1576,210.1424,210.1424,0.7047,271.8249,314.9239,0.507,-0.4696,-19.5627,11.9154,2.0995,2.1012,0.9076,0.9085,10.0507,-0.2279,-0.6886,0.4607,-3.4583,-9.2097,-12.6483,-14.772,-15.2311,-15.8237,-16.0137,-16.134,0.7428,1.7428,2.7428,3.7428,4.7428,5.7428,6.7428,9.7428,-16.152,0.4125,2.7564,79.834462,-25.167174,867.77,79.834449,-25.167196,866.34,14.11,2.5341,0.4356,80.1921,260.9053,0.3282
2014-08-01,911.6683,-2.0959,78.5015,79.8951,2.8967,4.5466,293.2262,-3.3424,1.4344,190.3103,191.0144,136.7212,136.7212,0.6843,252.8237,302.0708,0.4373,-2.9566,-18.6061,12.548,2.2445,2.2362,1.1009,1.0969,10.1068,-0.4164,-0.6886,0.2722,-1.7015,-5.1546,-8.3013,-11.2141,-12.6627,-14.1926,-15.0818,-16.0969,0.5543,1.5543,2.5543,3.5543,4.5543,5.5543,6.5543,9.5543,-16.244,0.3952,1.4113,79.834468,-25.167129,865.36,79.834456,-25.16715,866.34,13.85,-0.9583,-2.0904,80.1644,264.5989,1.4275
2014-09-01,902.223,-13.9465,72.364,81.7654,1.0932,5.6667,292.0802,-4.3766,1.7754,68.5906,70.6983,59.8598,59.8598,,215.6263,251.3146,0.5677,-14.9742,-7.1656,18.2334,2.179,2.1225,1.0358,1.0089,9.4406,-0.357,-0.6886,0.3317,-7.0754,-7.0693,-7.9497,-9.7569,-10.9184,-12.5723,-13.8019,-15.739,0.6138,1.6138,2.6138,3.6138,4.6138,5.6138,6.6138,9.6138,-15.9882,0.2674,1.2314,79.834468,-25.167088,863.66,79.834462,-25.167104,866.35,13.51,-13.5165,-13.9447,81.4834,280.3164,1.7866
2014-10-01,910.2293,-18.2643,74.4438,86.7463,0.8136,5.8675,311.2472,-3.6307,3.1837,,,,,,226.9759,243.307,0.7826,-17.2153,-4.7674,10.9668,2.1003,2.0287,0.8728,0.8431,9.8564,-0.2295,-0.6886,0.4591,-11.4803,-10.4712,-9.9328,-10.4456,-10.7481,-11.9025,-12.9737,-15.2265,0.7412,1.7412,2.7412,3.7412,4.7412,5.7412,6.7412,9.7412,-15.4209,0.2802,1.2832,79.834472,-25.167041,862.45,79.834469,-25.167058,866.35,12.71,-18.1626,-18.2575,85.9524,293.5678,3.2663
2014-11-01,902.1699,-24.9803,66.3397,80.5127,0.453,4.8168,276.931,-3.6257,0.4407,0.0,0.0,0.0028,0.0028,,185.6666,211.6471,0.6587,-26.0477,-2.2256,18.1065,2.0841,1.9858,0.766,0.7297,9.7275,-0.1494,-0.6886,0.5393,-15.1428,-13.1989,-11.8772,-11.6637,-11.3442,-12.0028,-12.7546,-14.7912,0.8214,1.8214,2.8214,3.8214,4.8214,5.8214,6.8214,9.8214,-14.9129,0.2904,1.2981,79.834477,-25.167051,861.06,79.834475,-25.167013,866.36,12.48,-24.9821,-24.9745,79.9099,266.1239,0.4592
2014-12-01,900.1192,-28.5895,72.0101,87.8192,0.384,5.1129,302.1716,-3.3803,2.1263,,,,,,,,,,,,1.606,1.5193,0.4418,0.4182,10.4439,0.2349,-0.6886,0.9236,-15.1996,-14.359,-13.3384,-12.9337,-12.242,-12.5076,-12.9421,-14.542,1.2057,2.2057,3.2057,4.2057,5.2057,6.2057,7.2057,10.2057,-14.4319,0.3377,1.3085,79.83447,-25.167077,863.79,79.834482,-25.166967,866.36,12.32,-28.6114,-28.5775,82.2674,277.6549,2.1167
2015-01-01,899.1648,-26.1317,65.1816,81.8817,0.3662,5.078,292.556,-3.666,1.5227,0.0,0.0,0.0,0.0,,189.0167,207.1058,0.7335,-27.3696,-2.7147,16.4372,1.5458,1.4699,0.4005,0.3807,8.5534,0.2829,-0.6886,0.9716,-16.1863,-15.1742,-14.1061,-13.6648,-12.8956,-13.0193,-13.2856,-14.4674,1.2537,2.2537,3.2537,4.2537,5.2537,6.2537,7.2537,10.2537,-14.3686,0.3483,1.3269,79.834503,-25.167004,869.35,79.834489,-25.166921,866.36,12.14,-26.1034,-26.1363,79.1814,280.7553,1.5286
2015-02-01,892.2886,-31.7871,60.4363,80.9376,0.1949,6.6695,303.1833,-4.6346,3.0309,0.4191,0.5014,0.5418,0.5418,,152.3271,187.6594,0.5297,-33.0915,-1.6237,25.6028,1.4504,1.3632,0.4465,0.4198,7.7808,0.3218,-0.6886,1.0104,-16.8788,-15.882,-14.8212,-14.3176,-13.4638,-13.4701,-13.6216,-14.4933,1.2925,2.2925,3.2925,4.2925,5.2925,6.2925,7.2925,10.2925,-14.4083,0.405,1.3669,79.834473,-25.166959,870.3,79.834495,-25.166876,866.37,11.99,-31.7228,-31.792,78.8455,290.438,3.0202
2015-03-01,896.7331,-27.0674,65.7897,84.1803,0.3282,5.2724,298.6134,-3.8423,2.096,43.2709,45.8518,33.8,33.8,,176.7458,203.8844,0.6368,-28.1666,-1.8064,18.0813,1.3561,1.2871,0.396,0.3755,7.2346,0.3741,-0.6886,1.0627,-17.6648,-16.6539,-15.5504,-14.955,-14.0198,-13.9182,-13.9808,-14.5891,1.3448,2.3448,3.3448,4.3448,5.3448,6.3448,7.3448,10.3448,-14.5199,0.3576,1.3906,79.834493,-25.166945,863.9,79.834501,-25.166832,866.37,12.25,-26.7847,-27.0729,82.6114,287.2024,2.0804
2015-04-01,904.645,-22.6277,62.9136,76.1891,0.4843,5.3146,298.7616,-3.9707,2.1795,164.5288,166.1653,139.3365,139.3365,,179.0134,219.6105,0.5056,-23.5783,-5.8943,15.3179,1.2921,1.237,,,7.3174,0.4251,-0.6886,1.1138,-18.1348,-17.249,-16.1822,-15.5506,-14.5714,-14.3812,-14.3629,-14.7319,1.396,2.396,3.396,4.396,5.396,6.396,7.396,10.396,-14.6839,0.3445,1.4487,79.834493,-25.166907,865.05,79.834508,-25.166786,866.38,12.83,-21.6053,-22.6302,75.9197,286.6014,2.1937
2015-05-01,908.2652,-14.9702,62.7425,71.3835,0.8725,2.9276,272.196,-1.9675,0.0754,329.9868,330.2647,269.7979,269.7979,0.8219,188.6621,249.9071,0.326,-15.1344,-10.4326,2.2585,1.2994,1.2632,0.3605,0.3514,9.0778,0.4186,-0.6886,1.1073,-17.3263,-17.0594,-16.3804,-15.9248,-15.0105,-14.7977,-14.7361,-14.9088,1.3894,2.3894,3.3894,4.3894,5.3894,6.3894,7.3894,10.3894,-14.8859,0.3412,1.3988,79.834503,-25.166908,867.2,79.834514,-25.166741,866.38,13.75,-11.7444,-14.9703,72.5477,262.4503,0.0706
2015-06-01,911.7276,-2.3659,70.5411,72.0575,2.5201,4.4577,301.3386,-3.4201,2.0826,385.6297,385.5826,312.0499,312.0499,0.8148,239.6874,301.4437,0.3136,-2.9432,-35.6808,10.3797,1.3062,1.3006,0.4042,0.4028,12.1257,0.2389,-0.6886,0.9275,-15.0872,-15.9256,-15.9002,-15.8358,-15.1454,-15.0358,-15.0151,-15.0988,1.2092,2.2092,3.2092,4.2092,5.2092,6.2092,7.2092,10.2092,-15.0929,0.3338,1.3522,79.83452,-25.166865,867.39,79.834521,-25.166695,866.38,14.42,0.3077,-2.3617,72.5216,290.6066,2.1029
2015-07-01,919.4612,1.6647,76.8296,76.8831,3.6012,3.7195,287.5576,-3.2206,1.019,318.325,318.3193,210.4307,210.4307,0.6613,270.0333,317.9756,0.4347,-0.1376,-15.6331,20.8288,1.9081,1.9135,0.7396,0.7415,15.2315,-0.0611,-0.6886,0.6275,-4.4897,-9.9464,-12.7834,-14.3653,-14.5275,-14.866,-15.0586,-15.2532,0.9096,1.9096,2.9096,3.9096,4.9096,5.9096,6.9096,9.9096,-15.2651,0.1211,1.1912,79.834534,-25.16661,866.98,79.834527,-25.166649,866.39,14.11,3.6808,1.6664,77.1635,282.385,1.037
2015-08-01,912.9649,-3.0096,77.7507,79.5074,2.6922,3.5407,282.425,-2.6263,0.5786,189.857,189.8149,141.1355,141.1355,0.7145,261.1396,299.7385,0.5653,-3.5054,-17.1531,5.5719,2.1773,2.1653,1.0258,1.0201,10.1396,-0.3396,-0.6886,0.349,-1.6162,-5.081,-8.1191,-10.874,-12.2187,-13.5403,-14.379,-15.2765,0.6311,1.6311,2.6311,3.6311,4.6311,5.6311,6.6311,9.6311,-15.3868,-0.8147,1.1201,79.834545,-25.166571,864.43,79.834534,-25.166603,866.39,13.81,-1.5644,-3.0065,80.0326,262.8201,0.5578
2015-09-01,906.3086,-12.3663,69.7307,77.4292,1.1993,4.8248,290.727,-3.6017,1.3629,67.2411,69.3155,59.2992,59.2992,,218.0822,256.0822,0.5366,-13.7229,-9.2635,18.7006,2.1816,2.1315,1.0116,0.9885,9.7583,-0.3069,-0.6886,0.3817,-8.4888,-7.7554,-8.0853,-9.5558,-10.5756,-12.0402,-13.2321,-15.0156,0.6638,1.6638,2.6638,3.6638,4.6638,5.6638,6.6638,9.6638,-15.2152,-0.9348,1.2536,79.83455,-25.166505,862.87,79.834541,-25.166557,866.4,13.48,-11.9012,-12.3751,78.6393,275.3585,1.4021
2015-10-01,901.1999,-19.609,66.8051,78.4614,0.6731,5.5628,283.198,-4.6791,1.0973,5.3922,6.0227,5.3805,5.3805,,193.223,228.9226,0.5435,-21.017,-4.7592,24.6441,2.1939,2.1133,0.9851,0.9489,9.7399,-0.2789,-0.6886,0.4097,-14.9138,-12.1986,-10.7345,-10.7047,-10.7308,-11.6014,-12.5633,-14.5871,0.6918,1.6918,2.6918,3.6918,4.6918,5.6918,6.6918,9.6918,-14.7951,-0.9481,1.2946,79.834555,-25.166461,862.09,79.834547,-25.166511,866.4,12.76,-19.5668,-19.5938,77.7176,275.1883,1.0747
2015-11-01,898.5284,-24.57,62.8928,77.4702,0.4097,5.9873,298.0513,-4.8477,2.5831,0.0,0.0,0.0015,0.0015,,177.1418,210.9246,0.5448,-26.1006,-3.4016,27.5037,2.0659,1.9701,0.8549,0.815,9.7217,-0.1405,-0.6886,0.5481,-18.8132,-16.2305,-13.9231,-12.7889,-11.8965,-12.068,-12.5853,-14.2514,0.8302,1.8302,2.8302,3.8302,4.8302,5.8302,6.8302,9.8302,-14.349,-0.9589,1.3169,79.834552,-25.166384,860.85,79.834554,-25.166466,866.41,12.51,-24.5089,-24.5674,75.4157,293.1325,2.5736
2015-12-01,896.7323,-28.3546,63.4897,80.6519,0.3044,6.2258,302.8985,-4.2029,2.7188,0.0,0.0,0.0,0.0,,176.4952,200.9589,0.6798,-29.1799,-3.0783,14.2866,2.0139,1.9059,0.8319,0.7873,9.6916,-0.0941,-0.6886,0.5945,-18.3278,-16.598,-15.0128,-14.1042,-13.0642,-12.9055,-13.0666,-14.1265,0.8766,1.8766,2.8766,3.8766,4.8766,5.8766,6.8766,9.8766,-14.1711,-0.967,1.304,79.834579,-25.16634,862.52,79.83456,-25.16642,866.41,12.35,-28.3213,-28.3568,77.6955,290.3499,2.7278
2016-01-01,903.5561,-24.2329,66.0513,80.9986,0.4476,4.7954,284.3117,-3.8209,0.9748,0.0,0.0,0.0,0.0,,183.0735,212.5455,0.5958,-25.7129,,,1.8415,1.7573,0.7268,0.6934,9.7775,0.0276,-0.6886,0.7162,-18.7832,-17.406,-15.9407,-15.0134,-13.905,-13.6164,-13.6086,-14.2009,0.9983,1.9983,2.9983,3.9983,4.9983,5.9983,6.9983,9.9983,-14.2026,-0.9686,1.3029,79.834569,-25.166327,866.58,79.834567,-25.166373,866.41,12.19,-24.1996,-24.231,78.8917,273.3048,0.955
2016-02-01,904.6038,-27.8991,64.3055,82.5705,0.2997,4.9742,285.9838,-4.1126,1.178,0.5639,0.641,0.6904,0.6904,,181.3158,201.7315,0.728,-28.8643,-1.3444,15.9163,1.8027,1.7079,0.6083,0.5764,9.7759,0.1114,-0.6886,0.8,-19.1112,-17.8254,-16.5297,-15.6819,-14.5799,-14.2257,-14.117,-14.3624,1.0821,2.0821,3.0821,4.0821,5.0821,6.0821,7.0821,10.0821,-14.3558,-0.9774,1.3201,79.834586,-25.166208,872.81,79.834573,-25.166328,866.42,12.04,-27.8712,-27.9134,81.6356,282.9636,1.1753
2016-03-01,900.2196,-28.8852,61.8578,79.6574,0.2702,4.9531,280.4772,-4.0349,0.7462,52.9878,54.9064,39.5092,39.5092,,167.0168,197.4817,0.5981,-30.1113,-1.8351,19.1506,1.7991,1.701,0.5699,0.5389,9.7351,0.1322,-0.6886,0.8208,-20.0228,-18.5877,-17.2149,-16.3024,-15.174,-14.7539,-14.5821,-14.5784,1.1029,2.1029,3.1029,4.1029,5.1029,6.1029,7.1029,10.1029,-14.5789,-0.9614,1.3034,79.834591,-25.166241,862.17,79.83458,-25.166284,866.42,12.09,-28.6082,-28.889,77.7847,268.4956,0.7559
2016-04-01,912.2819,-20.506,60.9231,70.9081,0.5867,4.4831,274.9151,-3.6563,0.3144,177.8051,178.8847,146.788,146.788,,177.5453,225.1187,0.4099,-21.9987,-6.1774,22.1694,1.7848,1.716,0.5294,0.509,9.8923,0.1413,-0.6886,0.8299,-20.0207,-19.0745,-17.8546,-16.9386,-15.7915,-15.2855,-15.0473,-14.8306,1.112,2.112,3.112,4.112,5.112,6.112,7.112,10.112,-14.8386,-0.9596,1.2771,79.83459,-25.16615,865.39,79.834586,-25.166238,866.43,13.55,-19.3178,-20.5072,71.6096,268.9211,0.3184
2016-05-01,911.11,-12.8871,69.1066,77.5382,1.1133,3.974,297.0872,-2.0485,1.0477,303.4256,303.2872,254.5616,254.5616,0.8326,214.1481,259.5934,0.5105,-12.7759,-14.1565,-1.5339,1.7125,1.6713,0.5241,0.5116,9.9109,0.162,-0.6886,0.8506,-17.2283,-17.7458,-17.4508,-17.0381,-16.1473,-15.7082,-15.4686,-15.0966,1.1327,2.1327,3.1327,4.1327,5.1327,6.1327,7.1327,10.1327,-15.1131,-0.935,1.2652,79.834603,-25.166181,868.41,79.834593,-25.166192,866.43,14.37,-10.3201,-12.8896,77.4218,266.3278,1.0523
2016-06-01,909.8482,-1.3417,71.2981,72.1239,2.7865,4.3639,297.2165,-3.5361,1.8186,384.686,384.4572,301.0906,301.0906,0.7867,242.0622,305.6921,0.2875,-2.2188,-32.629,12.7202,1.6541,1.6503,0.5678,0.5667,10.2715,0.1139,-0.6886,0.8025,-12.8519,-15.2933,-16.0627,-16.3481,-15.915,-15.7601,-15.6686,-15.3449,1.0846,2.0846,3.0846,4.0846,5.0846,6.0846,7.0846,10.0846,-15.3553,-0.9154,1.2314,79.834605,-25.166153,869.85,79.834599,-25.166146,866.43,14.38,1.0998,-1.3435,72.0302,290.1664,1.8136
2016-07-01,914.4749,1.5425,75.4593,75.4797,3.5198,4.2457,287.5574,-3.6595,1.1579,326.5228,326.1228,204.2654,204.2654,0.6229,258.1395,316.8746,0.3155,-0.126,-20.8501,21.5732,2.1765,2.1826,1.0295,1.0324,10.1529,-0.3517,-0.6886,0.3369,-1.942,-7.6998,-11.4209,-13.7793,-14.5614,-15.156,-15.4623,-15.496,0.619,1.619,2.619,3.619,4.619,5.619,6.619,9.619,-15.5077,-1.3025,0.9296,79.83462,-25.166054,865.38,79.834606,-25.166101,866.44,14.05,3.3268,1.5605,75.5941,278.8982,1.0715
2016-08-01,906.4386,-1.7189,77.1323,78.4017,2.9088,6.1088,296.1188,-4.8258,2.3661,185.0981,184.7371,127.5953,127.5953,0.6717,245.0746,300.5671,0.3406,-3.0732,-21.3898,24.4397,2.2804,2.2728,1.295,1.2906,10.6787,-0.6103,-0.6886,0.0783,-1.3061,-4.2895,-7.2062,-10.1,-11.7506,-13.3372,-14.3721,-15.411,0.3604,1.3604,2.3604,3.3604,4.3604,5.3604,6.3604,9.3604,-15.6353,-0.6903,0.3772,79.834612,-25.166076,868.17,79.834612,-25.166054,866.44,13.84,-1.0532,,,,
2016-09-01,903.3189,-11.0122,78.4426,86.4822,1.478,4.7783,281.5339,-3.9892,0.8141,67.8778,68.5308,51.6715,51.6108,,218.1346,260.7339,0.4724,-12.5125,-1.7161,22.2153,2.3143,2.267,1.3402,1.3129,20.0146,-0.6891,-0.7072,0.0182,-8.6494,-7.596,-7.725,-9.1083,-10.1726,-11.7479,-13.0508,-15.0188,0.2817,1.2817,2.2817,3.2817,4.2817,5.2817,6.2817,9.2817,-15.4894,-0.832,0.5028,79.834617,-25.166033,864.86,79.834619,-25.166008,866.45,13.62,-10.7751,,,,
2016-10-01,905.9126,,74.4249,87.687,,,,,,,,,,,,,,,,,2.2985,2.2209,1.3411,1.2959,16.0873,-0.6594,-0.7073,0.048,-15.3344,-12.7309,-10.9688,-10.6673,-10.5684,-11.3981,-12.38,-14.4944,0.3114,1.3114,2.3114,3.3114,4.3114,5.3114,6.3114,9.3114,-14.9816,-0.9113,0.6191,79.83463,-25.166011,869.38,79.834626,-25.165963,866.45,13.01,,,,,
2016-11-01,,,,,,,,,,,,,,,,,,,,,2.1257,2.0514,1.2374,1.1944,14.8292,-0.5177,-0.7073,0.1896,-16.3955,-14.8283,-13.3391,-12.5974,-11.8355,-12.0079,-12.5069,-14.1354,0.453,1.453,2.453,3.453,4.453,5.453,6.453,9.453,-14.439,,,,,,79.834632,-25.165917,866.46,,,,,,
2016-12-01,,,,,,,,,,,,,,,,,,,,,2.0652,1.9624,1.2233,1.1624,12.4097,-0.4624,-0.7073,0.2449,-19.3827,-16.7905,-14.7871,-13.7569,-12.7729,-12.6933,-12.9207,-14.0058,0.5083,1.5083,2.5083,3.5083,4.5083,5.5083,6.5083,9.5083,-14.1841,,,,,,79.834639,-25.165871,866.46,,,,,,
2017-01-01,,,,,,,,,,,,,,,,,,,,,2.0404,1.9143,1.1907,1.1171,9.8352,-0.4171,-0.7073,0.2902,-21.7471,-18.9079,-16.6236,-15.2099,-13.8868,-13.485,-13.4572,-14.0432,0.5536,1.5536,2.5536,3.5536,4.5536,5.5536,6.5536,9.5536,-14.1319,,,,,,79.834645,-25.165825,866.46,,,,,,
2017-02-01,,,,,,,,,,,,,,,,,,,,,1.9575,1.8485,1.1162,1.0552,8.784,-0.3506,-0.7073,0.3567,-22.8765,-20.3727,-18.116,-16.5389,-15.0097,-14.3507,-14.1044,-14.2166,0.6202,1.6202,2.6202,3.6202,4.6202,5.6202,6.6202,9.6202,-14.2315,,,,,,79.834652,-25.165781,866.47,,,,,,
2017-03-01,,,,,,,,,,,,,,,,,,,,,1.958,1.847,1.0641,1.0038,8.2325,-0.325,-0.7073,0.3823,-23.3973,-21.149,-19.0535,-17.5106,-15.9594,-15.1751,-14.7845,-14.4767,0.6457,1.6457,2.6457,3.6457,4.6457,5.6457,6.6457,9.6457,-14.4404,,,,,,79.834658,-25.165736,866.47,,,,,,
2017-04-01,910.8268,,67.9871,84.9968,,,,,,,,,,,,,,,,,1.9171,1.8258,1.0532,1.0031,8.8783,-0.314,-0.7073,0.3933,-22.816,-21.4199,-19.7478,-18.3434,-16.8295,-15.9528,-15.4668,-14.8271,0.6568,1.6568,2.6568,3.6568,4.6568,5.6568,6.6568,9.6568,-14.7532,,,79.834653,-25.165695,863.7,79.834664,-25.165691,866.48,14.47,,,,,
2017-05-01,916.4363,-13.5549,69.1272,77.776,1.0618,3.1829,273.6438,-2.5128,0.16,321.4994,320.7719,263.2119,263.2119,0.8224,192.9248,252.6711,0.3146,-14.4304,-5.9584,11.2418,1.7855,1.7407,1.0077,0.9823,11.116,-0.2605,-0.7073,0.4468,-18.9055,-19.4642,-19.0498,-18.3819,-17.2632,-16.5297,-16.0615,-15.2179,0.7103,1.7103,2.7103,3.7103,4.7103,5.7103,6.7103,9.7103,-15.136,-1.5077,0.5543,79.834673,-25.165633,868.92,79.834671,-25.165645,866.48,14.49,-10.6894,,,,
2017-06-01,910.0426,-2.2431,77.4174,78.9139,2.7974,4.2227,277.9239,-2.8512,0.3969,371.3981,370.5207,295.618,295.618,0.8009,243.6144,301.5679,0.3501,-2.8728,-21.7963,8.8849,1.8288,1.8212,1.0086,1.0044,12.7932,-0.3232,-0.7073,0.3841,-10.9252,-14.7946,-16.4765,-17.1328,-16.8098,-16.5539,-16.3242,-15.5741,0.6475,1.6475,2.6475,3.6475,4.6475,5.6475,6.6475,9.6475,-15.4863,-1.2235,0.4159,79.834671,-25.16562,866.76,79.834677,-25.165599,866.48,14.3,0.1658,,,,
2017-07-01,905.6672,0.6283,77.2436,77.519,3.4409,4.6671,284.1273,-3.8536,0.9699,329.4193,328.0478,221.7569,221.7569,0.6687,251.4803,311.9653,0.2914,-0.7937,-22.1231,21.9808,2.064,2.0668,1.1951,1.1968,12.4316,-0.5137,-0.7073,0.1936,-2.2842,-7.9679,-11.6648,-14.0843,-15.0077,-15.6574,-15.9669,-15.7763,0.457,1.457,2.457,3.457,4.457,5.457,6.457,9.457,-15.7499,-1.5615,0.3469,79.834682,-25.165532,866.91,79.834684,-25.165554,866.49,14.1,2.2385,,,,
2017-08-01,905.6349,-2.8983,79.2698,81.0387,2.796,4.7111,290.7972,-3.8706,1.4701,189.8074,186.67,132.6002,132.5632,0.6812,247.0506,296.4462,0.4134,-4.1169,-12.6605,16.6673,2.2496,2.2376,1.4147,1.4071,9.3669,-0.7253,-0.734,0.0087,-1.3376,-4.1047,-7.175,-10.229,-12.0525,-13.7,-14.7621,-15.682,0.2454,1.2454,2.2454,3.2454,4.2454,5.2454,6.2454,9.2454,-15.9122,-3.4644,0.2294,79.834687,-25.165521,868.42,79.834691,-25.165507,866.49,13.86,-2.0092,,,,
2017-09-01,906.596,-12.0326,80.1769,88.1473,1.4525,4.6649,270.4409,-3.3226,0.0256,67.9877,66.6324,56.4621,56.4621,,229.4989,257.6815,0.627,-13.5057,-1.6347,20.2866,2.0367,1.9907,1.2942,1.2651,9.357,-0.5799,-0.7354,0.1556,-7.6203,-7.5359,-7.8387,-9.271,-10.4119,-12.0128,-13.3526,-15.2572,0.3909,1.3909,2.3909,3.3909,4.3909,5.3909,6.3909,9.3909,-15.6399,-3.599,0.2945,79.834695,-25.16547,866.36,79.834697,-25.165461,866.5,13.55,-11.7565,,,,
2017-10-01,904.7646,-18.4636,80.2439,92.6828,0.9003,4.1832,273.2161,-3.5508,0.1995,5.5721,5.434,4.7066,4.7066,,210.4033,232.8527,0.6828,-20.0888,1.2957,21.9829,1.8918,1.8264,1.1374,1.0983,9.3203,-0.4141,-0.7354,0.3213,-10.0427,-9.7508,-9.4157,-9.9567,-10.3426,-11.4281,-12.5539,-14.7082,0.5566,1.5566,2.5566,3.5566,4.5566,5.5566,6.5566,9.5566,-15.0267,-3.7038,0.3368,79.834702,-25.165427,866.11,79.834704,-25.165416,866.5,12.82,-18.5483,,,,
2017-11-01,911.0,-24.9691,71.7108,89.3013,0.4359,5.0816,271.9064,-3.9975,0.1331,0.0,0.0,0.0034,0.0034,,185.2704,209.9461,0.6596,-26.4353,0.0203,25.5474,1.8823,1.7939,1.1293,1.0763,9.3716,-0.3874,-0.7354,0.348,-13.0927,-11.9487,-10.9425,-10.8813,-10.7613,-11.433,-12.2817,-14.257,0.5833,1.5833,2.5833,3.5833,4.5833,5.5833,6.5833,9.5833,-14.5317,-3.7421,0.337,,,,79.83471,-25.16537,866.51,12.55,-25.0389,,,,
2017-12-01,902.6586,-25.0838,75.425,93.7306,0.4645,5.0137,287.0695,-3.6187,1.1112,0.0,0.0,0.0,0.0,,185.427,210.0436,0.67,-26.4459,0.9715,23.0086,1.8364,1.7497,1.1016,1.0496,9.282,-0.3515,-0.7354,0.3839,-15.2865,-13.9848,-12.6778,-12.1511,-11.5869,-11.8579,-12.4036,-13.9899,0.6192,1.6192,2.6192,3.6192,4.6192,5.6192,6.6192,9.6192,-14.1921,-3.7324,0.3387,,,,79.834717,-25.165324,866.51,12.42,-25.148,,,,
2018-01-01,902.9919,-29.5358,73.622,95.1584,0.3068,4.679,291.5023,-3.504,1.3804,,,,,,,,,,,,1.8074,1.7065,1.0431,0.9848,9.278,-0.298,-0.7354,0.4374,-17.7282,-15.8972,-14.2869,-13.4303,-12.5558,-12.5144,-12.7888,-13.8914,0.6727,1.6727,2.6727,3.6727,4.6727,5.6727,6.6727,9.6727,-14.0124,-3.7649,0.329,,,,79.834723,-25.165278,866.51,12.26,-29.6117,,,,
2018-02-01,902.4643,-22.7952,80.2477,94.5849,0.6764,5.9604,256.7772,-2.8474,-0.6691,,,,,,,,,,,,1.6832,1.6102,0.9382,0.8973,9.2869,-0.2063,-0.7354,0.5291,-18.3421,-17.1092,-15.6197,-14.6232,-13.5482,-13.2678,-13.3239,-13.9676,0.7644,1.7644,2.7644,3.7644,4.7644,5.7644,6.7644,9.7644,-14.0211,-3.7231,0.3414,,,,79.83473,-25.165234,866.52,12.13,-22.8404,,,,
2018-03-01,912.0403,-28.7293,73.0349,94.5186,0.3134,4.6742,280.5291,-3.9424,0.7328,,,,,,169.7501,200.3496,0.5816,-29.195,1.3338,26.1658,1.5664,1.4815,0.7253,0.686,9.3878,-0.0357,-0.7354,0.6997,-18.0135,-17.0344,-15.9718,-15.2382,-14.2524,-13.9203,-13.8626,-14.1265,0.935,1.935,2.935,3.935,4.935,5.935,6.935,9.935,-14.1324,-3.7165,0.3167,,,,79.834736,-25.165189,866.52,12.34,-28.747,,,,
2018-04-01,906.6069,-24.0941,65.4402,80.0373,0.4515,4.0774,275.8462,-3.6015,0.3688,178.9616,176.7724,146.2492,146.2492,,163.2817,211.5484,0.3894,-25.836,-1.1469,26.0075,1.5389,1.4692,0.7216,0.6888,9.3405,-0.0307,-0.7354,0.7047,-18.7527,-17.7765,-16.6183,-15.8053,-14.8064,-14.4358,-14.3302,-14.3625,0.94,1.94,2.94,3.94,4.94,5.94,6.94,9.94,-14.3632,-3.667,0.3147,79.834736,-25.165136,864.97,79.834743,-25.165144,866.53,13.82,-22.9126,,,,
2018-05-01,902.5699,-11.9528,78.203,86.4555,1.4016,4.1952,311.9098,-1.608,1.4432,270.6763,269.7832,237.9866,237.9866,0.8759,226.0516,262.6846,0.5928,-12.119,-7.9256,3.2979,1.1458,1.1204,0.3838,0.3754,9.3096,0.2983,-0.7354,1.0338,-16.9612,-17.069,-16.5906,-16.1159,-15.26,-14.908,-14.7662,-14.6216,1.2691,2.2691,3.2691,4.2691,5.2691,6.2691,7.2691,10.2691,-14.6352,-3.515,0.3352,79.834747,-25.16512,865.45,79.834749,-25.165098,866.53,12.94,-9.7265,,,,
2018-06-01,906.1931,-4.5894,77.2872,79.9743,2.4069,4.169,313.9615,-2.4284,2.3419,355.101,354.1028,295.047,295.047,0.8374,243.3784,291.865,0.4544,-5.0874,-18.732,7.5571,1.1179,1.1084,0.3658,0.3626,9.3525,0.3102,-0.7354,1.0456,-14.9959,-15.7389,-15.8162,-15.785,-15.248,-15.0895,-15.0332,-14.8619,1.2809,2.2809,3.2809,4.2809,5.2809,6.2809,7.2809,10.2809,-14.8779,-3.3758,0.3271,79.834755,-25.165089,867.95,79.834756,-25.165052,866.53,12.6,-2.2253,,,,
2018-07-01,903.9973,-1.2307,76.6453,77.5608,2.9757,4.1098,288.88,-3.3284,1.1383,338.9205,336.5204,267.2742,267.2742,0.8002,243.4677,305.1523,0.3017,-2.0055,-23.9699,11.866,1.3134,1.3103,0.5017,0.5005,9.336,0.18,-0.7354,0.9154,-10.2583,-12.795,-14.1115,-14.8694,-14.8141,-14.9536,-15.074,-15.0484,1.1507,2.1507,3.1507,4.1507,5.1507,6.1507,7.1507,10.1507,-15.0502,-3.4946,0.2833,79.834752,-25.164949,868.51,79.834762,-25.165006,866.54,13.89,1.0314,,,,
2018-08-01,905.0134,-2.5576,81.3173,82.8576,2.9341,3.2686,275.8359,-2.7825,0.2844,203.9353,201.4199,150.2175,150.2175,0.7482,243.9494,299.4172,0.364,-3.4291,-12.1805,10.4076,1.3954,1.3887,0.6239,0.6207,9.3483,0.0599,-0.7354,0.7953,-5.7611,-9.0754,-11.2684,-12.9286,-13.5781,-14.257,-14.7275,-15.1124,1.0306,2.0306,3.0306,4.0306,5.0306,6.0306,7.0306,10.0306,-15.1102,-3.5366,0.2955,79.834765,-25.16494,867.89,79.834769,-25.16496,866.54,14.02,-1.1996,,,,
2018-09-01,905.0806,-14.8354,75.9829,86.0575,1.0874,4.2166,282.0393,-3.6802,0.7849,75.4877,74.7269,62.9398,62.9398,,204.3106,246.9343,0.4647,-16.0805,-0.5051,27.0228,1.4458,1.4058,0.644,0.6263,9.3401,-0.019,-0.7354,0.7164,-9.9305,-9.9224,-10.3939,-11.5339,-12.2395,-13.2124,-14.0086,-14.9927,0.9517,1.9517,2.9517,3.9517,4.9517,5.9517,6.9517,9.9517,-15.0083,-3.6516,0.3373,79.834769,-25.164953,867.28,79.834775,-25.164914,866.55,13.57,-14.4908,,,,
2018-10-01,902.4288,-18.1363,80.3079,93.6603,0.8884,5.5159,305.103,-3.803,2.6731,5.5863,5.5533,5.2425,5.2425,,211.7072,234.8428,0.6971,-19.4503,0.6757,20.6023,1.3386,1.2935,0.5585,0.5397,9.309,0.0805,-0.7354,0.8159,-13.6413,-12.9249,-12.2225,-12.2544,-12.2272,-12.808,-13.506,-14.7517,1.0512,2.0512,3.0512,4.0512,5.0512,6.0512,7.0512,10.0512,-14.7306,-3.6842,0.366,79.834778,-25.164833,865.55,79.834782,-25.164869,866.55,12.58,-18.1772,,,,
2018-11-01,908.2556,-24.2189,71.8232,88.3381,0.4775,4.838,288.7264,-3.5539,1.2048,0.0,0.0,0.0037,0.0037,,177.4419,211.3017,0.5469,-25.988,0.6314,26.9815,1.2555,1.1983,0.4596,0.4386,9.3622,0.1777,-0.7354,0.9131,-15.811,-14.6176,-13.5825,-13.2289,-12.8101,-13.0302,-13.489,-14.5444,1.1484,2.1484,3.1484,4.1484,5.1484,6.1484,7.1484,10.1484,-14.4929,-3.7177,0.331,,,,79.834788,-25.164823,866.55,12.48,-24.3239,,,,
2018-12-01,899.9449,-29.2002,68.3774,88.7131,0.2861,4.9947,282.2605,-4.5396,0.9865,0.0,0.0,0.0,0.0,,160.7168,195.3111,0.5429,-30.6917,0.6865,30.6647,1.2147,1.1477,0.3827,0.3616,9.2746,0.2419,-0.7354,0.9774,-18.0011,-16.4737,-15.0994,-14.3496,-13.587,-13.5001,-13.7339,-14.4664,1.2127,2.2127,3.2127,4.2127,5.2127,6.2127,7.2127,10.2127,-14.4145,-3.7481,0.3001,,,,79.834795,-25.164777,866.56,12.34,-29.2964,,,,
2019-01-01,904.6344,-32.0592,68.565,90.6221,0.2277,4.7072,277.9586,-3.8867,0.5434,0.0,0.0,0.0,0.0,,166.6835,190.8455,0.6742,-32.183,0.1875,20.9925,1.0371,0.9746,0.3669,0.3447,9.3228,0.3338,-0.7354,1.0692,-19.8662,-18.2326,-16.6302,-15.5749,-14.5329,-14.1674,-14.1758,-14.5125,1.3045,2.3045,3.3045,4.3045,5.3045,6.3045,7.3045,10.3045,-14.4798,-3.7581,0.2902,,,,79.834802,-25.164731,866.56,12.19,-32.1554,,,,
2019-02-01,902.4926,-31.9106,69.134,90.7104,0.2352,4.0315,273.1797,-3.6116,0.2006,1.2918,1.1967,1.0018,0.9996,,156.6188,185.9646,0.586,-33.7809,0.7668,29.2678,0.9511,0.8936,0.3504,0.3292,9.3073,0.3849,-0.7354,1.1204,-20.827,-19.3425,-17.8002,-16.6566,-15.4674,-14.9031,-14.7213,-14.6668,1.3557,2.3557,3.3557,4.3557,5.3557,6.3557,7.3557,10.3557,-14.6732,-3.7356,0.2834,,,,79.834808,-25.164686,866.57,12.06,-32.0218,,,,
2019-03-01,895.8172,-32.1663,69.3988,92.2325,0.2261,5.04,295.7351,-3.9577,1.9077,40.8338,39.2147,31.7442,31.7442,,157.5323,186.942,0.5958,-33.4666,0.2999,23.7179,0.9457,0.888,0.3715,0.3486,9.245,0.3692,-0.7354,1.1046,-22.0177,-20.402,-18.7798,-17.5609,-16.3017,-15.6201,-15.3036,-14.9037,1.3399,2.3399,3.3399,4.3399,5.3399,6.3399,7.3399,10.3399,-14.9486,-3.7336,0.2695,,,,79.834814,-25.164642,866.57,11.94,-32.0581,,,,
2019-04-01,907.9167,-18.6608,64.3159,74.2697,0.7124,4.493,271.4641,-3.6672,0.0937,171.1629,169.1331,142.1329,142.1329,,179.3473,230.2175,0.3611,-20.5493,-3.9755,33.575,0.95,0.9168,0.4796,0.4617,9.3782,0.3073,-0.7354,1.0428,-21.4862,-20.686,-19.4699,-18.3634,-17.1049,-16.336,-15.9131,-15.212,1.2781,2.2781,3.2781,4.2781,5.2781,6.2781,7.2781,10.2781,-15.2768,-3.6479,0.3003,79.834818,-25.164607,866.82,79.834821,-25.164596,866.58,11.79,-17.718,,,,
2019-05-01,920.5484,-9.4655,67.8693,73.2903,1.4452,2.84,284.2745,-2.0548,0.5228,307.1197,304.8625,252.947,252.947,0.8306,209.9051,266.1451,0.3256,-11.0807,-6.8007,14.7873,0.9398,0.9233,0.4929,0.4873,9.5244,0.2914,-0.7354,1.0268,-18.8133,-19.2112,-18.8894,-18.3664,-17.4496,-16.8223,-16.4253,-15.5568,1.2621,2.2621,3.2621,4.2621,5.2621,6.2621,7.2621,10.2621,-15.6327,-3.5727,0.2986,79.834817,-25.164584,867.16,79.834827,-25.164551,866.58,11.54,-7.5635,,,,
2019-06-01,914.4861,-0.3721,72.3627,73.0706,2.9988,5.0283,298.2803,-3.7997,2.0443,347.5521,347.2804,280.5203,280.5203,0.7989,252.2653,304.9105,0.3507,-2.2817,-24.8208,34.3231,1.0654,1.0649,0.4882,0.4884,9.4697,0.191,-0.7354,0.9264,-13.0719,-16.1241,-17.2843,-17.5925,-17.1778,-16.8738,-16.6526,-15.8631,1.1617,2.1617,3.1617,4.1617,5.1617,6.1617,7.1617,10.1617,-15.9074,-3.5328,0.2677,79.834805,-25.164483,868.48,79.834813,-25.164404,866.04,11.82,0.6927,,,,
2019-07-01,915.8996,0.8827,79.3933,79.5117,3.5325,3.6913,308.4492,-1.9112,1.5175,324.4305,324.7314,219.0052,219.0052,0.6843,251.7914,312.5052,0.2838,-0.6632,,,2.4758,2.4815,0.8959,0.8975,,-0.2167,-0.7354,0.5187,,,,,,,,,0.754,1.754,2.754,3.754,4.754,5.754,6.754,9.754,,-2.8461,-1.2842,79.83479,-25.164226,866.82,79.834777,-25.164153,864.98,13.58,2.9157,,,,
2019-08-01,912.7628,-0.7621,83.5287,84.4574,3.3452,4.4354,20.8279,1.413,3.7143,188.8911,188.2934,120.377,120.377,0.6449,258.2548,306.8722,0.4318,-1.8535,-10.2237,14.4624,2.6028,2.5992,1.3133,1.3114,,-0.6309,-0.7354,0.1045,,,,,,,,,0.3398,1.3398,2.3398,3.3398,4.3398,5.3398,6.3398,9.3398,,-2.2284,-3.1792,79.834781,-25.16409,865.96,79.834784,-25.164104,865.02,14.05,0.2994,-0.7579,84.7358,115.7916,3.7397
2019-09-01,907.9061,-9.7267,77.7242,83.8535,1.6709,6.1233,20.2003,1.6473,4.477,68.9404,64.9891,53.5734,53.5734,,229.7995,266.4652,0.5385,-11.2185,-4.2368,22.7753,2.548,2.5019,1.2625,1.2397,,-0.554,-0.7354,0.1814,,,,,,,,,0.4167,1.4167,2.4167,3.4167,4.4167,5.4167,6.4167,9.4167,,-2.0196,-3.3302,79.834788,-25.164036,865.16,79.834791,-25.164055,865.06,13.86,-9.5225,-9.7288,83.165,154.6686,4.4464
2019-10-01,907.538,-17.2273,67.1767,76.8489,0.8318,6.4275,2.0052,0.2056,5.8722,7.2616,5.2812,5.785,5.785,,182.4101,233.4741,0.3392,-19.6537,-2.36,44.3515,2.5341,2.4522,1.2399,1.1999,,-0.5084,-0.7354,0.2271,,,,,,,,,0.4624,1.4624,2.4624,3.4624,4.4624,5.4624,6.4624,9.4624,,-1.9773,-3.4078,79.834795,-25.164001,864.88,79.834797,-25.164007,865.09,13.14,-17.4243,-17.2235,78.8021,177.682,5.7852
2019-11-01,905.6137,-26.0481,64.0164,79.779,0.3694,5.0265,340.7086,-1.4232,4.0659,0.0,0.0,0.0027,0.0027,,171.1344,204.7946,0.5472,-27.8874,-0.8513,27.6207,2.5784,2.4518,1.2619,1.1999,,-0.5081,-0.7354,0.2273,,,,,,,,,0.4626,1.4626,2.4626,3.4626,4.4626,5.4626,6.4626,9.4626,,-1.9497,-3.4415,79.834797,-25.163965,864.65,79.834804,-25.163958,865.13,12.65,-26.3059,-26.0718,83.3728,245.8799,4.0223
2019-12-01,901.071,-26.2822,68.5358,86.2103,0.3777,4.0672,344.3779,-0.9814,3.5099,,,,,,,,,,,,2.4986,2.375,1.1902,1.1313,,-0.4334,-0.7354,0.302,,,,,,,,,0.5373,1.5373,2.5373,3.5373,4.5373,5.5373,6.5373,9.5373,,-1.9481,-3.4388,79.834811,-25.163914,864.18,79.83481,-25.163909,865.17,12.53,-26.4646,-26.2888,85.5296,226.8794,3.5143
2020-01-01,894.191,-31.4408,65.8791,87.2652,0.2254,5.6642,2.618,0.1818,3.9759,0.0,0.0,0.0,0.0,,164.2341,188.9147,0.6485,-32.838,-0.5316,20.4161,2.4944,2.3461,1.1149,1.0486,,-0.3815,-0.7354,0.354,,,,,,,,,0.5893,1.5893,2.5893,3.5893,4.5893,5.5893,6.5893,9.5893,,-1.9407,-3.4761,79.834813,-25.163877,863.15,79.834817,-25.16386,865.21,12.4,-31.6134,-31.4343,87.0182,202.4313,3.9657
2020-02-01,890.5708,-31.853,67.0765,89.3488,0.2213,6.0856,12.7009,1.1664,5.1751,1.7258,1.0979,1.2063,1.2063,,152.1669,186.5174,0.5302,-33.5011,0.262,29.6535,2.4801,2.3305,1.0993,1.0329,,-0.3645,-0.7354,0.3709,,,,,,,,,0.6062,1.6062,2.6062,3.6062,4.6062,5.6062,6.6062,9.6062,,-1.9444,-3.4751,79.834827,-25.163785,866.01,79.834823,-25.163812,865.24,12.29,-32.0819,-31.8283,89.0487,131.9477,5.1917
2020-03-01,897.4918,-31.5097,63.8248,84.0916,0.2249,7.2195,19.2451,2.2022,6.3079,49.5831,42.5484,35.1123,35.1123,,144.0455,187.7384,0.4281,-33.095,-0.5708,30.5755,2.4878,2.3393,1.1034,1.0375,,-0.3715,-0.7354,0.364,,,,,,,,,0.5993,1.5993,2.5993,3.5993,4.5993,5.5993,6.5993,9.5993,,-1.9388,-3.4662,79.834833,-25.163752,864.28,79.83483,-25.163764,865.28,12.8,-31.4233,-31.5152,85.0832,124.3282,6.2601
2020-04-01,905.2842,-17.231,64.6698,74.5762,0.7742,7.9431,18.6217,2.1719,6.4455,181.2883,178.7095,144.0236,144.0236,,183.7725,236.0871,0.359,-18.8669,-7.4263,31.5194,2.3697,2.2933,1.0448,1.0111,,-0.3351,-0.7354,0.4003,,,,,,,,,0.6356,1.6356,2.6356,3.6356,4.6356,5.6356,6.6356,9.6356,,-2.0103,-3.5282,79.834836,-25.16371,865.27,79.834836,-25.163716,865.32,14.08,-16.3995,-17.2296,76.8705,141.2498,6.4303
2020-05-01,910.4846,-11.2102,80.8962,88.1067,1.5665,5.3285,30.3539,1.9721,3.3676,278.0317,278.2142,228.408,228.408,0.849,229.0662,265.8346,0.5918,-11.4057,-9.3133,3.062,2.3103,2.2618,0.9922,0.9712,,-0.2996,-0.7354,0.4358,,,,,,,,,0.6711,1.6711,2.6711,3.6711,4.6711,5.6711,6.6711,9.6711,,-2.0103,-3.5282,79.834841,-25.163664,866.29,79.834843,-25.163667,865.36,14.64,-9.3982,-11.2158,86.0686,113.809,3.3608
2020-06-01,912.3172,-2.17,79.9285,81.3546,2.9344,4.408,15.3767,0.9417,3.4242,351.5697,354.3058,273.1259,273.1259,0.7967,253.1398,302.6485,0.4424,-2.8757,-18.8211,8.88,2.2226,2.2139,0.9404,0.9368,,-0.2567,-0.7354,0.4787,,,,,,,,,0.714,1.714,2.714,3.714,4.714,5.714,6.714,9.714,,-2.0103,-3.5282,79.834848,-25.163621,866.42,79.83485,-25.163618,865.39,14.48,0.5334,-2.1814,81.2475,136.6583,3.4127
2020-07-01,912.8449,0.64,87.6599,87.8691,3.8444,4.1254,18.649,0.9404,2.7863,247.3568,248.6353,160.3271,160.3289,0.6723,283.0037,315.1708,0.6189,-0.2607,-7.7252,10.7333,2.4914,2.4943,1.3697,1.3713,,-0.6904,-0.7568,0.0664,,,,,,,,,0.2803,1.2803,2.2803,3.2803,4.2803,5.2803,6.2803,9.2803,,-2.0103,-3.5282,79.834854,-25.163574,865.85,79.834856,-25.16357,865.43,14.13,2.2363,0.6432,88.0088,124.2832,2.784
2020-08-01,907.4597,-1.5435,85.7434,86.9038,3.255,4.9282,20.234,1.2188,3.3066,171.22,171.7822,122.0317,122.1368,0.7174,266.4493,305.2132,0.5532,-2.164,-12.8721,9.4543,2.4183,2.4114,1.5875,1.5829,,-0.8937,-0.8973,0.0036,,,,,,,,,0.077,1.077,2.077,3.077,4.0771,5.0771,6.0771,9.077,,-2.0103,-3.5282,79.834862,-25.163503,865.24,79.834863,-25.16352,865.47,13.97,-0.4766,-1.5371,86.5288,135.9663,3.3083
2020-09-01,903.774,-12.978,78.7168,87.8035,1.2973,5.031,19.67,1.5593,4.3623,61.1112,57.1602,48.7318,48.7318,,219.2564,255.7604,0.5653,-13.8565,-4.0698,14.2355,2.4509,2.3917,1.616,1.5769,,-0.8843,-0.9157,0.0314,,,,,,,,,0.0864,1.0864,2.0864,3.0864,4.0864,5.0864,6.0864,9.0864,,-2.0103,-3.5282,79.834869,-25.163444,864.52,79.834869,-25.163471,865.51,13.8,-12.618,-12.9752,86.4106,86.4847,4.3359
2020-10-01,909.219,-20.0904,69.534,82.45,0.6486,4.6036,339.921,-1.2526,3.4269,6.1844,4.6465,5.03,5.03,,191.6653,226.9571,0.5378,-21.4928,-1.1961,24.7676,2.4679,2.3751,1.6236,1.5625,,-0.8691,-0.9157,0.0466,,,,,,,,,0.1016,1.1016,2.1016,3.1016,4.1016,5.1016,6.1016,9.1016,,-2.0103,-3.5282,79.834878,-25.163411,864.56,79.834876,-25.163423,865.55,13.06,-20.2256,-20.0735,83.2016,234.8303,3.3799
2020-11-01,891.9671,-23.4562,67.759,84.0672,0.4611,6.9792,14.1722,1.4387,5.6975,0.0,0.0,0.0014,0.0014,,174.8036,214.4925,0.4907,-24.8892,-1.0119,28.9367,2.477,2.368,1.6278,1.5563,,-0.8631,-0.9157,0.0526,,,,,,,,,0.1076,1.1076,2.1076,3.1076,4.1076,5.1076,6.1076,9.1076,,-2.0103,-3.5282,79.83488,-25.163334,863.94,79.834882,-25.163374,865.58,12.73,-23.6097,-23.4582,83.9211,115.5936,5.7431
2020-12-01,906.6796,-27.5633,68.8283,88.0622,0.3285,4.5662,354.8919,-0.3115,3.4845,,,,,,,,,,,,2.4275,2.3013,1.5519,1.471,,-0.7868,-0.9157,0.1288,,,,,,,,,0.1839,1.1839,2.1839,3.1839,4.1839,5.1839,6.1839,9.1839,,-2.0103,-3.5282,79.834889,-25.163311,863.69,79.834889,-25.163325,865.62,12.55,-27.7186,-27.5994,88.8402,206.6579,3.4868
2021-01-01,910.4913,-25.3676,70.024,87.1871,0.4189,5.035,6.7343,0.4742,4.0158,0.0,0.0,0.0,0.0,,176.4932,206.944,0.5859,-27.3032,-0.2166,25.6761,2.3779,2.2644,1.4877,1.4167,,-0.741,-0.9157,0.1746,,,,,,,,,0.2297,1.2297,2.2297,3.2297,4.2297,5.2297,6.2297,9.2297,,-2.0103,-3.5282,79.834896,-25.163247,863.99,79.834896,-25.163276,865.66,12.42,-25.506,-25.3704,88.2678,155.5337,4.0095
2021-02-01,907.2126,-25.4927,67.3204,84.1227,0.3951,5.3346,343.9136,-1.0458,3.6266,1.4328,0.8031,1.1002,1.1002,,182.2146,208.2935,0.6459,-26.8873,-0.8365,22.9079,2.3259,2.2143,1.3968,1.3298,,-0.6724,-0.9157,0.2433,,,,,,,,,0.2983,1.2983,2.2983,3.2983,4.2983,5.2983,6.2983,9.2983,,-2.0103,-3.5282,79.834905,-25.163189,864.09,79.834902,-25.163229,865.7,12.3,-25.6449,-25.5168,85.238,202.5014,3.6172
2021-03-01,900.7899,-29.4598,64.8648,83.8574,0.2721,6.4822,17.265,1.6085,5.1755,41.6903,36.6939,34.0365,34.0365,,162.4212,195.2388,0.5665,-30.8065,-0.9786,22.9798,2.3202,2.191,1.4078,1.3294,,-0.661,-0.9157,0.2547,,,,,,,,,0.3097,1.3097,2.3097,3.3097,4.3097,5.3097,6.3097,9.3097,,-2.0103,-3.5282,79.834905,-25.163159,864.35,79.834908,-25.163182,865.73,12.79,-29.3472,-29.4588,85.7618,138.499,5.1476
2021-04-01,913.6252,-20.7936,65.4926,76.5027,0.6214,6.7277,19.9006,2.0485,5.6587,177.0603,174.5623,149.5335,149.6521,,173.7095,223.8074,0.3778,-22.3906,-4.8581,29.0887,2.174,2.089,1.29,1.2395,,-0.5645,-0.9157,0.3511,,,,,,,,,0.4062,1.4062,2.4062,3.4062,4.4062,5.4062,6.4062,9.4062,,-2.0103,-3.5282,79.834915,-25.1631,865.63,79.834915,-25.163133,865.77,14.08,-19.8092,-20.8011,77.6429,108.632,5.6669
2021-05-01,914.1354,-11.0001,71.1822,77.7678,1.3693,4.2962,352.8091,-0.3793,3.0061,309.3636,314.7834,251.0804,251.0804,0.8152,204.8462,264.1741,0.3322,-11.598,-13.1781,8.7972,2.1012,2.0579,1.2587,1.233,,-0.5461,-0.9157,0.3696,,,,,,,,,0.4246,1.4246,2.4246,3.4246,4.4246,5.4246,6.4246,9.4246,,-2.0103,-3.5282,79.834923,-25.163072,865.72,79.834921,-25.163084,865.81,14.63,-8.272,-10.9932,77.9306,189.6464,2.9386
2021-06-01,905.4747,-2.8673,76.8833,78.6857,2.6723,5.1875,21.0719,1.6443,4.2674,356.9905,361.215,284.7806,284.7806,0.8149,243.4345,299.9229,0.3778,-3.2499,-28.5597,6.9324,1.926,1.9158,1.2105,1.204,,-0.5237,-0.9157,0.392,,,,,,,,,0.447,1.447,2.447,3.447,4.447,5.447,6.447,9.447,,-2.0103,-3.5282,79.834928,-25.16303,866.19,79.834928,-25.163036,865.85,14.53,-0.2135,-2.8717,79.1575,93.5867,4.2578
2021-07-01,905.3868,-0.1862,77.2762,77.8166,3.2374,5.3545,10.6233,0.8574,4.571,305.8719,310.136,229.443,229.443,0.7689,257.5044,310.8902,0.3956,-1.0607,-29.1706,14.6211,2.0799,2.0793,1.2901,1.2898,,-0.6092,-0.9157,0.3065,,,,,,,,,0.3615,1.3615,2.3615,3.3615,4.3615,5.3615,6.3615,9.3615,,-2.0103,-3.5282,79.834934,-25.162985,865.94,79.834934,-25.162987,865.88,14.29,2.1075,-0.1793,77.6509,141.8961,4.4938
2021-08-01,907.909,-1.4166,82.8341,83.9617,3.1727,4.0333,2.1072,0.1037,2.8174,190.0826,190.0312,134.6111,134.6111,0.726,258.3354,305.1578,0.4636,-2.1355,-12.8147,8.7724,2.3969,2.3906,1.5753,1.5711,,-0.891,-0.9157,0.0247,,,,,,,,,0.0797,1.0797,2.0797,3.0797,4.0797,5.0797,6.0797,9.0797,,-2.0103,-3.5282,79.83494,-25.162931,865.33,79.834941,-25.162938,865.92,14.01,0.073,-1.4136,84.0356,157.0752,2.8057
2021-09-01,909.5578,-10.5004,79.8861,87.4494,1.5681,5.4876,28.088,2.0669,3.8729,59.469,57.1226,49.4332,49.4332,,240.0834,266.0777,0.6796,-11.3364,-5.6781,12.4027,2.3,2.2554,1.4699,1.4416,,-0.7631,-0.9157,0.1526,,,,,,,,,0.2077,1.2077,2.2077,3.2077,4.2077,5.2077,6.2077,9.2077,,-2.0103,-3.5282,79.834947,-25.162881,865.2,79.834948,-25.162889,865.96,13.55,-10.1221,-10.5061,86.1482,111.1536,3.8397
2021-10-01,908.6531,-19.9037,71.1233,83.2303,0.7105,5.2137,358.0181,-0.1413,4.084,5.327,4.0091,4.982,4.982,,192.5054,227.3425,0.5487,-21.4937,-1.733,25.0851,2.2894,2.2038,1.3958,1.3436,,-0.6882,-0.9157,0.2275,,,,,,,,,0.2825,1.2825,2.2825,3.2825,4.2825,5.2825,6.2825,9.2825,,-2.0103,-3.5282,79.834955,-25.162837,864.74,79.834954,-25.16284,866.0,13.01,-20.0043,-19.8921,84.0293,169.0807,4.0726
2021-11-01,906.7835,-25.881,70.8148,88.272,0.4141,4.6995,6.4326,0.4336,3.8462,,,,,,,,,,,,2.2537,2.1441,1.3953,1.3274,,-0.6503,-0.9157,0.2654,,,,,,,,,0.3204,1.3204,2.3204,3.3204,4.3204,5.3204,6.3204,9.3204,,-2.0103,-3.5282,79.834962,-25.162787,865.59,79.834961,-25.162792,866.03,12.73,-26.0291,-25.8832,88.3436,130.4332,3.8835
2021-12-01,901.7092,-24.4977,66.5458,81.9018,0.4372,5.093,352.4251,-0.5245,3.9439,0.0,0.0,0.0,0.0,,180.5784,210.9987,0.5846,-26.0882,-0.467,27.57,2.2319,2.129,1.3746,1.3113,,-0.6346,-0.9157,0.2811,,,,,,,,,0.3362,1.3362,2.3362,3.3362,4.3362,5.3362,6.3362,9.3362,,-2.0103,-3.5282,79.834967,-25.162726,864.49,79.834967,-25.162743,866.07,12.56,-24.6582,-24.5068,84.604,197.2805,4.0375
2022-01-01,894.4775,-28.7662,69.7453,89.631,0.3122,6.197,11.9897,0.9778,4.6044,0.0,0.0,0.0,0.0,,174.3884,198.7653,0.675,-29.7882,-0.6656,16.4827,2.192,2.0731,1.3544,1.2808,,-0.5928,-0.9157,0.3229,,,,,,,,,0.378,1.378,2.378,3.378,4.378,5.378,6.378,9.378,,-2.0103,-3.5282,79.834974,-25.16268,863.71,79.834974,-25.162694,866.11,12.39,-28.93,-28.7714,89.8386,168.5927,4.5949
2022-02-01,896.6656,-31.1846,64.3663,85.78,0.2173,5.4736,357.1927,-0.2413,4.9204,1.9725,1.166,1.1687,1.1687,,149.8299,187.6501,0.4873,-33.029,0.4268,32.63,2.0912,1.968,1.3337,1.2551,,-0.5265,-0.9157,0.3892,,,,,,,,,0.4443,1.4443,2.4443,3.4443,4.4443,5.4443,6.4443,9.4443,,-2.0103,-3.5282,79.834975,-25.162621,863.22,79.83498,-25.162647,866.15,12.25,-31.4125,-31.1945,86.5608,171.2002,4.94
2022-03-01,901.2255,-27.597,69.4922,86.8007,0.3724,5.1665,352.7397,-0.4273,3.3544,39.9781,35.2349,33.7618,33.7618,,172.7821,202.0226,0.6014,-28.9179,-0.8501,21.3075,2.0658,1.9578,1.2261,1.1623,,-0.4772,-0.9157,0.4385,,,,,,,,,0.4936,1.4936,2.4936,3.4936,4.4936,5.4936,6.4936,9.4936,,-2.0103,-3.5282,79.834983,-25.162534,864.93,79.834987,-25.162599,866.18,12.63,-27.3876,-27.5878,85.8188,187.1587,3.414
2022-04-01,911.4406,-25.3494,61.1697,76.6206,0.3554,4.1579,354.1275,-0.3575,3.4758,189.9021,188.1528,155.4231,155.5645,,159.15,208.3885,0.3936,-26.6409,-2.692,17.3507,2.0614,1.9631,1.1695,1.1138,,-0.4533,-0.9157,0.4624,,,,,,,,,0.5174,1.5174,2.5174,3.5174,4.5174,5.5174,6.5174,9.5174,,-2.0103,-3.5282,79.834992,-25.16254,866.47,79.834993,-25.162551,866.22,14.27,-23.9807,-25.3491,79.3035,207.8017,3.4689
2022-05-01,908.9958,-12.62,67.8032,75.3666,1.1402,4.5801,12.6505,0.7983,3.5566,320.4557,328.0031,257.6288,257.6288,0.8103,192.769,257.441,0.2741,-13.1942,-12.2653,9.4642,2.0069,1.9597,1.1632,1.1359,,-0.4623,-0.9157,0.4534,,,,,,,,,0.5084,1.5084,2.5084,3.5084,4.5084,5.5084,6.5084,9.5084,,-2.1782,-3.5974,79.834999,-25.162506,868.1,79.835,-25.162502,866.26,14.71,-9.9502,-13.451,77.1663,119.7264,3.4643
2022-06-01,910.4597,-4.4608,82.71,85.9378,2.5326,5.3845,43.9964,2.8223,2.9229,321.2382,323.5652,272.562,272.562,0.857,263.449,295.7608,0.6593,-4.3045,-17.9071,-3.4677,1.8214,1.8062,1.0057,0.9972,,-0.3209,-0.9157,0.5947,,,,,,,,,0.6498,1.6498,2.6498,3.6498,4.6498,5.6498,6.6498,9.6498,,-3.515,-4.1489,79.835008,-25.162459,868.03,79.835006,-25.162453,866.3,14.59,-1.7083,,,,
2022-07-01,909.7204,0.4396,85.6791,85.8359,3.7114,3.579,16.7436,0.8887,2.954,277.6831,283.9693,201.067,201.067,0.7441,277.721,315.525,0.5719,-0.2135,-13.3169,8.137,2.0684,2.0701,1.2309,1.2319,,-0.5511,-0.9157,0.3646,,,,,,,,,0.4196,1.4196,2.4196,3.4196,4.4196,5.4196,6.4196,9.4196,,-3.515,-4.1489,79.835011,-25.162435,866.03,79.835013,-25.162405,866.33,14.21,3.0336,,,,
2022-08-01,908.7755,-3.8722,82.018,84.4481,2.6624,3.6762,358.4233,-0.0681,2.4756,194.5673,199.3401,145.9296,146.3393,0.758,252.8045,296.5596,0.5215,-4.0696,-13.4612,2.6921,2.2898,2.2734,1.4858,1.4751,,-0.7946,-0.9157,0.1211,,,,,,,,,0.1761,1.1761,2.1761,3.1761,4.1761,5.1761,6.1761,9.1761,,-3.515,-4.1489,79.835018,-25.162368,866.71,79.83502,-25.162355,866.37,14.0,-2.0351,,,,
2022-09-01,908.4903,-8.435,82.0143,87.3439,1.9507,3.8507,9.0266,0.4673,2.9414,,,,,,254.9895,278.4771,0.6976,-8.4101,-5.5697,13.9287,2.1635,2.1303,1.3685,1.3476,,-0.673,-0.9157,0.2427,,,,,,,,,0.2977,1.2977,2.2977,3.2977,4.2977,5.2977,6.2977,9.2977,,-3.515,-4.1489,79.835027,-25.162314,866.54,79.835026,-25.162307,866.41,13.54,-7.841,,,,
2022-10-01,903.8347,-21.7699,68.5471,81.4682,0.586,4.4273,2.7642,0.1881,3.8968,,,,,,,,,,,,2.0473,1.963,1.2479,1.1965,,-0.5126,-0.9157,0.403,,,,,,,,,0.4581,1.4581,2.4581,3.4581,4.4581,5.4581,6.4581,9.4581,,-3.515,-4.1489,79.835032,-25.162251,865.68,79.835033,-25.162258,866.45,13.0,-21.8018,,,,
2022-11-01,,,,,,,,,,,,,,,,,,,,,2.0544,1.965,1.2573,1.2026,,-0.5167,-0.9157,0.3989,,,,,,,,,0.454,1.454,2.454,3.454,4.454,5.454,6.454,9.454,,,,,,,79.835039,-25.162209,866.49,,,,,,
2022-12-01,,,,,,,,,,,,,,,,,,,,,2.062,1.9583,1.2487,1.1857,,-0.505,-0.9157,0.4107,,,,,,,,,0.4657,1.4657,2.4657,3.4657,4.4657,5.4657,6.4657,9.4657,,,,,,,79.835046,-25.162161,866.52,,,,,,
2023-01-01,,,,,,,,,,,,,,,,,,,,,2.0232,1.9145,1.1621,1.0996,,-0.4421,-0.9157,0.4736,,,,,,,,,0.5286,1.5286,2.5286,3.5286,4.5286,5.5286,6.5286,9.5286,,,,,,,79.835052,-25.162111,866.56,,,,,,
2023-02-01,,,,,,,,,,,,,,,,,,,,,1.8356,1.742,0.9572,0.9096,,-0.2582,-0.9157,0.6574,,,,,,,,,0.7125,1.7125,2.7125,3.7125,4.7125,5.7125,6.7125,9.7125,,,,,,,79.835059,-25.162064,866.6,,,,,,
2023-03-01,,,,,,,,,,,,,,,,,,,,,1.7132,1.6313,0.9544,0.9088,,-0.2032,-0.9157,0.7124,,,,,,,,,0.7675,1.7675,2.7675,3.7675,4.7675,5.7675,6.7675,9.7675,,,,,,,79.835065,-25.162017,866.63,,,,,,
2023-04-01,915.0875,,63.4441,74.6894,,,,,,,,,,,,,,,,,1.7031,1.6329,0.9428,0.9039,,-0.2017,-0.9157,0.714,,,,,,,,,0.769,1.769,2.769,3.769,4.769,5.769,6.769,9.769,,,,79.83507,-25.161961,868.99,79.835072,-25.161968,866.67,14.28,,,,,
2023-05-01,903.746,-14.3373,70.9366,80.613,1.029,4.4209,21.1146,1.2961,3.3565,299.3111,310.4965,246.6179,246.9621,0.8403,201.0732,252.5948,0.4332,-14.4848,-10.2845,3.0636,1.6757,1.6311,0.8734,0.8499,,-0.1743,-0.9157,0.7414,,,,,,,,,0.7964,1.7964,2.7964,3.7964,4.7964,5.7964,6.7964,9.7964,,-3.515,-4.1489,79.835078,-25.161917,868.96,79.835078,-25.16192,866.71,14.67,-11.721,,,,
2023-06-01,908.7861,-4.2995,76.2441,78.9389,2.419,4.1193,6.5886,0.3582,3.1011,364.8031,375.1015,291.5321,291.5321,0.8127,239.1026,294.2619,0.3951,-4.6666,-20.5373,4.5233,1.6079,1.5954,0.8033,0.7972,,-0.117,-0.9157,0.7986,,,,,,,,,0.8537,1.8537,2.8537,3.8537,4.8537,5.8537,6.8537,9.8537,,-3.515,-4.1489,79.835086,-25.161878,869.76,79.835085,-25.161871,866.75,14.64,-1.0244,,,,
2023-07-01,914.7137,0.784,80.1812,80.3328,3.5474,3.6527,356.9948,-0.1615,3.0754,301.0201,309.2606,194.3181,194.3181,0.6954,265.279,315.3841,0.4261,-0.295,-16.321,12.8914,2.1885,2.1913,1.3826,1.3842,,-0.7034,-0.9157,0.2122,,,,,,,,,0.2673,1.2673,2.2673,3.2673,4.2673,5.2673,6.2673,9.2673,,-3.515,-4.1489,79.835089,-25.161838,867.92,79.835091,-25.161822,866.78,14.21,3.428,,,,
2023-08-01,910.0739,-0.4282,81.4372,82.0985,3.3433,4.3544,3.1465,0.1708,3.107,187.0479,194.5245,119.6674,119.9131,0.7083,262.8475,310.0563,0.4623,-1.1589,-17.5514,9.668,2.3935,2.3915,1.6539,1.6524,,-0.9708,-0.9752,0.0044,,,,,,,,,,0.9999,1.9999,2.9999,3.9999,4.9999,5.9999,8.9999,,-3.515,-4.1489,79.835097,-25.161792,868.59,79.835098,-25.161773,866.82,13.98,0.8766,,,,
2023-09-01,906.5292,-10.073,79.1096,85.5894,1.6624,5.0412,15.3251,0.9842,3.5916,54.7203,52.7357,46.167,46.1235,,233.1314,267.6145,0.5887,-10.9515,-7.4161,14.0721,2.4753,2.4285,1.7639,1.7308,,-1.0498,-1.0668,0.017,,,,,,,,,,0.9209,1.9209,2.9209,3.9209,4.9209,5.9209,8.9209,,-3.515,-4.1489,79.835103,-25.161726,866.67,79.835104,-25.161724,866.86,13.52,-9.728,,,,
2023-10-01,909.236,-19.0224,70.8578,84.326,0.689,5.1065,1.9073,0.1246,3.7418,,,,,,,,,,,,2.4592,2.3697,1.736,1.6728,,-0.9953,-1.0668,0.0715,,,,,,,,,,0.9754,1.9754,2.9754,3.9754,4.9754,5.9754,8.9754,,-3.515,-4.1489,79.835108,-25.161669,867.04,79.835111,-25.161676,866.9,12.91,-19.0858,,,,
2023-11-01,,,,,,,,,,,,,,,,,,,,,2.4537,2.3425,1.7484,1.6691,,-0.9793,-1.0668,0.0875,,,,,,,,,,0.9914,1.9914,2.9914,3.9914,4.9914,5.9914,8.9914,,,,,,,79.835118,-25.161627,866.94,,,,,,
2023-12-01,,,,,,,,,,,,,,,,,,,,,2.3511,2.2388,1.6232,1.5455,,-0.8662,-1.0668,0.2006,,,,,,,,,0.1223,1.1045,2.1045,3.1045,4.1045,5.1045,6.1045,9.1045,,,,,,,79.835124,-25.161578,866.97,,,,,,
2024-01-01,,,,,,,,,,,,,,,,,,,,,2.2969,2.1719,1.5744,1.4888,,-0.8052,-1.0668,0.2617,,,,,,,,,0.1656,1.1656,2.1656,3.1656,4.1656,5.1656,6.1656,9.1656,,,,,,,79.835131,-25.161529,867.01,,,,,,
2024-02-01,,,,,,,,,,,,,,,,,,,,,2.3076,2.1842,1.5773,1.4929,,-0.8134,-1.0668,0.2534,,,,,,,,,0.1573,1.1573,2.1573,3.1573,4.1573,5.1573,6.1573,9.1573,,,,,,,79.835137,-25.161481,867.05,,,,,,
2024-03-01,,,,,,,,,,,,,,,,,,,,,2.2827,2.1656,1.5589,1.479,,-0.7957,-1.0668,0.2711,,,,,,,,,0.175,1.175,2.175,3.175,4.175,5.175,6.175,9.175,,,,,,,79.835144,-25.161433,867.09,,,,,,
2024-04-01,909.6395,,65.4614,74.1281,,,,,,,,,,,,,,,,,2.2214,2.144,1.4965,1.4444,,-0.7678,-1.0668,0.299,,,,,,,,,0.2029,1.2029,2.2029,3.2029,4.2029,5.2029,6.2029,9.2029,,,,79.83515,-25.161371,868.79,79.83515,-25.161384,867.12,14.3,,,,,
2024-05-01,911.504,-12.8694,73.0344,82.015,1.1734,5.3825,26.2717,1.764,3.5736,293.4416,303.0898,244.9114,245.8258,0.8318,211.3064,258.3476,0.4804,-13.0605,-12.5108,2.6272,2.1364,2.0854,1.3972,1.3638,,-0.6991,-1.0668,0.3677,,,,,,,,,0.2716,1.2716,2.2716,3.2716,4.2716,5.2716,6.2716,9.2716,,-3.515,-4.1489,79.835161,-25.161339,869.73,79.835157,-25.161336,867.16,14.62,-10.737,,,,
2024-06-01,909.9722,-3.2958,79.9534,82.0808,2.6893,4.3215,21.1682,0.8931,2.3064,344.1078,349.0943,283.134,283.134,0.8199,252.5177,300.5218,0.4917,-3.2012,-21.7158,-2.2694,1.9137,1.9024,1.215,1.2079,,-0.5307,-1.0668,0.5361,,,,,,,,,0.44,1.44,2.44,3.44,4.44,5.44,6.44,9.44,,-3.515,-4.1489,79.835165,-25.161312,869.38,79.835163,-25.161287,867.2,14.56,-0.1711,,,,
2024-07-01,904.4368,0.2548,79.8111,80.094,3.4389,4.3283,337.8108,-1.0059,2.4662,303.9566,313.9655,218.2408,218.2408,0.7447,262.6532,314.0522,0.4214,-0.4457,-23.4087,9.8678,2.321,2.322,1.6213,1.622,,-0.9411,-1.0669,0.1257,,,,,,,,,,1.0296,2.0296,3.0296,4.0296,5.0296,6.0296,9.0296,,-3.515,-4.1489,79.835172,-25.161271,869.48,79.83517,-25.161238,867.24,14.22,2.7671,,,,
2024-08-01,902.4395,-3.6693,80.0146,82.5286,2.6215,4.712,17.3413,1.1066,3.5438,194.2325,201.3351,149.4729,150.0797,,251.3848,295.8367,0.4982,-4.1693,-17.127,6.8074,2.4212,2.4047,1.759,1.7469,,-1.0659,-1.0734,0.0075,,,,,,,,,,0.9048,1.9048,2.9048,3.9048,4.9048,5.9048,8.9048,,-3.515,-4.1489,79.835179,-25.161219,868.29,79.835176,-25.161189,867.27,14.08,-2.2039,,,,
2024-09-01,911.55,-10.4803,77.1958,84.7457,1.4971,5.1948,24.3653,1.797,3.9678,57.4742,55.0764,52.1985,52.0537,,232.8154,265.0042,0.6078,-11.511,-5.4783,14.5413,2.3639,2.3181,1.6525,1.6204,,-0.9576,-1.0766,0.1191,,,,,,,,,,1.0132,2.0132,3.0132,4.0132,5.0132,6.0132,9.0132,,-3.515,-4.1489,79.835183,-25.161161,868.14,79.835183,-25.16114,867.31,13.68,-9.9612,,,,
2024-10-01,905.5559,-17.0019,74.2966,85.9101,0.8901,4.8921,5.5263,0.4095,4.2324,,,,,,,,,,,,2.2924,2.218,1.6018,1.5498,,-0.8719,-1.0766,0.2048,,,,,,,,,0.0989,1.0989,2.0989,3.0989,4.0989,5.0989,6.0989,9.0989,,-3.515,-4.1489,79.835191,-25.161069,867.92,79.83519,-25.161092,867.35,12.97,-16.9988,,,,
2024-11-01,,,,,,,,,,,,,,,,,,,,,2.2463,2.151,1.5678,1.5012,,-0.8148,-1.0766,0.2618,,,,,,,,,0.1559,1.1559,2.1559,3.1559,4.1559,5.1559,6.1559,9.1559,,,,,,,79.835196,-25.161043,867.39,,,,,,
2024-12-01,,,,,,,,,,,,,,,,,,,,,2.1983,2.0743,1.5607,1.4726,,-0.7633,-1.0766,0.3133,,,,,,,,,0.2074,1.2074,2.2074,3.2074,4.2074,5.2074,6.2074,9.2074,,,,,,,79.835203,-25.160994,867.43,,,,,,
2025-01-01,,,,,,,,,,,,,,,,,,,,,2.1618,2.0437,1.4587,1.3789,,-0.6996,-1.0766,0.3771,,,,,,,,,0.2712,1.2712,2.2712,3.2712,4.2712,5.2712,6.2712,9.2712,,,,,,,79.835209,-25.160945,867.46,,,,,,
2025-02-01,,,,,,,,,,,,,,,,,,,,,1.7428,1.6676,1.0391,0.9943,,-0.3222,-1.0766,0.7544,,,,,,,,,0.6485,1.6485,2.6485,3.6485,4.6485,5.6485,6.6485,9.6485,,,,,,,79.835216,-25.160898,867.5,,,,,,
2025-03-01,,,,,,,,,,,,,,,,,,,,,1.7218,1.6321,1.0096,0.9574,,-0.2826,-1.0766,0.794,,,,,,,,,0.6881,1.6881,2.6881,3.6881,4.6881,5.6881,6.6881,9.6881,,,,,,,79.835222,-25.160851,867.54,,,,,,
2025-04-01,910.5905,,62.7029,77.2631,,,,,,,,,,,,,,,,,1.7007,1.62,0.9933,0.9463,,-0.271,-1.0766,0.8056,,,,,,,,,0.6997,1.6997,2.6997,3.6997,4.6997,5.6997,6.6997,9.6997,,,,79.835232,-25.160805,868.05,79.835229,-25.160802,867.57,14.32,,,,,
2025-05-01,904.0363,-11.5037,70.9477,78.4747,1.2889,5.1243,19.047,1.2692,3.6762,294.8661,306.0186,247.6757,248.8615,0.8626,211.8319,263.8014,0.4256,-11.6761,-16.0303,2.7317,1.6383,1.6033,0.9591,0.9386,,-0.2594,-1.0766,0.8172,,,,,,,,,0.7113,1.7113,2.7113,3.7113,4.7113,5.7113,6.7113,9.7113,,-3.515,-4.1489,79.835236,-25.160778,867.51,79.835235,-25.160753,867.61,14.64,-9.1371,,,,
2025-06-01,907.2472,-4.7149,80.3905,83.2303,2.4735,3.6152,357.5255,-0.0722,1.6698,344.2881,351.7897,280.2879,280.8077,0.839,247.512,295.6248,0.5034,-4.3333,-19.6066,-5.3292,1.6544,1.6403,0.9847,0.9763,,-0.2957,-1.0766,0.7809,,,,,,,,,0.675,1.675,2.675,3.675,4.675,5.675,6.675,9.675,,-3.515,-4.1489,79.835244,-25.160741,866.41,79.835242,-25.160705,867.65,14.58,-1.0394,,,,
2025-07-01,903.9717,-0.6406,78.7198,79.4162,3.1899,3.4472,350.013,-0.4551,2.5846,298.2509,306.2611,230.7587,230.7587,0.8063,261.8807,311.5557,0.4641,-0.8855,-24.1072,4.6807,1.8768,1.8746,1.2135,1.2121,,-0.5314,-1.0766,0.5452,,,,,,,,,0.4393,1.4393,2.4393,3.4393,4.4393,5.4393,6.4393,9.4393,,-3.515,-4.1489,79.835251,-25.160714,866.94,79.835248,-25.160656,867.69,14.36,2.479,,,,
2025-08-01,907.0583,-1.8791,82.5803,83.8358,3.071,4.3601,7.5,0.4438,3.3713,176.6069,180.0251,140.0778,140.3884,,269.3648,304.362,0.5938,-2.3962,-18.5468,7.8438,2.0895,2.0821,1.4376,1.4325,,-0.7522,-1.0766,0.3244,,,,,,,,,0.2185,1.2185,2.2185,3.2185,4.2185,5.2185,6.2185,9.2185,,-3.515,-4.1489,79.835256,-25.160663,866.31,79.835255,-25.160607,867.73,14.05,-0.4976,,,,
2025-09-01,909.0565,-12.0369,76.9741,85.0845,1.362,4.1799,355.9249,-0.2513,3.5269,59.2923,57.3866,53.6456,53.6549,,222.3123,258.1627,0.5577,-13.2607,-3.8291,15.8494,2.1257,2.0784,1.4532,1.4209,,-0.7451,-1.0766,0.3315,,,,,,,,,0.2256,1.2256,2.2256,3.2256,4.2256,5.2256,6.2256,9.2256,,-3.515,-4.1489,79.835263,-25.160588,866.72,79.835261,-25.160558,867.76,13.72,-11.4769,,,,
2025-10-01,901.0185,-16.4583,72.7453,83.5923,0.9296,7.2898,18.7197,2.0144,5.9446,5.3846,4.336,5.7523,5.6183,,203.9594,241.1451,0.5397,-17.692,,,2.0095,1.9458,1.3496,1.3068,,-0.6222,-1.0766,0.4544,,,,,,,,,0.3485,1.3485,2.3485,3.3485,4.3485,5.3485,6.3485,9.3485,,-3.515,-4.1489,79.835271,-25.160549,865.4,79.835268,-25.160509,867.8,12.92,-16.4123,,,,
2025-11-01,,,,,,,,,,,,,,,,,,,,,2.0291,1.9385,1.3566,1.2961,,-0.6135,-1.0766,0.4631,,,,,,,,,0.3572,1.3572,2.3572,3.3572,4.3572,5.3572,6.3572,9.3572,,,,,,,79.835275,-25.160461,867.84,,,,,,
2025-12-01,,,,,,,,,,,,,,,,,,,,,1.9909,1.8991,1.3269,1.2657,,-0.5791,-1.0766,0.4975,,,,,,,,,0.3916,1.3916,2.3916,3.3916,4.3916,5.3916,6.3916,9.3916,,,,,,,79.835281,-25.160412,867.88,,,,,,
2026-01-01,,,,,,,,,,,,,,,,,,,,,1.9888,1.9006,1.303,1.2452,,-0.5686,-1.0766,0.508,,,,,,,,,0.4021,1.4021,2.4021,3.4021,4.4021,5.4021,6.4021,9.4021,,,,,,,79.835288,-25.160363,867.91,,,,,,
2026-02-01,,,,,,,,,,,,,,,,,,,,,1.9677,1.859,1.297,1.2253,,-0.5397,-1.0766,0.5369,,,,,,,,,0.431,1.431,2.431,3.431,4.431,5.431,6.431,9.431,,,,,,,79.835294,-25.160315,867.95,,,,,,
2026-03-01,,,,,,,,,,,,,,,,,,,,,1.7184,1.6358,1.0093,0.9608,,-0.2829,-1.0766,0.7938,,,,,,,,,0.6879,1.6879,2.6879,3.6879,4.6879,5.6879,6.6879,9.6879,,,,,,,79.8353,-25.160268,867.99,,,,,,
