time,p_u,t_u,rh_u,rh_u_wrt_ice_or_water,qh_u,wspd_u,wdir_u,wspd_x_u,wspd_y_u,dsr,dsr_cor,usr,usr_cor,albedo,dlr,ulr,cc,t_surf,dlhf_u,dshf_u,z_boom_u,z_boom_cor_u,z_stake,z_stake_cor,z_pt,z_pt_cor,z_surf_combined,z_ice_surf,snow_height,rainfall_u,rainfall_cor_u,t_i_1,t_i_2,t_i_3,t_i_4,t_i_5,t_i_6,t_i_7,t_i_8,d_t_i_1,d_t_i_2,d_t_i_3,d_t_i_4,d_t_i_5,d_t_i_6,d_t_i_7,d_t_i_8,t_i_10m,tilt_x,tilt_y,rot,gps_lat,gps_lon,gps_alt,lat,lon,alt,batt_v,t_rad,t_i,rh_i_wrt_ice_or_water,wdir_i,wspd_y_i
2008-03-01,,,40.6168,47.8226,,,,,,,,,,,,,,,,,,,,,,,,,,,,,,,,,,,,,,,,,,,,,,,,,,,,,,,,,,,
2008-04-01,940.404,-13.4389,47.5566,53.3389,,3.5298,,,,159.4696,150.1936,118.6678,,0.7985,189.5152,240.2045,,-17.789,,,2.6544,,0.4046,,,10.8032,,,,,,-16.3483,-14.6252,-13.9032,-13.1838,-12.4794,-11.6682,-10.9666,-8.9703,,,,,,,,,,-5.0781,3.2336,,74.625076,-21.376023,659.88,,,,,,,,,
2008-05-01,941.6507,-4.7776,51.5776,53.5024,,2.748,,,,274.1776,265.6109,205.6022,,0.8116,229.3258,280.3405,,-7.784,,,2.5788,,0.3863,,,10.6119,,,,,,-10.0642,-13.3097,-13.3483,-12.9883,-12.4708,-11.7695,-11.1422,-9.2629,,,,,,,,,,-4.8101,3.0691,,74.62507,-21.376015,660.75,,,,,,,,,
2008-06-01,940.1511,4.2152,58.0614,58.0732,,3.0721,,,,285.5918,277.4795,168.9758,170.3573,0.6446,272.228,317.1275,,0.6135,,,2.638,,1.0631,,,9.8371,,,,,,0.8637,-3.1519,-7.8974,-10.273,-11.1437,-11.1552,-10.8694,-9.3246,,,,,,,,,,-5.4341,1.2108,,74.625064,-21.375987,660.71,,,,,,,,,
2008-07-01,936.7878,6.6136,56.6687,56.6687,,4.0706,,,,274.8247,270.0882,72.941,72.941,0.2868,276.2288,319.6892,,1.158,,,2.6685,,2.286,,,8.3844,,,,,,2.8212,3.0654,-0.5167,-4.8663,-7.6647,-9.1218,-9.7967,-9.3803,,,,,,,,,,-4.6871,-0.526,,74.62505,-21.375936,659.48,,,,,,,,,
2008-08-01,932.6727,4.1677,61.5851,61.6061,,3.9181,,,,154.7557,147.0121,52.2467,54.161,0.405,277.4883,314.7287,,0.0393,,,2.6578,,3.4701,,,6.9382,,,,,,0.8384,1.1242,1.6407,-0.2417,-3.252,-5.7588,-7.4856,-8.9013,,,,,,,,,,-9.0249,-0.2195,,74.62503,-21.375889,657.82,,,,,,,,,
2008-09-01,928.1336,-2.3604,69.4858,70.8069,,3.4864,,,,69.6659,65.8589,37.7818,36.8039,0.4713,256.3614,291.4548,,-5.3442,,,2.5356,,3.5645,,,6.739,,,,,,-0.6822,0.6909,-0.6521,-0.7961,-2.0592,-3.7875,-5.4871,-8.0102,,,,,,,,,,-9.1067,0.4445,,74.625023,-21.375873,655.95,,,,,,,,,
2008-10-01,925.7983,-12.0159,47.9422,52.7458,,5.2159,,,,16.8268,14.7053,12.4425,,0.4604,196.5001,242.488,,-17.2095,,,2.3686,,3.3674,,,6.7493,,,,,,-5.6111,-4.0069,-6.6675,-6.5398,-5.3889,-4.9728,-5.3704,-7.1593,,,,,,,,,,-9.1183,0.49,,74.625019,-21.375856,655.05,,,,,,,,,
2008-11-01,928.965,-17.0634,52.938,61.2976,,4.5679,,,,-0.865,0.1484,0.2032,0.0316,0.4604,185.3721,227.0557,,-21.4124,,,2.4375,,3.5021,,,6.7112,,,,,,-11.9321,-11.7791,-12.7095,-12.8504,-10.1855,-8.021,-6.9873,-6.864,,,,,,,,,,-9.1124,0.5311,,74.625011,-21.375846,654.22,,,,,,,,,
2008-12-01,922.3106,-13.9962,55.1014,61.6834,,5.1222,,,,-0.9509,0.0,0.0,0.0,0.4604,204.2281,238.1854,,-18.5493,,,2.3721,,3.0422,,,6.7348,,,,,,-13.7118,-14.2835,-14.4345,-14.1233,-12.8548,-10.9669,-9.3543,-7.2614,,,,,,,,,,-9.0401,0.5344,,74.625009,-21.375831,655.25,,,,,,,,,
2009-01-01,922.0819,-14.6341,60.7753,67.4848,,4.2847,,,,-0.8038,0.0124,0.0232,0.0012,0.4604,206.818,235.9365,,-19.3403,,,2.2829,,2.7592,,,6.7281,,,,,,-14.2446,-14.7551,-14.9872,-14.6571,-13.5389,-11.9994,-10.5,-7.9933,,,,,,,,,,-8.956,0.5441,,74.624999,-21.375823,656.26,,,,,,,,,
2009-02-01,932.3292,-19.7246,53.564,63.3072,,3.7209,,,,5.4323,3.9927,3.7027,,0.4604,175.919,213.3747,,-25.3572,,,2.1764,,2.7033,,,6.738,,,,,,-13.4844,-14.0416,-14.265,-13.8215,-13.1622,-12.2652,-11.0676,-8.6003,,,,,,,,,,-9.0007,0.577,,74.62499,-21.375809,653.65,,,,,,,,,
2009-03-01,931.2016,-19.2212,47.3634,56.2914,,3.4012,,,,60.1642,45.7512,39.8886,,0.4604,175.4478,215.208,,-24.7667,,,2.1951,,2.6455,,,6.7416,,,,,,-14.4001,-14.957,-15.0856,-14.6498,-13.7077,-12.6927,-11.4377,-9.0431,,,,,,,,,,-8.957,0.5671,,74.624987,-21.375798,655.36,,,,,,,,,
2009-04-01,934.7947,-15.8673,49.5097,56.4932,,3.0588,,,,162.1417,131.8299,115.1624,,0.8455,194.3681,233.058,,-19.8243,,,2.1634,,2.6953,,,6.7526,,,,,,-14.2512,-14.8129,-14.9152,-14.4052,-13.8057,-13.0907,-11.8987,-9.43,,,,,,,,,,-8.8372,0.5141,,74.624976,-21.375789,655.28,,,,,,,,,
2009-05-01,930.6747,-1.3452,61.0864,62.0903,,2.742,,,,260.5541,239.7512,187.8279,,0.8643,251.8256,297.7108,,-3.7377,,,2.1584,,1.8139,,,6.8186,,,,,,-7.315,-7.5992,-8.0122,-7.4184,-10.3994,-11.9869,-11.68,-9.748,,,,,,,,,,-8.5246,0.3655,,74.624973,-21.375771,657.62,,,,,,,,,
2009-06-01,938.097,1.109,67.0647,67.3362,,2.5894,,,,281.8679,273.9705,170.2425,173.2213,0.7052,266.6048,311.0684,,-0.7123,,,2.4555,,1.614,,,6.7943,,,,,,0.7354,0.5654,-0.3267,0.6881,-3.1747,-7.4137,-8.9953,-9.636,,,,,,,,,,-8.3492,0.0452,,74.624966,-21.375761,657.74,,,,,,,,,
2009-07-01,940.8569,6.1528,61.3674,61.3696,,4.4533,,,,239.7058,238.0821,55.7587,55.7587,0.2762,289.4657,319.4211,,1.011,,,2.6702,,2.433,,,5.6122,,,,,,2.5782,3.4191,1.6278,3.1864,3.0994,-2.1721,-5.053,-8.6658,,,,,,,,,,-7.6917,-1.9056,,74.62495,-21.375735,656.96,,,,,,,,,
2009-08-01,936.0035,3.0735,66.4111,66.4514,,3.2062,,,,146.5875,143.7521,55.4575,57.4206,0.4295,278.1845,313.9024,,-0.1489,,,2.6654,,1.9966,,,4.3249,,,,,,1.6058,2.91,1.6402,1.7808,3.0204,1.6419,-1.1112,-6.9109,,,,,,,,,,-6.8791,-1.8862,,74.624933,-21.375689,655.63,,,,,,,,,
2009-09-01,923.6069,-4.9107,60.3992,62.9393,,3.8828,,,,75.0567,73.8178,41.6253,40.742,0.3515,233.3898,280.552,,-7.6964,,,2.604,,1.0666,,,4.1713,,,,,,-3.4473,-3.3531,-4.009,-3.4643,-3.1892,-3.5829,-3.198,-5.4686,,,,,,,,,,-6.8769,-1.7405,,74.624926,-21.375671,654.34,,,,,,,,,
2009-10-01,934.1246,-12.1519,50.0712,55.956,,3.9096,,,,15.4051,13.4288,12.5606,8.7767,0.3221,198.3168,239.1551,,-18.0571,,,2.4201,,0.3677,,,4.0722,,,,,,-7.9094,-7.6092,-8.4336,-7.5017,-6.9841,-7.6072,-6.7308,-5.6669,,,,,,,,,,-7.1249,-1.7916,,74.624922,-21.375652,654.01,,,,,,,,,
2009-11-01,927.5031,-14.5254,55.9704,63.1234,,3.6564,,,,-0.7193,0.1856,0.2537,0.0414,0.3221,196.898,233.2241,,-19.8233,,,2.3139,,0.5091,,,4.0575,,,,,,-9.7954,-9.4687,-10.2486,-9.2809,-8.6082,-9.5605,-8.8033,-6.5641,,,,,,,,,,-7.1795,-1.8559,,74.624914,-21.375634,653.61,,,,,,,,,
2009-12-01,938.8913,-11.5175,53.7751,57.6705,,4.5655,,,,-0.9868,0.0,0.0,0.0,0.3221,211.3413,244.8133,,-16.9411,,,2.2444,,0.0685,,,4.0325,,,,,,-10.6277,-10.2018,-11.0339,-10.1534,-9.4625,-10.5906,-9.8966,-7.4455,,,,,,,,,,-7.169,-1.9038,,74.624912,-21.375634,652.74,,,,,,,,,
2010-01-01,929.3456,-14.1492,54.2521,60.1152,,3.2026,,,,-0.882,0.0209,0.0273,0.0108,0.3221,210.4253,235.8728,,-19.2505,,,2.1363,,0.0,,,4.0007,,,,,,-11.5984,-11.0391,-11.8331,-10.935,-10.1711,-11.3875,-10.6345,-8.0862,,,,,,,,,,-7.2136,-1.9256,,74.62491,-21.375618,654.38,,,,,,,,,
2010-02-01,939.8518,-16.8769,48.6478,56.0495,,4.2236,,,,4.7618,3.5663,4.0495,,0.3221,175.624,221.4928,,-22.8748,,,2.1589,,0.0,,,3.9741,,,,,,-12.9405,-12.3651,-13.0968,-12.12,-11.2977,-12.3955,-11.3919,-8.634,,,,,,,,,,-7.2498,-1.9442,,74.624902,-21.375618,655.86,,,,,,,,,
2010-03-01,935.3297,-19.1376,45.379,54.1685,,3.5552,,,,57.5475,53.7252,47.3797,,0.3221,170.0168,213.5436,,-25.1247,,,2.1608,,0.0,,,3.9128,,,,,,-14.9007,-14.3239,-14.984,-14.0031,-13.2259,-14.2322,-12.976,-9.2765,,,,,,,,,,-7.2829,-1.9709,,74.624895,-21.375599,653.46,,,,,,,,,
2010-04-01,934.9185,-11.7532,55.2148,60.9214,,3.7977,,,,149.9601,144.5363,127.5329,,0.8782,205.3418,249.5874,,-15.4228,,,2.0869,,0.0,,,3.9127,,,,,,-13.2227,-12.5671,-13.2889,-12.4519,-11.8187,-13.0522,-12.7226,-10.0015,,,,,,,,,,-7.1521,-2.0345,,74.624893,-21.375589,654.72,,,,,,,,,
2010-05-01,939.9941,-4.1128,66.496,68.8021,,3.1827,,,,246.8635,239.3503,195.9493,,0.8562,244.1262,289.5429,,-5.6316,,,2.3776,,0.2031,,,4.4234,,,,,,-10.0298,-11.1221,-11.8808,-11.6047,-10.9472,-11.1713,-10.7934,-9.0515,,,,,,,,,,-3.1062,-0.776,,74.624843,-21.375683,655.66,,,,,,,,,
2010-06-01,936.6524,3.0637,64.301,64.4473,,2.29,,,,284.509,276.6799,168.0088,170.1128,0.6192,275.1151,318.3874,,0.853,,,2.6223,,0.577,,,4.544,,,,,,-1.2457,-5.9782,-8.8636,-10.3455,-10.5102,-10.4552,-9.9923,-8.4506,,,,,,,,,,-0.6928,0.1632,,74.62479,-21.375774,656.03,,,,,,,,,
2010-07-01,932.0927,6.8968,54.5748,54.5748,,3.3634,,,,273.3206,262.513,74.1243,74.1644,0.2999,279.9038,324.1238,,2.1049,,,2.658,,1.8978,,,3.425,,,,,,2.7168,0.9307,-3.041,-6.2872,-7.9466,-8.9425,-9.1825,-8.4655,,,,,,,,,,-0.913,0.2633,,74.624777,-21.375756,654.57,,,,,,,,,
2010-08-01,936.9534,3.8886,58.2111,58.2738,,3.1478,,,,168.969,165.3874,55.451,59.7881,0.3617,271.129,316.2294,,0.4,,,2.6565,,2.2716,,,2.0731,,,,,,1.0478,0.8453,0.5575,-1.952,-4.4216,-6.4653,-7.6033,-8.2462,,,,,,,,,,-0.9628,0.4168,,74.624757,-21.375743,653.57,,,,,,,,,
2010-09-01,936.3186,-2.5691,69.6389,71.1534,,3.1463,,,,64.5106,62.8911,43.0869,42.1728,0.7815,263.9228,292.6646,,-5.0353,,,2.6448,,1.385,,,1.7155,,,,,,-3.6561,-3.9283,-3.923,-3.5545,-3.6656,-4.8548,-5.9809,-7.6314,,,,,,,,,,-0.9244,0.4362,,74.624743,-21.375706,651.8,,,,,,,,,
2010-10-01,933.453,-10.308,56.2216,60.7723,,4.237,,,,14.605,12.1611,9.8365,9.098,0.8191,226.0903,256.5204,,-13.7037,,,2.5863,,1.2713,,,1.4569,,,,,,-9.2211,-9.5779,-10.0397,-8.4505,-6.5973,-6.1196,-6.1126,-7.0062,,,,,,,,,,-0.9481,0.4564,,74.624739,-21.37569,650.85,,,,,,,,,
2010-11-01,935.0641,-14.2015,45.009,50.0702,,3.8513,,,,-2.3095,0.1172,0.1702,0.0392,0.8191,186.3204,231.2866,,-20.2318,,,2.5701,,1.2625,,,1.1166,,,,,,-15.7031,-16.1223,-17.4366,-15.7382,-11.7396,-9.2949,-7.826,-6.8557,,,,,,,,,,-0.9517,0.4659,,74.624734,-21.375665,651.05,,,,,,,,,
2010-12-01,937.3984,-13.2997,47.6489,53.0131,,5.5923,,,,-2.4377,0.0,0.0,0.0,0.8191,196.6064,241.1566,,-17.5778,,,2.6405,,1.3214,,,1.3441,,,,,,-17.0076,-16.9635,-17.306,-16.1393,-13.6111,-11.6977,-10.0036,-7.3463,,,,,,,,,,-0.9601,0.4738,,74.62473,-21.375666,651.65,,,,,,,,,
2011-01-01,930.4546,-16.0121,45.5762,51.893,,4.9368,,,,-2.0865,0.0045,0.0081,0.0014,0.8191,195.1062,230.9974,,-20.345,,,2.6572,,1.3266,,,1.2488,,,,,,-19.3943,-20.5193,-20.849,-18.6967,-15.3037,-13.087,-11.298,-8.0812,,,,,,,,,,-0.9549,0.4682,,74.624722,-21.375661,650.06,,,,,,,,,
2011-02-01,922.0479,-12.7939,63.8581,71.0107,,4.5644,,,,4.1863,2.6306,2.2921,,0.8191,228.9735,247.6341,,-16.152,,,2.5202,,1.1866,,,1.4789,,,,,,-16.2094,-16.1185,-15.7012,-16.305,-15.3432,-14.0591,-12.4751,-8.7819,,,,,,,,,,-0.943,0.4634,,74.624722,-21.375646,652.26,,,,,,,,,
2011-03-01,920.3957,-19.0668,50.7923,59.9114,,4.802,,,,54.451,37.4571,28.3277,,0.8191,183.7872,222.0502,,-22.8359,,,2.53,,1.1862,,,1.2496,,,,,,-17.8568,-18.0609,-18.6063,-17.7233,-15.5125,-14.0185,-12.6572,-9.3767,,,,,,,,,,-0.9629,0.4739,,74.624717,-21.375638,650.77,,,,,,,,,
2011-04-01,918.3013,-12.5196,58.4511,64.6102,,3.6333,,,,135.8255,131.97,110.0397,,0.8361,226.346,252.8415,,-14.6852,,,2.4717,,1.0737,,,1.6265,,,,,,-15.7028,-15.7587,-15.3687,-15.9622,-15.2732,-14.373,-13.1625,-9.8372,,,,,,,,,,-0.9309,0.4575,,74.624707,-21.375619,651.64,,,,,,,,,
2011-05-01,938.5569,-4.6818,57.4615,59.7138,,3.5004,,,,254.2527,226.0116,184.4989,,0.8447,240.668,285.5143,,-6.5382,,,2.4608,,0.4584,,,9.9164,,,,,,-7.1468,-10.7804,-12.1578,-12.7725,-12.183,-12.2455,-11.4056,-8.8651,,,,,,,,,,-6.4734,3.4471,,74.624703,-21.375623,654.62,,,,,,,,,
2011-06-01,942.309,2.7751,59.1672,59.3373,,2.7439,,,,311.8817,300.6587,168.8521,,0.6155,262.1208,314.1983,,-0.0161,,,2.5189,,0.4197,,,11.2455,,,,,,-0.1313,-4.0965,-7.9728,-10.0888,-10.5921,-11.1654,-10.7634,-8.7898,,,,,,,,,,-7.6252,3.6337,,74.624697,-21.37562,654.91,,,,,,,,,
2011-07-01,936.7227,5.9145,63.2822,63.2825,,2.6225,,,,268.9187,243.4957,58.9751,59.4334,0.2814,282.4813,323.2646,,1.9004,,,2.6377,,0.6257,,,9.9178,,,,,,1.0676,1.5634,-0.73,-4.3165,-6.67,-8.9331,-9.4774,-8.4947,,,,,,,,,,-7.783,1.9321,,74.624687,-21.375616,653.98,,,,,,,,,
2011-08-01,938.8447,3.3314,66.9598,67.0373,,2.959,,,,144.9494,146.4993,46.8564,47.2274,0.3556,280.9362,317.6356,,0.6585,,,2.6576,,0.2454,,,8.3815,,,,,,0.4263,0.3592,0.5012,-0.1475,-1.5569,-5.4058,-7.0124,-7.7334,,,,,,,,,,-7.0007,-6.1025,,74.624672,-21.375597,652.04,,,,,,,,,
2011-09-01,928.5445,-2.2231,57.6767,58.8174,,3.5336,,,,65.5014,56.9763,39.6592,34.4716,0.5655,244.0692,291.6418,,-5.0925,,,2.5884,,0.2389,,,8.0857,,,,,,-3.7561,-4.0929,-4.4671,-4.3105,-1.6006,-4.0019,-5.1727,-6.6231,,,,,,,,,,-7.766,-7.6895,,74.624669,-21.375585,650.27,,,,,,,,,
2011-10-01,929.2363,-11.8145,60.6319,66.9279,,4.8224,,,,11.8425,9.0721,10.7953,,0.512,225.6984,252.5272,,-14.7757,,,2.3906,,0.0,,,8.0968,,,,,,-9.1847,-9.6021,-11.7958,-13.1773,-7.4815,-6.6031,-5.9536,-5.9233,,,,,,,,,,-8.075,-7.7058,,74.624667,-21.375566,650.2,,,,,,,,,
2011-11-01,922.9181,-13.6925,58.9854,65.9458,,3.938,,,,-1.533,0.1285,0.2109,0.0379,0.512,211.945,241.0654,,-17.7369,,,2.1226,,0.019,,,8.1017,,,,,,-10.7765,-10.7566,-11.4516,-11.5411,-9.1977,-8.9934,-8.0541,-6.0253,,,,,,,,,,-8.0881,-7.7524,,74.624657,-21.37555,648.56,,,,,,,,,
2011-12-01,917.0383,-16.5507,56.7852,65.3313,,4.7767,,,,-1.6931,0.0,0.0,0.0,0.512,200.4853,231.4548,,-20.3736,,,2.0738,,0.1872,,,8.0935,,,,,,-12.0448,-12.1582,-12.873,-13.1231,-10.2873,-9.8688,-8.9643,-6.483,,,,,,,,,,-8.1587,-7.8047,,74.624661,-21.375549,650.6,,,,,,,,,
2012-01-01,922.8263,-12.8161,65.0496,72.2539,,4.945,,,,-1.229,0.0053,0.0052,0.0033,0.512,228.4795,248.9858,,-15.8055,,,1.6014,,0.3025,,,8.0975,,,,,,-11.5919,-11.4435,-11.7556,-11.5012,-9.931,-10.1785,-9.5945,-6.9011,,,,,,,,,,-8.0338,-7.8517,,74.624656,-21.375537,650.27,,,,,,,,,
2012-02-01,921.3294,-17.5482,51.6677,60.0845,,4.3771,,,,3.13,2.2845,3.5695,,0.512,190.8084,225.29,,-21.957,,,1.5508,,0.3304,,,8.0899,,,,,,-11.9272,-11.8365,-12.2616,-12.1216,-9.9633,-10.1215,-9.6651,-7.145,,,,,,,,,,-8.0385,-7.9855,,74.624648,-21.375537,647.57,,,,,,,,,
2012-03-01,924.7231,-15.5296,60.8796,68.9382,,3.8222,,,,49.1231,41.1802,46.0557,,0.512,207.4915,237.7836,,-18.6662,,,1.338,,0.4152,,,8.0898,,,,,,-12.0859,-11.9266,-12.2056,-11.8876,-10.9999,-10.4289,-9.9362,-7.29,,,,,,,,,,-7.899,-7.9765,,74.624651,-21.375504,651.22,,,,,,,,,
2012-04-01,937.3951,-16.1155,49.6059,57.5302,,2.8143,,,,147.0389,142.9546,133.2573,,0.9241,185.9665,235.5935,,-18.9613,,,1.4631,,0.4122,,,11.0609,,,,,,-14.0165,-14.3385,-12.9518,-11.8438,-13.786,-10.3774,-9.8744,-7.7568,,,,,,,,,,-7.7019,-7.8584,,74.624642,-21.375482,649.99,,,,,,,,,
2012-05-01,938.677,-5.7898,52.3782,54.7891,,3.2217,,,,267.6204,263.6523,243.6572,,0.9042,223.1708,281.2536,,-7.5203,,,1.4528,,0.4488,,,14.7272,,,,,,-8.3467,-8.0385,-11.4602,-11.3144,-10.9569,-10.3927,-9.8041,-8.3328,,,,,,,,,,-7.4036,-7.7239,,74.624637,-21.375454,650.92,,,,,,,,,
2012-06-01,940.1011,3.4971,64.7217,64.7691,,2.5442,,,,296.4132,285.7515,199.3709,,0.74,279.2909,320.982,,1.4135,,,2.0735,,1.0822,,,14.7057,,,,,,0.5602,0.5828,0.2565,-3.8151,-7.3608,-8.8149,-9.2047,-8.4394,,,,,,,,,,-8.3722,-7.6033,,74.624633,-21.37546,652.79,,,,,,,,,
2012-07-01,935.1855,5.518,65.7492,65.7627,,3.3279,,,,249.5517,218.0708,67.8768,67.726,0.3565,294.5505,323.5506,,1.881,,,2.6504,,2.4232,,,13.8148,,,,,,1.5252,1.6704,2.2367,2.2654,-2.2262,-5.0263,-6.899,-8.1706,,,,,,,,,,-10.0326,-7.1901,,74.624622,-21.37545,650.87,,,,,,,,,
2012-08-01,934.295,4.5562,58.9195,58.938,,4.3632,,,,168.2104,157.659,48.642,49.5144,0.3679,281.264,319.3962,,1.0472,,,2.6143,,3.7582,,,12.2367,,,,,,0.7272,0.9174,1.1368,2.0085,1.2478,-0.9124,-3.3987,-7.2291,,,,,,,,,,-9.5101,-5.2613,,74.624609,-21.375424,649.87,,,,,,,,,
2012-09-01,928.1907,-3.5748,55.3434,57.0069,,4.1614,,,,81.1304,61.9236,39.2575,,0.6039,239.1284,284.9496,,-6.6412,,,2.5892,,2.8446,,,11.9103,,,,,,-5.5003,-6.3024,-5.8785,-5.3733,-7.1136,-5.7879,-4.5159,-6.1175,,,,,,,,,,-10.3915,-4.6055,,74.624599,-21.375404,648.77,,,,,,,,,
2012-10-01,937.0363,-8.8133,53.4486,57.3219,,4.2184,,,,13.8501,10.309,8.8748,7.2318,0.5664,223.155,259.4121,,-12.8992,,,2.5375,,0.1359,,,11.9167,,,,,,-8.8836,-9.4292,-9.2004,-8.4678,-10.235,-9.2367,-7.5767,-6.1311,,,,,,,,,,-10.5841,-4.6682,,74.624596,-21.375389,647.84,,,,,,,,,
2012-11-01,931.1199,-14.9597,48.5098,55.1618,,4.7509,,,,-2.3795,0.0501,0.0923,0.0127,0.5664,198.6627,236.509,,-18.8636,,,2.5493,,1.2456,,,11.9131,,,,,,-14.8226,-16.4699,-15.4046,-15.9064,-18.5011,-15.6132,-11.8197,-7.0544,,,,,,,,,,-10.7809,-4.7613,,74.624597,-21.375376,648.44,,,,,,,,,
2012-12-01,935.2591,-16.2886,46.9994,53.4287,,4.3489,,,,-2.7373,0.0,0.0,0.0,0.5664,187.1814,228.1238,,-21.0927,,,2.5535,,1.1752,,,11.9234,,,,,,-15.6981,-16.598,-16.0305,-15.9081,-17.8646,-16.0883,-13.7367,-8.7321,,,,,,,,,,-10.8089,-4.7878,,74.624585,-21.375383,644.59,,,,,,,,,
2013-01-01,928.031,-16.0876,50.5952,57.3838,,3.5895,,,,-2.2113,0.0015,0.0062,0.0,0.5664,204.7063,229.8041,,-20.8482,,,2.4029,,0.2253,,,11.9299,,,,,,-16.4788,-17.1288,-16.788,-16.4451,-17.6629,-16.8883,-15.1747,-10.0994,,,,,,,,,,-10.8218,-4.8004,,74.624589,-21.375362,647.63,,,,,,,,,
2013-02-01,933.3202,-18.0518,58.0022,66.2826,,3.1001,,,,4.4609,3.0512,2.9554,,0.5664,202.9334,224.8075,,-22.348,,,2.3495,,0.0889,,,11.9459,,,,,,-16.6974,-17.4252,-17.0111,-16.7848,-17.967,-17.1248,-15.5186,-11.0665,,,,,,,,,,-10.8868,-4.7981,,74.624586,-21.375353,647.17,,,,,,,,,
2013-03-01,948.2036,-17.5465,48.3115,56.3244,,3.9848,,,,62.4572,48.4374,35.7303,34.0219,0.5664,186.2093,227.5737,,-21.2174,,,2.3832,,0.0803,,,11.9734,,,,,,-17.7862,-18.6811,-18.097,-18.2348,-19.0797,-18.3322,-16.5496,-11.803,,,,,,,,,,-10.9355,-4.8105,,74.624573,-21.375353,646.12,,,,,,,,,
2013-04-01,934.5872,-14.038,42.6499,48.2972,,3.632,,,,168.546,148.4043,110.3889,,0.7701,187.9693,243.0243,,-16.9858,,,2.4091,,0.1114,,,11.9812,,,,,,-16.8928,-17.3249,-17.154,-16.6953,-17.3736,-17.2878,-16.386,-12.496,,,,,,,,,,-10.7857,-4.7541,,74.624571,-21.375344,648.28,,,,,,,,,
2013-05-01,937.3466,-5.6202,58.8015,61.6641,,3.0463,,,,257.724,242.6723,164.6805,,0.7618,234.5978,287.2809,,-6.0839,,,2.4211,,0.3463,,,11.9931,,,,,,-9.2944,-8.6718,-9.419,-7.0571,-7.7973,-9.8475,-12.2926,-12.2796,,,,,,,,,,-10.3846,-4.6048,,74.624568,-21.375315,650.36,,,,,,,,,
2013-06-01,931.4481,4.1225,58.0303,58.0771,,2.96,,,,308.8483,307.6054,100.4901,100.5688,0.3916,271.5091,320.858,,1.438,,,2.6265,,0.8966,,,11.4068,,,,,,1.2831,1.6294,1.8534,3.4168,1.7376,1.3227,-3.0406,-10.3805,,,,,,,,,,-8.2774,-4.9383,,74.624563,-21.375299,650.77,,,,,,,,,
2013-07-01,932.9372,5.1089,61.1684,61.1686,,3.4979,,,,250.5229,246.5976,55.2697,55.2746,0.2596,284.4713,322.5981,,1.7419,,,2.6363,,2.1624,,,9.7921,,,,,,1.4329,1.8859,2.5553,4.2059,1.7791,2.0458,1.9043,-6.3576,,,,,,,,,,-7.6729,-6.7447,,74.62455,-21.375259,649.25,,,,,,,,,
2013-08-01,928.6099,2.6267,64.4463,64.5244,,3.8568,,,,132.3884,130.1464,42.1462,43.7863,0.3633,287.7613,317.3263,,0.5525,,,2.6274,,2.8297,,,8.5386,,,,,,0.6305,0.4274,0.6925,1.685,0.4447,0.4973,0.3987,-2.1724,,,,,,,,,,-4.7732,-7.4229,,74.624538,-21.37522,648.16,,,,,,,,,
2013-09-01,929.921,-2.0649,72.9433,74.3242,,4.7581,,,,56.965,53.6442,45.253,,0.7947,280.4086,299.3723,,-3.5077,,,2.2387,,0.2685,,,8.3087,,,,,,-1.2268,-1.6267,-1.4959,-0.1509,-1.9752,-1.6624,-1.9654,-2.5409,,,,,,,,,,-2.5303,-7.62,,74.624531,-21.375205,647.32,,,,,,,,,
2013-10-01,933.9492,-13.6272,61.3244,69.1212,,4.3307,,,,13.4434,10.8026,11.7585,,0.7971,208.8303,242.9355,,-17.2007,,,1.958,,0.0,,,8.2174,,,,,,-4.5878,-4.7804,-4.8285,-3.1844,-5.0295,-4.9459,-5.0263,-4.2112,,,,,,,,,,-2.5325,-7.6694,,74.624527,-21.375194,646.64,,,,,,,,,
2013-11-01,923.1662,-19.5544,47.4961,56.8572,,4.7062,,,,-2.1552,0.0833,0.1975,0.0,0.7971,175.6723,218.8479,,-23.6054,,,2.0102,,0.0,,,8.1864,,,,,,-9.49,-9.6881,-9.7399,-8.1642,-10.1592,-9.9065,-10.0666,-7.8485,,,,,,,,,,-2.62,-7.7508,,74.624529,-21.375183,647.65,,,,,,,,,
2013-12-01,921.9479,-14.6087,64.8787,72.588,,5.6121,,,,-1.6455,0.0,0.0,0.0,0.7971,215.0765,243.0393,,-17.3682,,,1.93,,0.0,,,8.1828,,,,,,-11.4912,-11.7653,-11.7905,-10.2021,-12.219,-11.9332,-12.1222,-10.4627,,,,,,,,,,-2.6683,-7.7609,,74.624527,-21.375176,647.43,,,,,,,,,
2014-01-01,932.132,-10.646,63.1986,69.2227,,4.6912,,,,-1.7936,0.0146,0.0233,0.002,0.7971,224.808,254.4326,,-14.2824,,,1.6648,,0.0,,,8.201,,,,,,-11.0968,-11.3502,-11.3759,-9.7642,-11.5603,-11.4743,-11.5495,-10.5398,,,,,,,,,,-2.6255,-7.7296,,74.624513,-21.375163,645.18,,,,,,,,,
2014-02-01,927.6726,-15.6763,49.8741,56.9495,,4.1421,,,,4.0246,2.6222,3.9829,,0.7971,191.2017,230.0818,,-20.6423,,,1.4349,,0.0,,,8.2079,,,,,,-10.5481,-10.8181,-10.8173,-9.2094,-11.0125,-10.9134,-11.0077,-10.2181,,,,,,,,,,-2.5977,-7.7634,,74.624509,-21.375153,644.61,,,,,,,,,
2014-03-01,925.372,-17.1685,59.0553,67.9021,,4.229,,,,51.171,43.1573,42.532,,0.7971,201.7816,232.2118,,-20.14,,,1.409,,0.0,,,8.2125,,,,,,-11.5793,-11.917,-11.8608,-10.3599,-12.1672,-11.9899,-12.1552,-10.9755,,,,,,,,,,-2.5943,-7.774,,74.624509,-21.375136,648.12,,,,,,,,,
2014-04-01,931.7026,-15.497,48.5805,54.8803,,2.9263,,,,163.212,144.9372,126.5083,,0.8631,187.47,236.5293,,-18.7284,,,1.3556,,0.0,,,8.2259,,,,,,-12.8585,-12.0303,-11.7329,-10.4737,-11.3594,-11.0455,-10.8904,-9.8669,,,,,,,,,,-2.481,-7.7155,,74.6245,-21.375126,645.72,,,,,,,,,
2014-05-01,938.2319,-6.7185,56.9108,59.956,,2.7012,,,,280.0949,290.2931,244.8915,,0.8963,222.1315,279.1024,,-8.0238,,,1.317,,,,,8.2362,,,,,,-9.6629,-11.1627,-10.9315,-10.4361,-9.8437,-9.2488,-8.6691,-7.3903,,,,,,,,,,-2.0704,-7.5268,,74.624505,-21.375131,649.56,,,,,,,,,
2014-06-01,938.6988,3.094,61.735,61.8659,,2.7153,,,,329.9514,346.2789,234.6964,234.6964,0.7493,266.1619,318.3555,,0.9067,,,1.8296,,,,,8.2358,,,,,,0.0573,-3.2895,-7.0218,-8.4318,-8.8965,-8.7465,-8.5357,-7.5239,,,,,,,,,,-2.2202,-7.5847,,74.624501,-21.375132,648.93,,,,,,,,,
2014-07-01,936.2459,4.7405,64.8192,64.8194,,3.4539,,,,238.6992,233.0947,77.4087,77.4087,0.352,288.2941,321.8821,,1.5592,,,2.598,,,,,7.856,,,,,,1.3912,4.6715,-1.9888,-4.7935,-6.6546,-7.3579,-7.9206,-7.5618,,,,,,,,,,-4.5609,-5.4439,,74.624493,-21.375128,648.64,,,,,,,,,
2014-08-01,936.7233,3.2484,61.4919,61.5562,,3.5376,,,,145.7353,144.2019,53.3941,56.3205,0.3891,279.6382,316.1137,,0.3192,,,2.6114,,,,,6.7694,,,,,,0.565,5.1796,0.4714,-1.5846,-3.8545,-5.1724,-6.4922,-7.3328,,,,,,,,,,-2.1367,-4.4047,,74.624483,-21.375093,646.99,,,,,,,,,
2014-09-01,928.8559,-4.5753,58.3732,60.4649,,3.9151,,,,65.9508,60.4066,50.3125,,0.7787,249.3218,282.9365,,-7.2524,,,2.5374,,,,,6.5378,,,,,,-4.7017,-0.3942,-5.7328,-4.0855,-4.0231,-4.2117,-5.3173,-6.8168,,,,,,,,,,-1.9346,-4.679,,74.624478,-21.375071,645.53,,,,,,,,,
2014-10-01,932.5046,-9.1491,63.6923,68.6915,,6.0038,,,,12.05,9.7286,10.571,,0.7629,232.1279,262.4769,,-12.2528,,,2.4441,,,,,6.5388,,,,,,-8.146,-3.7176,-8.8605,-7.3432,-6.3338,-5.3736,-5.6255,-6.3878,,,,,,,,,,-2.0609,-4.7237,,74.624473,-21.375062,644.39,,,,,,,,,
2014-11-01,930.3686,-11.5142,56.3225,60.4922,,3.2386,,,,-1.8829,0.097,0.2224,0.0007,0.7629,213.532,247.6555,,-16.1506,,,2.417,,,,,6.5542,,,,,,-13.0303,-9.9312,-14.5584,-11.6733,-9.2705,-7.2246,-6.671,-6.3202,,,,,,,,,,-2.0567,-4.7284,,74.62451,-21.375057,637.64,,,,,,,,,
2014-12-01,924.3843,-18.883,58.1412,67.3732,,4.8062,,,,-2.0247,0.0,0.0,0.0,0.7629,184.0435,222.1186,,-22.9707,,,2.0841,,,,,6.5664,,,,,,-11.5081,-7.9251,-11.7664,-10.881,-9.8895,-8.4717,-7.9091,-6.6148,,,,,,,,,,-2.008,-4.6232,,74.624516,-21.375057,637.4,,,,,,,,,
2015-01-01,921.0191,-13.6177,67.6275,75.7921,,5.7593,,,,-1.2155,0.0064,0.0172,0.0,0.7629,225.6807,248.3391,,-15.9582,,,1.7165,,,,,6.5611,,,,,,-11.549,-8.1212,-11.574,-11.1238,-10.2488,-8.9074,-8.4199,-7.014,,,,,,,,,,-1.8512,-4.5195,,74.624516,-21.375057,637.4,,,,,,,,,
2015-02-01,919.0382,-22.6951,50.4304,60.1653,,4.866,,,,3.208,2.4084,3.429,,0.7629,167.9023,210.1724,,-26.3415,,,1.507,,,,,6.5576,,,,,,-11.4065,-7.8933,-11.5392,-10.8479,-10.1103,-9.0516,-9.1265,-7.8036,,,,,,,,,,-1.6982,-4.4024,,74.624516,-21.375057,637.4,,,,,,,,,
2015-03-01,920.3389,-15.5935,58.9859,67.7375,,5.4886,,,,46.0005,40.2795,38.47,,0.7629,206.5389,238.5683,,-18.3413,,,1.5821,,,,,6.5769,,,,,,-11.9634,-8.6912,-12.0928,-11.3808,-10.5111,-9.4019,-8.898,-7.5659,,,,,,,,,,-1.6244,-4.3703,,74.624462,-21.374996,646.48,,,,,,,,,
2015-04-01,923.6835,,53.3352,59.5287,,,,,,,,,,0.8836,,,,,,,1.6041,,,,,,,,,,,-11.8826,-8.7025,-11.9516,-11.4252,-10.6758,-9.6585,-9.1216,-7.7487,,,,,,,,,,,,,74.624454,-21.375005,646.0,,,,,,,,,
2015-05-01,934.478,-8.1715,59.5089,63.6301,,1.7684,,,,284.4297,265.3688,208.6992,,0.8356,219.3703,276.3729,,-8.6767,,,1.5703,,0.3448,,,18.0955,,,,,,-10.9056,-10.5316,-10.0407,-9.3998,-9.0649,-8.5319,-7.8324,-6.9309,,,,,,,,,,-5.1176,0.5714,,74.624456,-21.375037,645.71,,,,,,,,,
2015-06-01,937.1892,3.1925,55.1844,55.2422,,3.1173,,,,334.9331,324.9076,216.552,217.7311,0.7499,260.2462,318.3115,,0.9373,,,1.9117,,0.688,,,18.0809,,,,,,-7.0966,-8.8401,-9.3023,-8.8233,-9.0484,-8.6126,-7.9388,-7.0528,,,,,,,,,,-5.3805,0.8634,,74.624454,-21.375021,645.5,,,,,,,,,
2015-07-01,943.3792,6.2676,61.5298,61.5298,,3.771,,,,244.121,234.0255,61.5776,61.6179,0.2782,292.432,323.9412,,1.9832,,,2.6829,,2.1314,,,17.3743,,,,,,-0.0762,-3.6621,-5.9324,-6.1248,-8.2077,-8.2559,-7.7484,-7.1516,,,,,,,,,,-5.7058,4.5351,,74.624446,-21.375003,644.86,,,,,,,,,
2015-08-01,937.5153,2.5443,66.5677,66.7895,,4.1326,,,,127.2814,95.0778,37.2693,40.4841,0.3954,291.1905,315.6697,,0.1414,,,2.6916,,3.2381,,,16.1997,,,,,,0.7621,-0.2136,-1.8846,-2.3942,-6.2631,-7.0557,-6.9807,-7.1305,,,,,,,,,,-5.4191,4.9812,,74.624431,-21.374971,642.55,,,,,,,,,
2015-09-01,933.4182,-3.6844,62.5435,64.5118,,3.0846,,,,69.2795,,,,0.6497,257.4077,287.6273,,-6.115,,,2.6543,,3.2503,,,15.9993,,,,,,-3.9352,-3.8638,-2.9039,-1.4006,-5.064,-5.824,-5.9256,-6.8865,,,,,,,,,,-5.3104,5.1781,,74.624427,-21.37496,641.7,,,,,,,,,
2015-10-01,928.3893,-9.3573,60.5224,64.903,,4.3125,,,,14.6278,8.0907,6.3126,5.7913,0.6497,224.2851,259.0449,,-13.1472,,,2.3766,,2.9527,,,15.9979,,,,,,-6.5969,-6.4811,-4.9685,-2.5131,-5.5812,-5.7502,-5.4913,-6.5379,,,,,,,,,,-5.5053,5.4141,,74.624433,-21.374959,643.77,,,,,,,,,
2015-11-01,923.1213,-12.9921,58.2013,64.5635,,5.3721,,,,-1.4568,0.1587,0.1929,0.0529,0.6497,213.6221,246.0693,,-16.4522,,,2.2829,,2.8526,,,15.9941,,,,,,-7.919,-7.9611,-6.4286,-3.5597,-6.3814,-6.1766,-5.5953,-6.3107,,,,,,,,,,-5.6445,5.5768,,74.624427,-21.374943,642.4,,,,,,,,,
2015-12-01,,,40.6679,47.3141,,,,,,,0.0,0.0,0.0,0.6497,,,,,,,2.307,,2.8706,,,,,,,,,-23.366,-23.3382,-49.6879,-47.8318,-13.5421,-13.2587,-54.1505,-53.2414,,,,,,,,,,0.5674,-1.3315,,74.624436,-21.374805,636.41,,,,,,,,,
2016-01-01,,,,,,,,,,,0.0,0.0,0.0,0.6497,,,,,,,,,,,,,,,,,,,,,,,,,,,,,,,,,,,-1.6068,1.1486,,,,,,,,,,,,,
2016-02-01,,,56.5609,69.2511,,,,,,,,,,0.6497,,,,,,,,,,,,,,,,,,,,,,,,,,,,,,,,,,,-4.3168,4.1494,,,,,,,,,,,,,
2016-03-01,927.4022,-15.8992,57.0745,65.4155,,3.194,,,,61.1605,,,,0.6497,203.901,233.0854,,-19.8662,,,1.8694,,2.4281,,,15.997,,,,,,-11.5492,-11.5898,-10.3068,-7.0887,-9.4811,-8.7188,-7.4998,-6.782,,,,,,,,,,-5.549,5.5099,,74.624399,-21.37489,636.67,,,,,,,,,
2016-04-01,940.7426,-10.6385,50.1767,54.2925,,3.4856,,,,174.6374,,,,0.7066,201.2458,255.211,,-13.916,,,1.8879,,2.4421,,,16.0111,,,,,,-11.0006,-11.0843,-10.1268,-7.1474,-9.6463,-8.9627,-7.7673,-6.9624,,,,,,,,,,-5.4445,5.3634,,74.624403,-21.37492,640.9,,,,,,,,,
2016-05-01,936.2623,-3.9808,63.8333,66.0387,,3.6292,,,,256.0641,179.4513,146.622,,0.7983,247.1037,292.2056,,-4.9935,,,1.8655,,0.5143,,,16.0154,,,,,,-8.9204,-9.1723,-9.1857,-6.7807,-9.5625,-9.0527,-7.9463,-7.1671,,,,,,,,,,-5.276,5.0945,,74.624401,-21.374913,642.17,,,,,,,,,
2016-06-01,936.1757,4.2931,54.6206,54.695,,3.2176,,,,343.8896,276.0595,177.4708,,0.6582,262.9306,319.5003,,1.1801,,,2.3118,,0.9594,,,15.9808,,,,,,-0.9166,-1.4256,-4.8228,-4.6149,-8.5557,-8.6307,-7.8187,-7.2964,,,,,,,,,,-5.5368,5.1772,,74.6244,-21.374896,643.46,,,,,,,,,
2016-07-01,939.8362,6.7027,58.7754,58.7754,,4.2872,,,,276.7451,,,,0.423,285.5867,324.2106,,2.0871,,,2.703,,2.3504,,,14.9846,,,,,,2.9429,2.4541,2.374,0.9908,-4.9226,-6.4848,-6.6083,-7.1806,,,,,,,,,,-11.4686,8.4064,,74.624386,-21.37488,643.09,,,,,,,,,
2016-08-01,933.9019,4.8812,51.1452,51.1505,,4.0545,,,,182.2891,,,,0.3538,266.5337,320.003,,1.2859,,,2.6927,,3.4335,,,13.777,,,,,,1.423,1.3847,1.6041,3.7687,-1.4258,-3.6501,-4.604,-6.8095,,,,,,,,,,-6.0326,5.6793,,74.624365,-21.37488,639.93,,,,,,,,,
2016-09-01,929.489,-2.2979,58.851,60.0586,,4.6941,,,,67.1398,42.0755,28.2207,,0.5255,254.1383,292.8203,,-4.876,,,2.6365,,3.4566,,,13.4677,,,,,,-3.8112,-3.8339,-3.4266,-0.9092,-3.2323,-3.4149,-3.535,-6.0744,,,,,,,,,,-2.2979,3.8634,,74.624357,-21.37488,638.46,,,,,,,,,
2016-10-01,935.6323,-4.2098,64.0198,66.1664,,3.1587,,,,13.71,6.877,4.8698,4.3816,0.5255,261.7889,283.651,,-7.1129,,,2.4949,,3.2919,,,13.4645,,,,,,-6.0301,-6.1961,-5.7312,-3.19,-5.8206,-5.2222,-4.4105,-5.6301,,,,,,,,,,-2.2944,3.9342,,74.624358,-21.374845,635.05,,,,,,,,,
2016-11-01,928.7022,-9.627,64.7991,70.2646,,4.4647,,,,-1.2814,0.1102,0.1685,0.0111,0.5255,236.4167,260.9487,,-12.6338,,,2.2852,,3.0332,,,13.4648,,,,,,-6.1948,-6.486,-6.096,-3.6223,-6.3963,-5.9353,-5.0779,-5.6318,,,,,,,,,,-2.427,4.1707,,74.624352,-21.374856,636.37,,,,,,,,,
2016-12-01,921.4203,-16.17,58.2879,66.8924,,4.3841,,,,-1.8744,0.0,0.0,0.0,0.5255,198.2791,232.6708,,-19.9451,,,2.2855,,2.9959,,,13.4569,,,,,,-10.0516,-10.1232,-9.9027,-7.5869,-9.0919,-7.5331,-6.0,-5.7713,,,,,,,,,,-2.4843,4.3133,,74.624348,-21.374911,637.05,,,,,,,,,
2017-01-01,,,49.3475,58.0482,,,,,,,0.0,0.0,0.0,0.5255,,,,,,,2.1931,,2.9515,,,,,,,,,-18.3157,-18.6233,-72.4523,-71.7794,-14.3722,-12.9215,-102.8399,-94.3433,,,,,,,,,,-0.0795,0.0758,,74.62435,-21.374922,637.0,,,,,,,,,
2017-02-01,,,65.9867,75.929,,,,,,,,,,0.5255,,,,,,,2.0951,,2.7799,,,,,,,,,-16.0977,-16.0214,-20.1219,-19.0277,-14.4561,-12.8089,-16.9709,-15.1274,,,,,,,,,,-1.8259,2.76,,74.624329,-21.374909,634.16,,,,,,,,,
2017-03-01,927.7824,-18.3457,39.2961,45.4328,,3.5948,,,,60.8784,,,,0.5255,176.6665,220.2638,,-23.2993,,,2.1017,,2.772,,,13.4658,,,,,,-12.9344,-13.0059,-12.9453,-12.1361,-12.5204,-11.1228,-9.2944,-7.269,,,,,,,,,,-2.4624,4.3107,,74.624337,-21.374831,635.08,,,,,,,,,
2017-04-01,938.0965,-14.8538,53.2109,60.3834,,3.1913,,,,160.9543,,,,0.6706,192.26,240.6438,,-17.7381,,,2.0735,,2.7742,,,13.481,,,,,,-12.8977,-13.0068,-12.8807,-12.1984,-12.8668,-11.6785,-9.909,-7.7704,,,,,,,,,,-2.4085,4.203,,74.624337,-21.374847,637.27,,,,,,,,,
2017-05-01,944.394,-3.9924,58.0952,60.0688,,2.1522,,,,266.5089,207.3648,161.0508,,0.7644,242.2463,292.0274,,-5.0468,,,2.1345,,,,,13.5309,,,,,,-7.336,-7.7241,-7.1858,-5.6064,-9.5461,-10.245,-9.5244,-8.1742,,,,,,,,,,-2.2339,3.8678,,74.624337,-21.374837,639.89,,,,,,,,,
2017-06-01,935.8135,3.222,59.6443,59.666,,3.0073,,,,310.9869,283.5615,183.157,196.7682,0.6681,264.5873,318.6715,,0.9995,,,2.4189,,,,,13.4905,,,,,,0.6981,0.1303,1.0982,3.1749,-3.1217,-6.271,-7.2687,-8.1202,,,,,,,,,,-2.8772,4.217,,74.624335,-21.374831,640.91,,,,,,,,,
2017-07-01,932.7554,6.1092,55.8842,55.9007,,3.7634,,,,274.8593,248.0922,85.9187,86.7777,0.3628,282.0514,322.8181,,1.8029,,,2.6784,,,,,12.7592,,,,,,2.9215,1.981,3.0693,4.8544,1.4226,-1.891,-3.7583,-7.3044,,,,,,,,,,-4.2319,4.8934,,74.624328,-21.374823,640.1,,,,,,,,,
2017-08-01,932.943,3.7263,55.0932,55.1651,,3.6061,,,,181.3557,,,,0.2916,261.2315,316.1223,,0.449,,,2.6268,,,,,11.4591,,,,,,1.2803,1.2881,1.6667,3.8783,0.0695,0.1971,-0.4222,-5.8394,,,,,,,,,,-1.8466,5.2755,,74.624315,-21.374804,638.09,,,,,,,,,
2017-09-01,933.484,-0.6312,70.5168,71.2648,,3.4141,,,,58.4974,41.9416,29.5333,,0.2774,280.8877,303.8471,,-2.4784,,,2.5824,,,,,11.1747,,,,,,-1.2901,-1.5405,-1.0465,0.3097,-2.1029,-2.189,-1.567,-4.559,,,,,,,,,,-1.2542,6.9769,,74.624307,-21.374796,636.59,,,,,,,,,
2017-10-01,931.1269,-5.4204,63.4132,65.7912,,4.5058,,,,13.9514,7.819,4.8246,4.2617,0.2774,247.7683,276.9135,,-8.7707,,,2.3894,,,,,11.1146,,,,,,-3.0378,-3.3317,-2.7921,-0.9934,-3.7944,-3.9709,-3.0258,-4.3327,,,,,,,,,,-1.4331,7.2089,,74.624306,-21.374758,635.81,,,,,,,,,
2017-11-01,,,61.6593,68.8768,,,,,,,0.1525,0.1605,0.0403,0.2774,,,,,,,2.3334,,,,,,,,,,,-6.7681,-6.9601,-6.5885,-4.5547,-7.5659,-7.795,-6.0667,-4.4723,,,,,,,,,,-1.6472,7.445,,74.624308,-21.374765,638.48,,,,,,,,,
2017-12-01,,,,,,,,,,,0.0,0.0,0.0,0.2774,,,,,,,,,,,,,,,,,,,,,,,,,,,,,,,,,,,-1.6798,7.2151,,,,,,,,,,,,,
2018-01-01,,,,,,,,,,,0.0,0.0,0.0,0.2774,,,,,,,,,,,,,,,,,,,,,,,,,,,,,,,,,,,-1.69,6.9753,,,,,,,,,,,,,
2018-02-01,,,59.5565,64.4594,,,,,,,,,,0.2774,,,,,,,,,,,,,,,,,,,,,,,,,,,,,,,,,,,-1.5146,6.1354,,74.624282,-21.374717,641.19,,,,,,,,,
2018-03-01,940.9395,-16.961,51.9058,60.3475,,3.2892,,,,59.7853,,,,0.2774,192.3075,228.4944,,-21.0155,,,1.3152,,,,,11.1046,,,,,,-9.1617,-9.4687,-8.902,-6.6153,-9.9707,-10.0219,-9.2575,-7.9991,,,,,,,,,,-1.6863,7.3492,,74.624282,-21.37476,635.03,,,,,,,,,
2018-04-01,934.8591,-12.2343,53.0984,58.5722,,2.8369,,,,172.4214,,,,0.4266,205.9159,250.3228,,-15.2584,,,1.4193,,,,,11.1725,,,,,,-9.2377,-9.5588,-8.9793,-6.7513,-9.9985,-9.995,-9.2864,-8.0734,,,,,,,,,,-1.6982,7.1855,,74.624284,-21.374737,635.82,,,,,,,,,
2018-05-01,927.6211,-4.7133,62.2641,64.6443,,3.2377,,,,278.7125,,,,0.8162,245.5464,287.6664,,-6.0965,,,1.1038,,,,,11.2176,,,,,,-8.3363,-8.6854,-8.0626,-5.8773,-9.063,-9.0506,-8.6234,-8.139,,,,,,,,,,-1.8551,6.9284,,74.624275,-21.374743,637.08,,,,,,,,,
2018-06-01,932.4365,-0.2162,66.4954,67.2,,2.1021,,,,346.8634,,,,0.7295,255.6297,310.6488,,-0.7697,,,1.3793,,,,,11.2135,,,,,,-2.8196,-3.5893,-2.4509,-0.3189,-3.3265,-3.923,-5.3399,-7.8914,,,,,,,,,,-1.7833,6.8586,,74.624276,-21.374736,637.05,,,,,,,,,
2018-07-01,930.7488,4.1942,61.2304,61.2304,,2.9103,,,,276.4338,181.528,126.0996,,0.6357,280.3376,320.8,,1.3716,,,2.2738,,,,,11.2091,,,,,,0.646,0.1604,0.9177,3.1001,-0.2948,-0.2431,-0.7704,-6.5174,,,,,,,,,,-1.8546,7.2639,,74.62428,-21.374742,636.97,,,,,,,,,
2018-08-01,931.2636,3.2261,63.463,63.5723,,3.1183,,,,177.5018,,,,0.3737,266.5323,316.0375,,0.3985,,,2.6738,,,,,10.8168,,,,,,1.3671,0.867,1.6387,3.8065,0.3347,0.2028,-0.0884,-4.7637,,,,,,,,,,-6.5666,6.9377,,74.624275,-21.374737,636.72,,,,,,,,,
2018-09-01,932.266,-4.1896,57.889,59.7134,,3.6022,,,,77.3019,,,,0.3583,230.9491,285.7283,,-6.4869,,,2.6807,,,,,10.5713,,,,,,-5.5912,-5.7013,-5.2221,-2.8615,-6.4259,-6.7062,-6.3861,-3.8493,,,,,,,,,,-6.9923,6.667,,74.624271,-21.374738,636.26,,,,,,,,,
2018-10-01,927.6765,-9.8893,61.1096,66.6202,,4.8279,,,,17.0424,6.3975,3.0728,3.0699,0.3583,225.3855,259.5565,,-12.8786,,,2.588,,,,,10.5673,,,,,,-10.8024,-11.0782,-10.3973,-9.0514,-11.2515,-11.5725,-11.1599,-6.0821,,,,,,,,,,-6.9395,6.8555,,74.624273,-21.374716,637.29,,,,,,,,,
2018-11-01,936.3208,-10.3175,52.8793,56.8593,,4.9216,,,,-1.9634,0.1755,0.1621,0.066,0.3583,215.0962,253.1669,,-14.6155,,,2.5348,,,,,10.5706,,,,,,-10.1003,-10.3309,-9.9358,-8.7027,-10.8756,-10.9167,-11.1179,-7.383,,,,,,,,,,-7.0309,6.9597,,74.624277,-21.374731,638.23,,,,,,,,,
2018-12-01,929.3173,-15.9387,48.4432,54.5958,,3.8342,,,,-2.6446,0.0,0.0,0.0,0.3583,182.5908,228.9516,,-20.9119,,,2.5586,,,,,10.5727,,,,,,-14.5962,-14.8987,-14.4109,-13.1871,-15.5211,-15.6654,-17.0278,-8.7975,,,,,,,,,,-7.0888,7.0574,,74.624268,-21.374766,639.1,,,,,,,,,
2019-01-01,931.7497,-17.9609,52.1268,59.6763,,4.2717,,,,-2.0548,0.0011,0.005,0.0001,0.3583,188.212,224.8587,,-22.2143,,,2.5406,,,,,,,,,,,-17.4609,-17.6265,-17.3627,-16.8482,-18.2457,-18.398,-18.8889,-11.1242,,,,,,,,,,-7.1443,7.1118,,74.624268,-21.374715,639.62,,,,,,,,,
2019-02-01,930.6461,-17.9219,51.2315,58.9859,,3.5879,,,,4.1266,2.1134,1.1086,,0.3583,188.1567,222.3994,,-22.8283,,,2.5518,,,,,,,,,,,-17.9609,-17.8787,-18.0063,-17.6003,-18.735,-19.0399,-19.7074,-12.8048,,,,,,,,,,-7.0862,7.0806,,74.624256,-21.374712,632.27,,,,,,,,,
2019-03-01,923.0668,-21.5201,44.4398,54.0184,,3.8227,,,,64.6764,,,,0.3583,168.5465,210.2254,,-26.1452,,,2.5199,,,,,,,,,,,-19.7505,-19.75,-19.7844,-19.5829,-20.7445,-21.0894,-21.9911,-14.1892,,,,,,,,,,-7.1131,7.1433,,74.624257,-21.374711,633.32,,,,,,,,,
2019-04-01,938.0736,-5.2836,49.8226,51.4938,,2.828,,,,156.0616,,,,0.5791,229.0492,271.7615,,-9.9994,,,2.4799,,,,,,,,,,,-15.7475,-16.1063,-15.579,-15.0486,-14.555,-13.947,-13.2323,-11.0962,,,,,,,,,,-6.8445,6.7213,,74.624257,-21.374715,636.65,,,,,,,,,
2019-05-01,947.2525,-3.6344,68.8762,71.0447,,1.939,,,,268.7599,174.3784,139.6498,,0.7797,244.6463,293.8004,,-4.6129,,,2.4643,,,,,,,,,,,-10.9596,-12.6047,-12.8444,-12.4755,-11.5956,-10.5797,-9.5088,-7.0864,,,,,,,,,,-6.7144,6.5356,,74.624253,-21.374706,637.11,,,,,,,,,
2019-06-01,941.5237,4.3578,57.8934,57.9214,,3.3693,,,,322.178,,,,0.4026,267.4869,319.1812,,1.088,,,2.6381,,,,,,,,,,,-1.7102,-6.3367,-8.9355,-10.1063,-10.3266,-10.0363,-9.4377,-7.3878,,,,,,,,,,-6.3437,6.8493,,74.624248,-21.374694,636.69,,,,,,,,,
2019-07-01,941.8898,7.2017,58.2312,58.2312,,4.3417,,,,278.3354,181.4772,40.6003,,0.2032,287.9135,323.9945,,2.0242,,,2.6211,,,,,,,,,,,2.4198,1.6312,-2.4589,-5.6133,-7.5485,-8.3855,-8.5636,-7.5546,,,,,,,,,,-4.8368,8.7075,,74.624234,-21.37466,635.32,,,,,,,,,
2019-08-01,938.7246,4.3809,60.8697,60.8778,,3.9179,,,,182.9977,,,,0.2477,272.1323,317.781,,0.75,,,2.6317,,,,,,,,,,,0.501,0.9539,0.8515,-0.8583,-3.5835,-5.6043,-6.8489,-7.354,,,,,,,,,,-4.6389,8.6619,,74.624221,-21.37464,633.11,,,,,,,,,
2019-09-01,934.1285,-1.1273,59.0669,59.9592,,4.0409,,,,71.1052,,,,0.2938,255.9866,297.439,,-3.8197,,,2.6329,,,,,,,,,,,-3.6944,-3.631,-3.789,-3.267,-3.193,-4.076,-5.1686,-6.7388,,,,,,,,,,-4.3621,7.7509,,74.624217,-21.374639,633.16,,,,,,,,,
2019-10-01,937.7504,-7.2502,47.5432,49.9664,,3.9402,,,,18.6484,4.4625,2.0697,,0.2938,212.0571,262.4009,,-12.0794,,,2.6447,,,,,,,,,,,-12.48,-12.5458,-12.729,-11.563,-7.6534,-5.976,-5.5417,-6.148,,,,,,,,,,-4.4638,8.0068,,74.624212,-21.37465,632.17,,,,,,,,,
2019-11-01,935.9753,-13.6061,51.2305,56.8071,,3.284,,,,-2.1392,0.1395,0.1653,0.0278,0.2938,199.9301,238.102,,-18.4495,,,2.6256,,,,,,,,,,,-17.9229,-18.0088,-18.0023,-17.3736,-13.5221,-10.4035,-8.2656,-6.1802,,,,,,,,,,-4.6074,8.2682,,74.624235,-21.374628,639.43,,,,,,,,,
2019-12-01,927.8808,-15.4275,54.2393,61.8177,,4.8595,,,,-2.2861,0.0,0.0,0.0,0.2938,196.1672,232.6545,,-19.9671,,,2.6066,,,,,,,,,,,-16.0754,-15.8389,-15.5408,-15.5512,-13.4205,-11.5237,-9.9233,-6.9239,,,,,,,,,,-4.6529,8.3478,,74.624215,-21.374637,634.48,,,,,,,,,
2020-01-01,917.9277,-15.1173,68.0628,77.8203,,6.5635,,,,-1.2634,0.0013,0.0024,0.0002,0.2938,219.7287,241.0041,,-17.8487,,,2.5513,,,,,6.7032,,,,,,-15.5018,-15.4093,-15.2434,-15.165,-13.8363,-12.2962,-10.8319,-7.6622,,,,,,,,,,-4.6791,1.3531,,74.624201,-21.374611,630.1,,,,,,,,,
2020-02-01,919.2514,-20.8694,48.488,57.4844,,4.8805,,,,4.654,2.009,3.8515,,0.2938,165.4873,212.4233,,-25.6326,,,2.518,,,,,6.7082,,,,,,-18.3015,-18.2381,-17.9382,-17.4589,-14.6459,-12.7559,-11.3172,-8.2343,,,,,,,,,,-4.7938,-15.4736,,74.624202,-21.374624,629.8,,,,,,,,,
2020-03-01,927.7601,-20.698,45.3172,53.912,,3.6288,,,,68.5911,43.0367,49.513,,0.2938,169.4394,212.6562,,-25.5241,,,2.508,,,,,6.7081,,,,,,-21.3152,-21.215,-20.8817,-20.5717,-17.5663,-14.8697,-12.7018,-8.7802,,,,,,,,,,-4.7694,-15.6488,,74.624222,-21.374647,636.97,,,,,,,,,
2020-04-01,934.998,-7.0713,41.9281,43.8063,,4.9018,,,,173.2664,141.0104,128.9563,,0.8985,210.5233,267.7906,,-10.7965,,,2.5805,,,,,6.698,,,,,,-13.7398,-13.7708,-13.9106,-14.1887,-15.4358,-14.875,-13.5748,-9.5428,,,,,,,,,,-4.5706,-17.1117,,74.624201,-21.374625,634.1,,,,,,,,,
2020-05-01,936.6701,-3.9577,64.8826,66.7511,,3.4415,,,,237.1173,220.4719,164.5517,164.2841,0.7398,246.6178,293.1837,,-4.8202,,,2.6234,,,,,6.6841,,,,,,-4.5551,-4.9268,-4.968,-5.0961,-8.7778,-10.8463,-11.607,-9.9271,,,,,,,,,,-4.5437,-17.5089,,74.624196,-21.374608,633.96,,,,,,,,,
2020-06-01,939.4538,3.2065,58.1935,58.3324,,3.2682,,,,293.2909,,,,0.4614,271.483,316.7554,,0.5226,,,2.5942,,,,,6.3222,,,,,,1.0455,1.2224,1.0156,1.3978,-2.3882,-5.7724,-8.1514,-9.4433,,,,,,,,,,-5.6334,-18.0865,,74.624194,-21.374593,635.43,,,,,,,,,
2020-07-01,937.2135,4.552,73.7855,73.7885,,3.174,,,,158.3204,150.5904,54.2569,54.3018,0.3628,323.2615,317.2291,,0.3033,,,2.6514,,,,,5.0289,,,,,,1.6673,1.7982,1.5277,1.624,1.3937,-1.0612,-4.1708,-8.2006,,,,,,,,,,-4.9498,-18.0671,,74.62418,-21.374558,631.04,,,,,,,,,
2020-08-01,933.0143,4.0792,65.925,65.9366,,3.996,,,,114.2162,101.085,57.1228,57.973,0.5253,308.1255,314.6874,,-0.1681,,,2.6178,,,,,4.0807,,,,,,0.3902,0.4983,0.3785,0.3378,0.3537,0.6898,-1.0603,-6.4427,,,,,,,,,,-4.0565,-17.9733,,74.624174,-21.374572,629.95,,,,,,,,,
2020-09-01,929.7836,-6.2795,57.238,60.29,,4.3936,,,,59.7302,51.412,54.6903,,0.8891,258.4865,273.8191,,-9.5427,,,2.606,,,,,3.8663,,,,,,-7.801,-7.891,-7.9531,-7.9232,-7.7966,-8.0811,-5.8153,-5.1603,,,,,,,,,,-4.1406,-17.098,,74.624168,-21.374575,631.04,,,,,,,,,
2020-10-01,938.2676,-8.2706,63.2513,66.8437,,3.4551,,,,9.6515,7.0122,10.891,,0.9196,249.5844,258.1212,,-13.6697,,,2.4611,,,,,3.8476,,,,,,-8.7881,-8.735,-8.8527,-8.7093,-8.8722,-8.7178,-8.2929,-5.9919,,,,,,,,,,-4.15,-16.9221,,74.624176,-21.374579,629.35,,,,,,,,,
2020-11-01,921.1645,-13.0043,55.1856,61.5102,,5.1622,,,,-1.8924,0.0963,0.1809,0.0032,0.9196,226.6555,237.7137,,-18.882,,,2.4084,,,,,3.8159,,,,,,-11.3421,-11.126,-11.1218,-11.0137,-11.1701,-11.0128,-10.4647,-6.9906,,,,,,,,,,-4.1998,-16.4801,,74.62417,-21.374574,629.88,,,,,,,,,
2020-12-01,934.9757,-15.2867,53.5389,61.1164,,4.2425,,,,-2.0301,0.0,0.0,0.0,0.9196,217.9632,226.7548,,-21.8355,,,2.3832,,,,,3.7968,,,,,,-13.6605,-13.451,-13.4688,-13.422,-13.5793,-13.4467,-12.6731,-8.0759,,,,,,,,,,-4.2076,-16.2716,,74.624159,-21.374545,629.9,,,,,,,,,
2021-01-01,938.7472,-15.3538,54.587,62.0248,,4.8674,,,,-1.8752,0.0033,0.0131,0.0,0.9196,219.2237,231.7792,,-20.3676,,,2.2969,,,,,3.7793,,,,,,-13.1363,-13.0401,-12.9766,-12.7657,-12.9953,-12.7907,-12.4707,-9.0339,,,,,,,,,,-4.2074,-16.2718,,74.624162,-21.374555,632.24,,,,,,,,,
2021-02-01,936.3202,-13.0987,66.2339,72.9228,,3.7089,,,,4.0356,2.6221,4.6564,,0.9196,238.5631,241.8181,,-18.0177,,,2.0747,,,,,3.7681,,,,,,-12.7294,-12.6185,-12.6211,-12.5107,-12.6541,-12.5421,-12.378,-9.5108,,,,,,,,,,-4.1685,-16.4765,,74.624151,-21.374566,626.15,,,,,,,,,
2021-03-01,927.9118,-17.1454,51.9257,58.9196,,4.7797,,,,46.8017,37.1497,52.9133,,0.9196,219.316,229.1235,,-21.2235,,,2.0461,,,,,3.7662,,,,,,-12.4246,-12.3445,-12.3852,-12.3136,-12.4174,-12.3345,-12.0336,-9.6805,,,,,,,,,,-4.2215,-16.4215,,74.624176,-21.374551,634.94,,,,,,,,,
2021-04-01,941.7942,-11.0798,46.8485,50.3302,,5.2664,,,,141.4433,129.0569,158.3519,,0.9481,230.6616,249.5326,,-15.7013,,,2.2742,,,,,3.7624,,,,,,-12.7313,-12.6536,-12.6381,-12.5501,-12.6632,-12.5924,-12.3381,-9.8665,,,,,,,,,,-4.1508,-18.3719,,74.624157,-21.374533,631.47,,,,,,,,,
2021-05-01,942.8458,-2.8863,55.455,56.9379,,2.9171,,,,242.5874,234.3861,256.8797,,0.9364,269.738,285.2083,,-6.8649,,,2.3237,,,,,3.7884,,,,,,-8.4152,-8.2704,-8.3598,-8.4952,-8.6276,-8.6658,-9.648,-9.8876,,,,,,,,,,-4.018,-19.1945,,74.624155,-21.374537,632.39,,,,,,,,,
2021-06-01,932.2354,3.5074,56.4423,56.4958,,3.237,,,,260.1673,257.5474,195.2023,175.4944,0.7041,300.5196,311.9945,,-0.7204,,,2.6333,,,,,3.6719,,,,,,0.3524,0.4941,0.3509,0.5183,0.2616,0.3487,-1.2077,-8.4202,,,,,,,,,,-5.6765,-19.5518,,74.624153,-21.374539,633.33,,,,,,,,,
2021-07-01,932.6783,6.5118,53.8147,53.8147,,4.1143,,,,254.2845,250.7903,89.2507,88.9856,0.3556,303.3259,318.5056,,0.7139,,,2.6616,,,,,2.4674,,,,,,1.7556,1.5523,1.6256,1.7145,1.8005,1.8449,2.1761,-5.287,,,,,,,,,,-8.1129,-19.6766,,74.624142,-21.374525,632.17,,,,,,,,,
2021-08-01,935.3718,5.0166,64.8061,64.8071,,2.8738,,,,163.4705,147.1742,48.5463,49.6575,0.3745,279.1394,320.5197,,1.32,,,2.682,,,,,1.1363,,,,,,0.14,0.3555,0.3168,0.2825,0.4355,0.4844,0.9534,-1.5691,,,,,,,,,,-8.8838,-19.5329,,74.624121,-21.374544,630.16,,,,,,,,,
2021-09-01,933.3442,-2.6416,66.9196,68.5577,,5.964,,,,61.7487,48.8614,42.3062,,0.8308,265.5362,294.8284,,-4.4561,,,2.4954,,,,,0.9087,,,,,,-2.6346,-2.3671,-2.7673,-2.843,-2.5944,-2.5209,-2.7268,-2.6278,,,,,,,,,,-8.367,-18.9282,,74.624119,-21.374524,628.77,,,,,,,,,
2021-10-01,938.2432,-9.3943,56.7561,61.2734,,4.1475,,,,15.8782,7.8158,11.5871,,0.9348,216.9751,257.4217,,-13.3956,,,2.5076,,,,,0.8162,,,,,,-7.1973,-7.0214,-7.4644,-7.8115,-7.6891,-7.601,-7.5764,-7.112,,,,,,,,,,-8.4519,-18.3743,,74.624128,-21.374493,632.94,,,,,,,,,
2021-11-01,933.6962,-15.8965,62.6972,71.6116,,5.2156,,,,-1.7436,0.1056,0.1809,0.0332,0.9348,199.9713,235.0604,,-19.3854,,,2.3699,,,,,0.7209,,,,,,-11.0564,-10.9249,-11.465,-11.9505,-12.045,-12.0814,-12.1828,-11.6181,,,,,,,,,,-8.5702,-17.8464,,74.624121,-21.374532,627.62,,,,,,,,,
2021-12-01,932.4005,-11.4288,54.945,60.2015,,4.3777,,,,-2.4303,0.0,0.0,0.0,0.9348,207.2026,247.1887,,-16.0586,,,2.3181,,,,,0.8142,,,,,,-11.8588,-11.7758,-12.2475,-12.5904,-12.7994,-12.8924,-13.0335,-12.7469,,,,,,,,,,-8.4291,-18.1906,,74.624115,-21.374501,626.9,,,,,,,,,
2022-01-01,922.8289,-16.7025,55.9337,64.1674,,4.5227,,,,-2.0176,0.0055,0.0071,0.0022,0.9348,196.5614,230.2346,,-20.6349,,,2.2948,,,,,0.756,,,,,,-13.4225,-13.3236,-13.6917,-14.0257,-14.169,-14.2957,-14.542,-14.2703,,,,,,,,,,-8.5105,-17.7786,,74.624113,-21.37452,625.45,,,,,,,,,
2022-02-01,927.022,-19.4582,45.5804,54.0815,,4.2247,,,,3.6705,1.4748,3.4571,,0.9348,167.3362,213.679,,-25.1679,,,2.1889,,,,,0.798,,,,,,-14.6348,-14.5321,-14.8678,-15.1717,-15.2754,-15.4338,-15.7218,-15.5584,,,,,,,,,,-8.5465,-17.5459,,74.624128,-21.374526,629.69,,,,,,,,,
2022-03-01,930.7786,-16.1254,57.931,65.7843,,3.7255,,,,57.5307,38.3023,45.0039,,0.9348,195.9141,233.7043,,-19.7518,,,2.0901,,,,,0.8379,,,,,,-14.7395,-14.6641,-14.9579,-15.1922,-15.2473,-15.3559,-15.564,-15.584,,,,,,,,,,-8.4829,-17.9098,,74.624108,-21.374511,626.95,,,,,,,,,
2022-04-01,942.0853,-14.0105,52.7558,58.9407,,2.3623,,,,159.7195,141.616,126.4008,,0.8981,208.4097,243.1805,,-17.1406,,,2.2397,2.5462,0.6535,0.6428,,,0.0513,,,,,-14.5117,-14.7063,-14.7422,-14.5715,-14.2731,-13.9447,-13.8041,-13.1761,,,,,,,,,,-5.3306,-12.0066,,74.62413,-21.374485,629.46,,,,13.75,,,,,
2022-05-01,,,44.5662,46.3702,,,,,,,,,,,,,,,,,,,,,,,0.0444,,,,,,,,,,,,,0.9923,1.9923,2.9923,3.9923,4.9923,5.9923,6.9923,9.9923,,,,,,,,74.624168,-21.37446,631.65,,,,,,
2022-06-01,,,58.5,58.5,,,,,,,,,,,,,,,,,,,,,,,,,,,,,,,,,,,,1.0208,2.0208,3.0208,4.0208,5.0208,6.0208,7.0208,10.0208,,,,,,,,74.624165,-21.374454,631.51,,,,,,
2022-07-01,,,,,,,,,,,,,,,,,,,,,,,,,,,,,,,,,,,,,,,,1.057,2.057,3.057,4.057,5.057,6.057,7.057,10.057,,,,,,,,74.624162,-21.374449,631.38,,,,,,
2022-08-01,,,,,,,,,,,,,,,,,,,,,,,,,,,,,,,,,,,,,,,,1.0938,2.0938,3.0938,4.0938,5.0938,6.0938,7.0938,10.0938,,,,,,,,74.624159,-21.374443,631.24,,,,,,
2022-09-01,,,,,,,,,,,,,,,,,,,,,,,,,,,,,,,,,,,,,,,,1.13,2.13,3.13,4.13,5.13,6.13,7.13,10.13,,,,,,,,74.624157,-21.374437,631.11,,,,,,
2022-10-01,,,,,,,,,,,,,,,,,,,,,,,,,,,,,,,,,,,,,,,,1.1661,2.1661,3.1661,4.1661,5.1661,6.1661,7.1661,10.1661,,,,,,,,74.624154,-21.374431,630.98,,,,,,
2022-11-01,,,,,,,,,,,,,,,,,,,,,,,,,,,,,,,,,,,,,,,,1.2023,2.2023,3.2023,4.2023,5.2023,6.2023,7.2023,10.2023,,,,,,,,74.624151,-21.374425,630.85,,,,,,
2022-12-01,,,,,,,,,,,,,,,,,,,,,,,,,,,,,,,,,,,,,,,,1.2385,2.2385,3.2385,4.2385,5.2385,6.2385,7.2385,10.2385,,,,,,,,74.624148,-21.374419,630.71,,,,,,
2023-01-01,,,,,,,,,,,,,,,,,,,,,,,,,,,,,,,,,,,,,,,,1.2753,2.2753,3.2753,4.2753,5.2753,6.2753,7.2753,10.2753,,,,,,,,74.624145,-21.374413,630.58,,,,,,
2023-02-01,,,,,,,,,,,,,,,,,,,,,,,,,,,,,,,,,,,,,,,,1.3103,2.3103,3.3103,4.3103,5.3103,6.3103,7.3103,10.3103,,,,,,,,74.624142,-21.374407,630.45,,,,,,
2023-03-01,,,,,,,,,,,,,,,,,,,,,,,,,,,,,,,,,,,,,,,,1.3452,2.3452,3.3452,4.3452,5.3452,6.3452,7.3452,10.3452,,,,,,,,74.624139,-21.374401,630.32,,,,,,
2023-04-01,,,47.3868,51.0534,,,,,,,,,,,,,,,,,2.1687,2.1349,0.6732,0.6629,,,0.2699,,,,,-12.6054,-12.733,-12.5089,-12.534,-12.1329,-11.28,-10.5011,-8.088,1.3215,2.3215,3.3215,4.3215,5.3215,6.3215,7.3215,10.3215,,,,,74.624144,-21.374356,630.95,74.624137,-21.374395,630.19,13.71,,,,,
2023-05-01,932.9389,-7.0494,59.6027,63.1685,1.4884,2.9591,339.6852,-0.7953,2.1484,325.2953,316.0088,251.7449,251.7449,0.8107,220.8415,276.3939,0.3332,-8.6723,-13.5411,15.1395,2.1694,2.141,0.6792,0.6704,7.9649,,0.2404,0.0407,0.1997,0.0,0.0,-10.1715,-10.6928,-9.8375,-11.0446,-11.2059,-10.7536,-10.2937,-8.2457,1.1865,2.1865,3.1865,4.1866,5.1866,6.1866,7.1865,10.1865,-8.3742,3.0192,-5.6804,183.42,74.624143,-21.374349,631.07,74.624134,-21.374389,630.05,14.1,-4.1431,-7.043,66.5476,247.4518,2.0696
2023-06-01,937.8889,3.171,62.961,63.1047,3.3246,3.0405,337.6265,-0.8148,1.9793,287.4869,285.216,187.437,187.437,0.674,278.7799,316.8119,0.4423,-0.7517,-7.7062,26.0772,2.3166,2.3308,0.9026,0.9091,7.9946,,-0.058,-0.134,0.0761,6.6,7.5986,-2.4226,-3.6992,-3.0082,-5.2533,-7.389,-7.3793,-7.6862,-6.6994,0.8882,1.8882,2.8882,3.8882,4.8882,5.8882,6.8882,9.8882,,2.821,-5.6114,184.26,74.624144,-21.374357,631.38,74.624131,-21.374383,629.92,14.19,5.5958,3.1561,64.5541,253.2442,1.8935
2023-07-01,942.5435,6.7046,64.8756,64.8756,4.249,3.6501,325.4128,-1.6711,2.4236,257.4061,256.2723,80.8519,80.8519,0.3093,288.3761,323.4525,0.356,0.0,1.3729,52.6063,2.553,2.5841,2.2604,2.2874,6.9531,7.7051,-1.5069,-1.5086,0.0017,2.4,2.4487,0.329,0.2474,0.237,0.3829,-0.4607,-1.8717,-3.8899,-5.2564,,,1.4392,2.4392,3.4392,4.4392,5.4392,8.4392,,0.452,-2.1013,200.01,74.624127,-21.374374,629.7,74.624128,-21.374377,629.79,14.12,7.6618,6.7065,66.1023,279.7678,2.3919
2023-08-01,939.3194,5.999,61.7767,61.7767,3.884,4.1429,323.8452,-2.1144,2.8937,169.0889,167.5833,44.9808,44.9808,0.261,285.8205,321.4844,0.3685,-0.0249,-6.0151,56.1122,2.5535,2.5813,3.4827,3.5206,5.5218,6.3039,-2.9098,-2.9113,0.0014,21.6,24.4358,0.1374,0.0062,0.0864,0.2637,,,0.11,-5.2119,,,,1.0363,2.0363,3.0363,4.0363,7.0363,,-2.7329,-2.8938,194.58,74.624118,-21.374377,628.54,74.624125,-21.374371,629.65,14.1,6.2175,6.026,63.0798,283.1014,2.815
2023-09-01,935.809,-3.131,62.9974,64.5272,2.1396,3.7968,344.9497,-0.8945,3.3267,65.7538,71.9875,36.5525,36.5525,,244.1571,289.9977,0.3939,-5.6346,-16.5592,26.2682,2.5917,2.5763,3.962,3.9388,4.9564,5.7713,-3.4392,-3.4461,0.0069,6.2,7.0503,-2.742,-6.0606,-5.7303,-5.837,-6.5428,-4.9412,-2.9378,-5.1259,,,,0.507,1.507,2.507,3.507,6.507,,-6.4991,0.6478,179.72,74.624115,-21.374376,628.2,74.624122,-21.374366,629.52,14.16,-3.1226,-3.0763,64.0914,253.7692,3.2531
2023-10-01,938.5664,-9.4333,60.124,65.3473,1.2302,4.0415,345.339,-0.8303,3.1735,12.5928,14.4607,10.1129,10.1129,,222.8455,257.8726,0.4494,-13.2658,-5.2724,38.4188,2.5949,2.5495,3.9616,3.8922,4.9928,5.7819,-3.4034,-3.4488,0.0454,0.0,0.0,-12.6936,-13.1039,-12.8497,-13.1968,-13.1707,-12.5431,-9.6414,-5.843,,,,0.5428,1.5428,2.5428,3.5428,6.5428,,-6.4985,0.6709,179.63,74.624113,-21.374366,628.9,74.624119,-21.37436,629.39,13.72,-9.7367,-9.4264,65.5234,262.0151,3.089
2023-11-01,935.5353,-12.7133,50.9443,55.8844,0.8835,4.5299,346.3887,-0.9992,4.1265,0.1901,0.1832,0.3837,0.3837,,198.5774,240.4988,0.3321,-17.8055,-4.6768,40.6952,2.5893,2.527,3.9444,3.8508,4.9844,5.8014,-3.3729,-3.4488,0.0759,0.0,0.0,-17.652,-15.3024,-16.1482,-17.5485,-17.1605,-16.6083,-13.407,-7.4467,,,,0.5733,1.5733,2.5733,3.5733,6.5733,,-6.5096,0.6738,179.53,74.624114,-21.374365,627.08,74.624117,-21.374354,629.25,12.76,-13.2501,-12.764,60.0446,278.1316,4.0734
2023-12-01,932.5423,-15.3622,60.3386,68.2699,0.8292,4.3518,351.6573,-0.5949,4.0566,0.0,0.0,0.0,0.0,,203.6756,235.1298,0.4925,-19.3862,-2.8427,33.4332,2.4838,2.4119,3.9055,3.7931,4.9728,5.8177,-3.2893,-3.4488,0.1595,0.0,0.0,-18.9203,-18.6592,-18.7743,-18.8056,-19.1917,-18.5308,-14.7445,-8.8341,,,,0.6569,1.6569,2.6569,3.6569,6.6569,,-6.5242,0.6943,178.94,74.624113,-21.374366,626.46,74.624114,-21.374348,629.12,12.54,-15.74,-15.3602,67.5939,231.8486,3.8987
2024-01-01,928.1423,-18.4615,60.1117,70.7294,0.6225,4.4966,359.0833,-0.0671,4.1914,,,,,,,,,,,,2.455,2.3703,3.9053,3.7705,4.9412,5.8287,-3.2518,-3.4488,0.197,0.0,0.0,-21.3851,-21.2864,-21.5741,-21.8081,-22.0969,-21.389,-18.1078,-10.3992,,,,0.6944,1.6944,2.6944,3.6944,6.6944,,-6.5255,0.7096,178.95,74.624112,-21.374357,627.35,74.624111,-21.374342,628.99,12.49,-18.7657,-18.435,70.4445,193.3082,3.9004
2024-02-01,925.9679,-17.148,51.4682,60.0691,0.5863,3.9985,351.4188,-0.549,3.6379,3.5162,3.7489,3.5158,3.5158,,187.8191,224.304,0.4023,-22.1756,-2.5959,39.7976,2.4701,2.3912,3.8888,3.7645,4.9324,5.8388,-3.2594,-3.4488,0.1894,0.0,0.0,-21.7003,-22.2515,-22.4986,-22.5957,-22.916,-22.3817,-18.9912,-11.571,,,,0.6868,1.6868,2.6868,3.6868,6.6868,,-6.5184,0.721,179.02,74.62411,-21.374355,628.44,74.624108,-21.374336,628.85,12.44,-17.5893,-17.1792,59.5763,232.2544,3.4364
2024-03-01,942.3177,-15.7373,51.4924,56.9817,0.7484,3.0409,341.1565,-0.8751,2.5643,56.3776,63.1978,47.7872,47.7781,,188.0375,228.0917,0.333,-21.3321,-2.3623,33.8204,2.4072,2.3361,3.8722,3.7578,5.106,5.8597,-3.2283,-3.4488,0.2205,0.0,0.0,-20.0076,-19.7576,-20.1342,-20.9256,-20.9542,-20.1275,-17.82,-12.27,,,,0.7179,1.7179,2.7179,3.7179,6.7179,,-6.4943,0.7208,179.21,74.624107,-21.374355,629.92,74.624105,-21.37433,628.72,13.21,-15.8067,-15.6952,58.6089,264.8928,2.4774
2024-04-01,939.8586,-8.7106,50.766,53.3122,1.2581,4.2697,350.2935,-0.6469,3.7818,155.0513,161.7571,124.3469,124.0722,0.7674,209.9121,260.5575,0.2725,-12.9121,-10.724,34.2228,2.3924,2.3534,2.7675,2.7059,7.8137,8.6184,-3.2081,-3.4488,0.2407,0.0,0.0,-15.1264,-16.0765,-16.0003,-14.8183,-14.4063,-13.9138,-13.8855,-10.6542,,,,1.9414,2.9414,3.9414,4.9413,7.9413,,-6.4675,0.7779,179.37,74.624109,-21.37435,631.01,74.624102,-21.374324,628.59,14.11,-7.7096,-8.7358,57.5127,241.3671,3.6046
2024-05-01,940.9125,-3.9456,59.327,61.4036,1.8384,3.6122,355.509,-0.1933,2.4615,256.0421,256.8448,204.6161,204.6072,0.8031,242.8754,289.2221,0.422,-5.7899,-21.7798,16.7456,2.3049,2.2881,0.7386,0.7333,12.921,13.6882,-3.0927,-3.4488,0.3561,0.0,0.0,-9.2668,-10.8406,-11.6692,-11.4086,-10.9905,-10.0404,-9.2379,-7.0892,1.1351,2.1351,3.1351,4.1351,5.1351,6.1351,7.135,10.1351,-7.1863,-6.4608,0.918,179.39,74.624109,-21.374337,631.28,74.624099,-21.374318,628.46,14.32,-1.8345,-3.9412,63.1488,202.9624,2.4152
2024-06-01,937.2768,2.2915,67.508,67.7197,3.3159,4.57,2.4397,0.1402,3.2904,252.5382,256.0842,136.4402,140.7146,0.5423,279.8134,316.0195,0.4854,-0.6811,-24.8533,27.2821,2.4864,2.4973,1.0466,1.0519,12.5562,13.5966,-3.3854,-3.522,0.1365,13.6,15.2067,-1.4243,-5.2925,-8.2372,-9.3243,-9.805,-9.4552,-9.0477,-7.3337,0.8423,1.8423,2.8423,3.8423,4.8423,5.8423,6.8423,9.8423,-7.2532,-5.2224,0.8245,178.83,74.62411,-21.374331,632.85,74.624097,-21.374312,628.32,14.17,4.0096,2.3014,69.8942,172.9768,3.266
2024-07-01,934.1359,6.2734,64.3994,64.3994,4.1628,3.1721,349.2748,-0.4406,2.326,238.2805,238.0441,63.8163,63.9648,0.2636,294.3414,322.8189,0.4396,-0.0001,-3.337,40.7958,2.5508,2.5799,2.1286,2.1525,11.1659,12.4879,-4.5503,-4.5925,0.0422,31.6,34.1672,0.1806,-0.0982,-2.7571,-5.6978,-7.5778,-8.1822,-8.3905,-7.4207,,0.7259,1.6774,2.6774,3.6774,4.6774,5.6774,8.6774,,-7.0098,0.5648,165.6,74.624102,-21.374337,633.07,74.624094,-21.374306,628.19,14.1,7.0852,6.262,67.6737,223.7316,2.2336
2024-08-01,930.8092,4.3083,62.0914,62.1138,3.505,4.5211,22.8938,1.4506,3.4351,146.8387,148.3399,49.4013,50.2327,0.3375,287.3691,318.7722,0.4662,-0.2061,-14.9433,41.7375,2.5635,2.584,3.1992,3.224,10.3345,11.4341,-5.5898,-5.6177,0.0279,45.0,50.9578,0.2907,0.2073,-0.0279,-1.9061,-4.5739,-6.0562,-6.9896,-7.2267,,,0.6379,1.6379,2.6379,3.6379,4.6379,7.6379,,-5.9679,-0.9831,154.24,74.624081,-21.374307,628.42,74.624091,-21.3743,628.06,14.02,4.4933,4.3067,63.5589,88.9354,3.4225
2024-09-01,940.7341,-2.3846,63.0994,64.4094,2.1998,4.0918,16.6688,1.027,3.4299,67.4297,66.7357,44.0591,44.0591,,251.4789,291.0738,0.4374,-5.3211,-17.5518,29.1295,2.5955,2.584,3.4765,3.461,10.3603,11.1719,-5.8691,-5.8722,0.0031,7.0,7.4207,-3.1999,-3.3941,-3.9262,-3.0706,-3.7296,-4.5956,-5.5815,-6.7407,,,0.3586,1.3586,2.3586,3.3586,4.3586,7.3586,,-5.6087,-1.4891,156.12,74.624074,-21.374277,628.19,74.624088,-21.374294,627.92,14.16,-2.3719,-2.3749,64.4096,113.6758,3.3995
2024-10-01,933.2552,-8.7317,53.9226,58.0492,1.1814,5.1385,13.8427,1.1501,4.6674,14.7784,14.5055,8.4958,8.4958,,218.3644,261.2456,0.38,-12.3779,-15.3083,40.5741,2.6164,2.5741,3.5323,3.4751,10.3254,11.1641,-5.8751,-5.8774,0.0023,0.0,0.0,-9.1998,-9.5936,-9.9369,-8.0214,-6.4915,-5.6665,-5.6357,-6.2297,,,0.3526,1.3526,2.3526,3.3526,4.3526,7.3526,,-5.6061,-1.5156,155.72,74.624073,-21.374261,627.22,74.624085,-21.374288,627.79,13.77,-9.2143,-8.7359,58.7367,108.708,4.6406
2024-11-01,934.6873,-12.9203,52.618,58.4978,0.8564,4.3987,16.3851,1.0766,3.6616,0.1552,0.1225,0.2973,0.2973,,199.8553,242.8951,0.3581,-17.1319,-6.9795,38.8787,2.6433,2.5796,3.5663,3.4804,10.3805,11.2059,-5.8796,-5.8823,0.0027,0.0,0.0,-13.0841,-13.6116,-14.5732,-11.9829,-9.5578,-7.7982,-6.9022,-6.1084,,,0.3481,1.3481,2.3481,3.3481,4.3481,7.3481,,-5.6202,-1.5252,155.45,74.624074,-21.374255,625.85,74.624082,-21.374282,627.66,12.82,-13.6015,-12.8935,59.089,111.1578,3.6773
2024-12-01,931.315,-15.6407,55.3568,63.6558,0.7043,4.337,18.8062,1.2125,3.5606,0.0,0.0,0.0,0.0,,198.0255,233.5012,0.4508,-19.6731,-4.2149,34.2859,2.6306,2.5538,3.5676,3.4635,10.391,11.2478,-5.8587,-5.8874,0.0287,0.0,0.0,-17.7731,-18.2114,-18.9553,-16.7639,-13.628,-10.7564,-8.905,-6.4549,,,0.369,1.369,2.369,3.369,4.369,7.369,,-5.6219,-1.5166,155.32,74.624072,-21.374253,625.41,74.624079,-21.374276,627.52,12.61,-16.209,-15.6676,62.5157,92.9703,3.5665
2025-01-01,933.3265,-16.2371,51.4867,58.1916,0.6816,3.9824,15.8228,0.9507,3.3546,0.0321,0.0321,0.0747,0.0747,,198.1878,229.7556,0.4686,-20.847,-3.6919,35.1933,2.6104,2.5307,3.593,3.4836,10.4197,11.2577,-5.8581,-5.8875,0.0294,0.0,0.0,-17.2471,-17.2806,-17.7235,-16.3199,-14.4511,-12.3158,-10.6227,-7.2181,,,0.3696,1.3696,2.3696,3.3696,4.3696,7.3696,,-5.6183,-1.5111,155.26,74.624071,-21.374241,624.65,74.624076,-21.37427,627.39,12.54,-16.8465,-16.2207,59.4496,104.6544,3.2925
2025-02-01,928.5426,-11.7282,63.831,70.4191,1.14,4.062,14.3197,0.775,3.0359,4.8854,4.3689,4.5868,4.5868,,222.0827,248.0428,0.5428,-16.0053,-3.5806,33.5143,2.4574,2.4036,3.4361,3.3612,10.4424,11.325,-5.7341,-5.8875,0.1534,0.0,0.0,-15.5467,-15.6267,-15.982,-15.279,-14.3409,-12.8387,-11.4717,-7.9734,,,0.4936,1.4936,2.4936,3.4936,4.4936,7.4936,,-5.5914,-1.5202,155.28,74.624068,-21.374238,625.89,74.624074,-21.374265,627.26,12.5,-12.231,-11.7329,67.9866,110.8723,2.9402
2025-03-01,932.9458,-15.9539,57.3803,65.1806,0.7441,4.2282,12.336,0.8079,3.6941,60.2259,58.6036,45.6901,45.6901,,195.79,232.6904,0.436,-19.9619,-4.0954,33.9813,2.3997,2.3281,3.4072,3.3055,10.5488,11.3904,-5.6684,-5.8875,0.2191,0.0,0.0,-14.784,-14.8307,-15.0938,-14.3822,-13.7235,-12.6084,-11.6058,-8.5511,,,0.5593,1.5593,2.5593,3.5593,4.5593,7.5593,,-5.5858,-1.5332,155.27,74.624065,-21.374236,626.26,74.624071,-21.374259,627.13,13.07,-15.9099,-15.9679,66.1288,123.3609,3.5769
2025-04-01,942.6939,-13.5352,51.1218,56.7729,0.7978,2.7379,4.2673,0.1728,2.3156,176.9506,176.6146,132.0145,132.0145,0.7405,193.0837,241.0854,0.3112,-17.638,-3.0096,25.6992,2.4166,2.3555,2.0569,1.998,10.746,11.4966,-5.6925,-5.8875,0.195,0.0,0.0,-15.2053,-15.3029,-15.6685,-14.9372,-14.0191,-12.7458,-11.7372,-8.9232,,,0.5352,1.5352,2.5352,3.5352,4.5352,7.5352,,-5.5634,-1.5488,155.36,74.624065,-21.374259,626.05,74.624068,-21.374253,627.0,14.07,-12.0321,-13.551,60.3605,148.0983,1.9368
2025-05-01,935.0599,-2.166,56.057,57.3754,2.053,4.0275,8.8764,0.4205,2.6928,280.1581,284.1182,211.4132,211.4132,0.7439,242.9918,293.1562,0.331,-5.1384,-22.877,29.8279,2.396,2.3865,0.5039,0.502,10.673,11.4949,-5.6972,-5.8875,0.1903,0.0,0.0,-7.7481,-7.7474,-8.2722,-10.0804,-11.9666,-12.066,-11.6449,-9.2164,,,0.5305,1.5305,2.5305,3.5305,4.5305,7.5305,,-5.5095,-1.5887,155.82,74.624068,-21.374275,626.49,74.624065,-21.374247,626.87,14.28,0.0427,-2.15,60.5859,140.4625,2.2955
2025-06-01,936.2503,1.0183,72.8155,73.2249,3.2625,,,,,300.8388,304.9965,189.9037,189.9037,0.6024,265.0845,311.7235,0.4118,-1.4848,,,2.4885,2.4932,0.6624,0.664,10.6112,11.422,-5.8561,-5.9322,0.0761,2.8,,-2.0304,-1.9529,-2.0334,-4.0302,-7.3185,-9.0211,-9.9044,-9.2345,,,0.3716,1.3716,2.3716,3.3716,4.3716,7.3716,,-5.0036,-1.0183,155.52,74.624067,-21.374272,626.18,74.624062,-21.374241,626.73,14.2,3.9259,0.9947,73.5853,140.0376,1.1964
2025-07-01,933.8982,6.0578,64.8453,64.8454,4.1375,,,,,269.8919,274.1689,94.1754,94.1754,0.3359,286.6319,323.0181,0.3714,-0.001,,,2.5054,2.5329,1.4094,1.4251,9.6148,10.4475,-6.8685,-6.8703,0.0019,3.8,,0.1737,0.2495,0.354,0.0719,-2.1598,-5.2864,-7.3979,-8.7386,,,,,1.3592,2.3592,3.3592,6.3592,,-8.0395,-0.1315,149.94,74.624065,-21.374252,627.33,74.624059,-21.374235,626.6,14.14,7.4152,6.0631,67.3826,134.7064,1.3629
2025-08-01,936.4761,4.6943,71.2281,71.2281,4.0797,3.7169,24.2827,1.2546,2.7809,153.0633,158.9011,51.0842,51.0842,0.335,296.7888,320.606,0.5585,-0.0273,,,2.5281,2.5498,2.43,2.4509,8.4711,9.2797,-8.0355,-8.0374,0.0018,29.0,,,,,,,,,,,,,,,1.1922,2.1922,5.1922,,-12.0618,-2.8415,146.2,74.624052,-21.374224,628.04,74.624057,-21.374229,626.46,14.07,5.0191,4.6961,72.2154,75.2713,2.3759
2025-09-01,939.1277,-1.8227,68.6126,69.8533,2.5046,,,,,84.0361,89.1055,40.3092,39.3043,,254.9552,295.0818,0.4475,-4.5246,,,2.5115,2.5183,2.744,2.7348,8.1683,8.9522,-8.3608,-8.3652,0.0044,3.6,,,,,,,,,,,,,,,0.8669,1.8669,4.8669,,-12.795,-1.7203,145.74,74.62405,-21.374207,627.52,74.624054,-21.374223,626.33,14.19,-1.7368,-1.8121,68.4642,,
2025-10-01,932.5508,-7.303,54.3975,57.779,1.3427,5.6118,26.2454,2.3512,4.7687,12.2922,11.987,8.6332,8.3016,,225.1882,265.6722,0.3882,-11.3315,,,,,2.7889,2.7509,8.0847,8.93,-8.3786,-8.3887,0.0101,0.0,0.0,,,,,,,,,,,,,,0.8491,1.8491,4.8491,,-12.7744,-1.8253,145.92,74.62405,-21.374207,626.69,74.624051,-21.374217,626.2,14.05,-7.7047,-7.3207,58.3123,56.7701,4.5162
2025-11-01,938.9986,-12.7855,50.1453,55.7497,0.8108,3.9892,19.0528,1.2488,3.6161,0.1963,0.1655,0.3887,0.3893,,196.5233,240.5107,0.3202,-17.6916,,,,,2.828,2.7606,8.1482,8.9333,-8.3859,-8.3898,0.004,0.0,0.0,,,,,,,,,,,,,,0.8418,1.8418,4.8418,,-12.7428,-1.9158,145.89,74.62405,-21.374207,625.29,74.624048,-21.374211,626.07,13.4,-13.5161,-12.8596,58.2879,49.9412,3.3612
2025-12-01,933.9213,-10.6754,53.8982,58.3032,1.0809,5.4382,25.4477,2.0683,4.3464,0.0,0.0,0.0,0.0,,211.0073,249.8959,0.3793,-15.4103,,,,,2.8216,2.7655,8.1526,8.9851,-8.3899,-8.3922,0.0023,1.6,1.804,,,,,,,,,,,,,,0.8378,1.8378,4.8378,,-12.719,-1.9372,145.8,74.624049,-21.374201,625.25,74.624045,-21.374205,625.93,12.98,-11.2922,-10.6884,57.441,56.1495,4.1011
2026-01-01,940.3374,-11.6307,55.0986,60.2159,0.9966,3.8597,17.025,0.9765,3.189,0.0062,0.0062,0.0964,0.0964,,206.9893,243.1385,0.3792,-17.1553,,,,,2.8181,2.7571,8.278,9.0505,-8.3818,-8.4005,0.0187,0.0,0.0,,,,,,,,,,,,,,0.8459,1.8459,4.8459,,-12.7091,-1.9649,145.73,74.624046,-21.374199,625.11,74.624042,-21.374199,625.8,12.74,-12.3706,-11.6393,58.8126,64.0885,2.9452
2026-02-01,936.1493,-17.5358,48.5938,55.9014,0.5546,4.4831,21.8679,1.5815,3.9405,3.9411,3.9005,3.5636,3.5636,,180.6588,222.0757,0.3363,-22.8035,,,,,2.8296,2.7367,8.246,9.0577,-8.3636,-8.4011,0.0375,0.0,0.0,,,,,,,,,,,,,,0.8641,1.8641,4.8641,,-12.7166,-1.9708,145.78,74.624046,-21.374198,625.76,74.624039,-21.374194,625.67,12.66,-18.1817,-17.5182,58.5401,47.2977,3.7864
2026-03-01,925.0518,-12.9516,62.2693,69.8094,0.9908,6.3261,34.8943,3.4011,4.8765,56.4596,54.0006,39.0698,37.1625,,216.6236,247.4066,0.5373,-16.0681,,,,,2.7024,2.6368,8.332,9.2473,-8.2646,-8.4011,0.1365,0.0,0.0,,,,,,,,,,,,,,0.9631,1.9631,4.9631,,-12.7432,-1.8842,145.5,74.624044,-21.374194,626.88,74.624037,-21.374188,625.54,13.37,-12.8853,-13.0181,67.1864,52.9638,4.697
2026-04-01,,,58.5226,71.1397,,,,,,,,,,,,,,,,,,,,,,,,,,,,,,,,,,,,,,,,,,,,,,,,,,,,,,,,,,,
